<?xml version="1.0" encoding="UTF-8" standalone="yes"?>
<p:sldLayout xmlns:a="http://schemas.openxmlformats.org/drawingml/2006/main" xmlns:r="http://schemas.openxmlformats.org/officeDocument/2006/relationships" xmlns:p="http://schemas.openxmlformats.org/presentationml/2006/main" preserve="1" userDrawn="1"><p:cSld name="总结页"><p:spTree><p:nvGrpSpPr><p:cNvPr id="1" name=""/><p:cNvGrpSpPr/><p:nvPr/></p:nvGrpSpPr><p:grpSpPr><a:xfrm><a:off x="0" y="0"/><a:ext cx="0" cy="0"/><a:chOff x="0" y="0"/><a:chExt cx="0" cy="0"/></a:xfrm></p:grpSpPr><p:sp><p:nvSpPr><p:cNvPr id="8" name="文本占位符 3"/><p:cNvSpPr><a:spLocks noGrp="1"/></p:cNvSpPr><p:nvPr><p:ph type="body" sz="quarter" idx="10" hasCustomPrompt="1"/></p:nvPr></p:nvSpPr><p:spPr><a:xfrm><a:off x="5126584" y="1463040"/><a:ext cx="5760538" cy="4511040"/></a:xfrm><a:prstGeom prst="rect"><a:avLst/></a:prstGeom></p:spPr><p:txBody><a:bodyPr anchor="ctr"/><a:lstStyle><a:lvl1pPr marL="342900" marR="0" indent="-342900" algn="l" defTabSz="914400" rtl="0" eaLnBrk="0" fontAlgn="base" latinLnBrk="0" hangingPunct="0"><a:lnSpc><a:spcPct val="200000"/></a:lnSpc><a:spcBef><a:spcPct val="20000"/></a:spcBef><a:spcAft><a:spcPct val="0"/></a:spcAft><a:buClrTx/><a:buSzTx/><a:buFont typeface="+mj-lt"/><a:buAutoNum type="arabicPeriod"/><a:defRPr sz="1800"><a:latin typeface="阿里巴巴普惠体" panose="00020600040101010101" pitchFamily="18" charset="-122"/><a:ea typeface="阿里巴巴普惠体" panose="00020600040101010101" pitchFamily="18" charset="-122"/><a:cs typeface="阿里巴巴普惠体" panose="00020600040101010101" pitchFamily="18" charset="-122"/></a:defRPr></a:lvl1pPr><a:lvl2pPr marL="609600" indent="0"><a:buNone/><a:defRPr/></a:lvl2pPr><a:lvl3pPr marL="1219200" indent="0"><a:buNone/><a:defRPr/></a:lvl3pPr><a:lvl4pPr marL="1828800" indent="0"><a:buNone/><a:defRPr/></a:lvl4pPr></a:lstStyle><a:p><a:pPr lvl="0"/><a:r><a:rPr lang="zh-CN" altLang="en-US" dirty="0"/><a:t>请输入正文内容</a:t></a:r><a:endParaRPr lang="en-US" altLang="zh-CN" dirty="0"/></a:p><a:p><a:pPr lvl="0"/><a:r><a:rPr lang="zh-CN" altLang="en-US" dirty="0"/><a:t>请输入正文内容</a:t></a:r><a:endParaRPr lang="en-US" altLang="zh-CN" dirty="0"/></a:p><a:p><a:pPr lvl="0"/><a:r><a:rPr lang="zh-CN" altLang="en-US" dirty="0"/><a:t>请输入正文内容</a:t></a:r><a:endParaRPr lang="en-US" altLang="zh-CN" dirty="0"/></a:p><a:p><a:pPr lvl="0"/><a:r><a:rPr lang="zh-CN" altLang="en-US" dirty="0"/><a:t>请输入正文内容</a:t></a:r><a:endParaRPr lang="en-US" altLang="zh-CN" dirty="0"/></a:p><a:p><a:pPr lvl="0"/><a:r><a:rPr lang="zh-CN" altLang="en-US" dirty="0"/><a:t>请输入正文内容</a:t></a:r><a:endParaRPr lang="en-US" altLang="zh-CN" dirty="0"/></a:p><a:p><a:pPr lvl="0"/><a:endParaRPr lang="zh-CN" altLang="en-US" dirty="0"/></a:p></p:txBody></p:sp><p:sp><p:nvSpPr><p:cNvPr id="10" name="标题占位符 1"/><p:cNvSpPr txBox="1"><a:spLocks noChangeArrowheads="1"/></p:cNvSpPr><p:nvPr userDrawn="1"/></p:nvSpPr><p:spPr bwMode="auto"><a:xfrm><a:off x="0" y="2889250"/><a:ext cx="5105400" cy="1079500"/></a:xfrm><a:prstGeom prst="rect"><a:avLst/></a:prstGeom><a:noFill/><a:ln><a:noFill/></a:ln></p:spPr><p:txBody><a:bodyPr lIns="91440" tIns="45720" rIns="91440" bIns="45720" anchor="ctr"/><a:lstStyle><a:lvl1pPr algn="l" rtl="0" fontAlgn="base"><a:lnSpc><a:spcPct val="90000"/></a:lnSpc><a:spcBef><a:spcPct val="0"/></a:spcBef><a:spcAft><a:spcPct val="0"/></a:spcAft><a:defRPr sz="3000"><a:solidFill><a:schemeClr val="tx1"/></a:solidFill><a:latin typeface="+mj-lt"/><a:ea typeface="+mj-ea"/><a:cs typeface="+mj-cs"/></a:defRPr></a:lvl1pPr><a:lvl2pPr algn="l" rtl="0" fontAlgn="base"><a:lnSpc><a:spcPct val="90000"/></a:lnSpc><a:spcBef><a:spcPct val="0"/></a:spcBef><a:spcAft><a:spcPct val="0"/></a:spcAft><a:defRPr sz="3000"><a:solidFill><a:schemeClr val="tx1"/></a:solidFill><a:latin typeface="Segoe UI Light" panose="020B0502040204020203" pitchFamily="34" charset="0"/><a:ea typeface="微软雅黑 Light" panose="020B0502040204020203" pitchFamily="34" charset="-122"/></a:defRPr></a:lvl2pPr><a:lvl3pPr algn="l" rtl="0" fontAlgn="base"><a:lnSpc><a:spcPct val="90000"/></a:lnSpc><a:spcBef><a:spcPct val="0"/></a:spcBef><a:spcAft><a:spcPct val="0"/></a:spcAft><a:defRPr sz="3000"><a:solidFill><a:schemeClr val="tx1"/></a:solidFill><a:latin typeface="Segoe UI Light" panose="020B0502040204020203" pitchFamily="34" charset="0"/><a:ea typeface="微软雅黑 Light" panose="020B0502040204020203" pitchFamily="34" charset="-122"/></a:defRPr></a:lvl3pPr><a:lvl4pPr algn="l" rtl="0" fontAlgn="base"><a:lnSpc><a:spcPct val="90000"/></a:lnSpc><a:spcBef><a:spcPct val="0"/></a:spcBef><a:spcAft><a:spcPct val="0"/></a:spcAft><a:defRPr sz="3000"><a:solidFill><a:schemeClr val="tx1"/></a:solidFill><a:latin typeface="Segoe UI Light" panose="020B0502040204020203" pitchFamily="34" charset="0"/><a:ea typeface="微软雅黑 Light" panose="020B0502040204020203" pitchFamily="34" charset="-122"/></a:defRPr></a:lvl4pPr><a:lvl5pPr algn="l" rtl="0" fontAlgn="base"><a:lnSpc><a:spcPct val="90000"/></a:lnSpc><a:spcBef><a:spcPct val="0"/></a:spcBef><a:spcAft><a:spcPct val="0"/></a:spcAft><a:defRPr sz="3000"><a:solidFill><a:schemeClr val="tx1"/></a:solidFill><a:latin typeface="Segoe UI Light" panose="020B0502040204020203" pitchFamily="34" charset="0"/><a:ea typeface="微软雅黑 Light" panose="020B0502040204020203" pitchFamily="34" charset="-122"/></a:defRPr></a:lvl5pPr><a:lvl6pPr marL="342900" algn="l" rtl="0" fontAlgn="base"><a:lnSpc><a:spcPct val="90000"/></a:lnSpc><a:spcBef><a:spcPct val="0"/></a:spcBef><a:spcAft><a:spcPct val="0"/></a:spcAft><a:defRPr sz="3000"><a:solidFill><a:schemeClr val="tx1"/></a:solidFill><a:latin typeface="Segoe UI Light" panose="020B0502040204020203" pitchFamily="34" charset="0"/><a:ea typeface="微软雅黑 Light" panose="020B0502040204020203" pitchFamily="34" charset="-122"/></a:defRPr></a:lvl6pPr><a:lvl7pPr marL="685800" algn="l" rtl="0" fontAlgn="base"><a:lnSpc><a:spcPct val="90000"/></a:lnSpc><a:spcBef><a:spcPct val="0"/></a:spcBef><a:spcAft><a:spcPct val="0"/></a:spcAft><a:defRPr sz="3000"><a:solidFill><a:schemeClr val="tx1"/></a:solidFill><a:latin typeface="Segoe UI Light" panose="020B0502040204020203" pitchFamily="34" charset="0"/><a:ea typeface="微软雅黑 Light" panose="020B0502040204020203" pitchFamily="34" charset="-122"/></a:defRPr></a:lvl7pPr><a:lvl8pPr marL="1028700" algn="l" rtl="0" fontAlgn="base"><a:lnSpc><a:spcPct val="90000"/></a:lnSpc><a:spcBef><a:spcPct val="0"/></a:spcBef><a:spcAft><a:spcPct val="0"/></a:spcAft><a:defRPr sz="3000"><a:solidFill><a:schemeClr val="tx1"/></a:solidFill><a:latin typeface="Segoe UI Light" panose="020B0502040204020203" pitchFamily="34" charset="0"/><a:ea typeface="微软雅黑 Light" panose="020B0502040204020203" pitchFamily="34" charset="-122"/></a:defRPr></a:lvl8pPr><a:lvl9pPr marL="1371600" algn="l" rtl="0" fontAlgn="base"><a:lnSpc><a:spcPct val="90000"/></a:lnSpc><a:spcBef><a:spcPct val="0"/></a:spcBef><a:spcAft><a:spcPct val="0"/></a:spcAft><a:defRPr sz="3000"><a:solidFill><a:schemeClr val="tx1"/></a:solidFill><a:latin typeface="Segoe UI Light" panose="020B0502040204020203" pitchFamily="34" charset="0"/><a:ea typeface="微软雅黑 Light" panose="020B0502040204020203" pitchFamily="34" charset="-122"/></a:defRPr></a:lvl9pPr></a:lstStyle><a:p><a:pPr algn="ctr"><a:defRPr/></a:pPr><a:r><a:rPr lang="zh-CN" altLang="en-US" sz="4800" kern="0"><a:solidFill><a:schemeClr val="bg1"/></a:solidFill><a:latin typeface="阿里巴巴普惠体" panose="00020600040101010101" pitchFamily="18" charset="-122"/><a:ea typeface="阿里巴巴普惠体" panose="00020600040101010101" pitchFamily="18" charset="-122"/><a:cs typeface="阿里巴巴普惠体" panose="00020600040101010101" pitchFamily="18" charset="-122"/></a:rPr><a:t>总结</a:t></a:r><a:endParaRPr lang="zh-TW" altLang="zh-CN" sz="4800" kern="0"><a:solidFill><a:schemeClr val="bg1"/></a:solidFill><a:latin typeface="阿里巴巴普惠体" panose="00020600040101010101" pitchFamily="18" charset="-122"/><a:ea typeface="阿里巴巴普惠体" panose="00020600040101010101" pitchFamily="18" charset="-122"/><a:cs typeface="阿里巴巴普惠体" panose="00020600040101010101" pitchFamily="18" charset="-122"/></a:endParaRPr></a:p></p:txBody></p:sp><p:grpSp><p:nvGrpSpPr><p:cNvPr id="9" name="组合 8"/><p:cNvGrpSpPr/><p:nvPr userDrawn="1"/></p:nvGrpSpPr><p:grpSpPr><a:xfrm><a:off x="710880" y="1928702"/><a:ext cx="3587349" cy="3036721"/><a:chOff x="864135" y="2246295"/><a:chExt cx="3587349" cy="3036721"/></a:xfrm></p:grpSpPr><p:sp><p:nvSpPr><p:cNvPr id="12" name="椭圆 11"/><p:cNvSpPr/><p:nvPr userDrawn="1"/></p:nvSpPr><p:spPr><a:xfrm><a:off x="1348310" y="4694927"/><a:ext cx="588089" cy="588089"/></a:xfrm><a:prstGeom prst="ellipse"><a:avLst/></a:prstGeom><a:noFill/><a:ln w="12700"><a:solidFill><a:schemeClr val="bg1"><a:lumMod val="75000"/></a:schemeClr></a:solidFill><a:prstDash val="solid"/></a:ln></p:spPr><p:style><a:lnRef idx="2"><a:schemeClr val="accent1"><a:shade val="50000"/></a:schemeClr></a:lnRef><a:fillRef idx="1"><a:schemeClr val="accent1"/></a:fillRef><a:effectRef idx="0"><a:schemeClr val="accent1"/></a:effectRef><a:fontRef idx="minor"><a:schemeClr val="lt1"/></a:fontRef></p:style><p:txBody><a:bodyPr rtlCol="0" anchor="ctr"/><a:lstStyle/><a:p><a:pPr algn="ctr"/><a:endParaRPr lang="zh-CN" altLang="en-US"/></a:p></p:txBody></p:sp><p:sp><p:nvSpPr><p:cNvPr id="13" name="椭圆 12"/><p:cNvSpPr/><p:nvPr userDrawn="1"/></p:nvSpPr><p:spPr><a:xfrm><a:off x="2962055" y="4101828"/><a:ext cx="926888" cy="926888"/></a:xfrm><a:prstGeom prst="ellipse"><a:avLst/></a:prstGeom><a:solidFill><a:srgbClr val="515151"><a:alpha val="63000"/></a:srgbClr></a:solidFill><a:ln><a:noFill/></a:ln></p:spPr><p:style><a:lnRef idx="2"><a:schemeClr val="accent1"><a:shade val="50000"/></a:schemeClr></a:lnRef><a:fillRef idx="1"><a:schemeClr val="accent1"/></a:fillRef><a:effectRef idx="0"><a:schemeClr val="accent1"/></a:effectRef><a:fontRef idx="minor"><a:schemeClr val="lt1"/></a:fontRef></p:style><p:txBody><a:bodyPr rtlCol="0" anchor="ctr"/><a:lstStyle/><a:p><a:pPr algn="ctr"/><a:endParaRPr lang="zh-CN" altLang="en-US"/></a:p></p:txBody></p:sp><p:sp><p:nvSpPr><p:cNvPr id="14" name="椭圆 13"/><p:cNvSpPr/><p:nvPr userDrawn="1"/></p:nvSpPr><p:spPr><a:xfrm><a:off x="2860808" y="2695667"/><a:ext cx="1590676" cy="1590676"/></a:xfrm><a:prstGeom prst="ellipse"><a:avLst/></a:prstGeom><a:noFill/><a:ln w="12700"><a:solidFill><a:srgbClr val="515151"/></a:solidFill><a:prstDash val="lgDash"/></a:ln></p:spPr><p:style><a:lnRef idx="2"><a:schemeClr val="accent1"><a:shade val="50000"/></a:schemeClr></a:lnRef><a:fillRef idx="1"><a:schemeClr val="accent1"/></a:fillRef><a:effectRef idx="0"><a:schemeClr val="accent1"/></a:effectRef><a:fontRef idx="minor"><a:schemeClr val="lt1"/></a:fontRef></p:style><p:txBody><a:bodyPr rtlCol="0" anchor="ctr"/><a:lstStyle/><a:p><a:pPr algn="ctr"/><a:endParaRPr lang="zh-CN" altLang="en-US"/></a:p></p:txBody></p:sp><p:sp><p:nvSpPr><p:cNvPr id="19" name="椭圆 18"/><p:cNvSpPr/><p:nvPr userDrawn="1"/></p:nvSpPr><p:spPr><a:xfrm><a:off x="1642355" y="2871191"/><a:ext cx="1924945" cy="1895739"/></a:xfrm><a:prstGeom prst="ellipse"><a:avLst/></a:prstGeom><a:solidFill><a:schemeClr val="bg1"/></a:solidFill><a:ln w="114300"><a:solidFill><a:srgbClr val="AD2B26"/></a:solidFill></a:ln></p:spPr><p:style><a:lnRef idx="2"><a:schemeClr val="accent1"><a:shade val="50000"/></a:schemeClr></a:lnRef><a:fillRef idx="1"><a:schemeClr val="accent1"/></a:fillRef><a:effectRef idx="0"><a:schemeClr val="accent1"/></a:effectRef><a:fontRef idx="minor"><a:schemeClr val="lt1"/></a:fontRef></p:style><p:txBody><a:bodyPr rtlCol="0" anchor="ctr"/><a:lstStyle/><a:p><a:pPr algn="ctr"/><a:endParaRPr lang="zh-CN" altLang="en-US"/></a:p></p:txBody></p:sp><p:sp><p:nvSpPr><p:cNvPr id="16" name="椭圆 15"/><p:cNvSpPr/><p:nvPr userDrawn="1"/></p:nvSpPr><p:spPr><a:xfrm><a:off x="864135" y="2246295"/><a:ext cx="804338" cy="804338"/></a:xfrm><a:prstGeom prst="ellipse"><a:avLst/></a:prstGeom><a:solidFill><a:schemeClr val="bg1"><a:lumMod val="95000"/><a:alpha val="70000"/></a:schemeClr></a:solidFill><a:ln><a:noFill/></a:ln></p:spPr><p:style><a:lnRef idx="2"><a:schemeClr val="accent1"><a:shade val="50000"/></a:schemeClr></a:lnRef><a:fillRef idx="1"><a:schemeClr val="accent1"/></a:fillRef><a:effectRef idx="0"><a:schemeClr val="accent1"/></a:effectRef><a:fontRef idx="minor"><a:schemeClr val="lt1"/></a:fontRef></p:style><p:txBody><a:bodyPr rtlCol="0" anchor="ctr"/><a:lstStyle/><a:p><a:pPr algn="ctr"/><a:endParaRPr lang="zh-CN" altLang="en-US"/></a:p></p:txBody></p:sp><p:sp><p:nvSpPr><p:cNvPr id="17" name="椭圆 16"/><p:cNvSpPr/><p:nvPr userDrawn="1"/></p:nvSpPr><p:spPr><a:xfrm><a:off x="3257550" y="2352674"/><a:ext cx="314325" cy="314325"/></a:xfrm><a:prstGeom prst="ellipse"><a:avLst/></a:prstGeom><a:solidFill><a:srgbClr val="49504F"/></a:solidFill><a:ln><a:noFill/></a:ln></p:spPr><p:style><a:lnRef idx="2"><a:schemeClr val="accent1"><a:shade val="50000"/></a:schemeClr></a:lnRef><a:fillRef idx="1"><a:schemeClr val="accent1"/></a:fillRef><a:effectRef idx="0"><a:schemeClr val="accent1"/></a:effectRef><a:fontRef idx="minor"><a:schemeClr val="lt1"/></a:fontRef></p:style><p:txBody><a:bodyPr rtlCol="0" anchor="ctr"/><a:lstStyle/><a:p><a:pPr algn="ctr"/><a:endParaRPr lang="zh-CN" altLang="en-US"/></a:p></p:txBody></p:sp><p:sp><p:nvSpPr><p:cNvPr id="18" name="标题占位符 1"/><p:cNvSpPr txBox="1"><a:spLocks noChangeArrowheads="1"/></p:cNvSpPr><p:nvPr userDrawn="1"/></p:nvSpPr><p:spPr bwMode="auto"><a:xfrm><a:off x="1822066" y="3328761"/><a:ext cx="1567542" cy="1079500"/></a:xfrm><a:prstGeom prst="rect"><a:avLst/></a:prstGeom><a:noFill/><a:ln><a:noFill/></a:ln></p:spPr><p:txBody><a:bodyPr lIns="91440" tIns="45720" rIns="91440" bIns="45720" anchor="ctr"/><a:lstStyle><a:lvl1pPr algn="l" rtl="0" fontAlgn="base"><a:lnSpc><a:spcPct val="90000"/></a:lnSpc><a:spcBef><a:spcPct val="0"/></a:spcBef><a:spcAft><a:spcPct val="0"/></a:spcAft><a:defRPr sz="3000"><a:solidFill><a:schemeClr val="tx1"/></a:solidFill><a:latin typeface="+mj-lt"/><a:ea typeface="+mj-ea"/><a:cs typeface="+mj-cs"/></a:defRPr></a:lvl1pPr><a:lvl2pPr algn="l" rtl="0" fontAlgn="base"><a:lnSpc><a:spcPct val="90000"/></a:lnSpc><a:spcBef><a:spcPct val="0"/></a:spcBef><a:spcAft><a:spcPct val="0"/></a:spcAft><a:defRPr sz="3000"><a:solidFill><a:schemeClr val="tx1"/></a:solidFill><a:latin typeface="Segoe UI Light" panose="020B0502040204020203" pitchFamily="34" charset="0"/><a:ea typeface="微软雅黑 Light" panose="020B0502040204020203" pitchFamily="34" charset="-122"/></a:defRPr></a:lvl2pPr><a:lvl3pPr algn="l" rtl="0" fontAlgn="base"><a:lnSpc><a:spcPct val="90000"/></a:lnSpc><a:spcBef><a:spcPct val="0"/></a:spcBef><a:spcAft><a:spcPct val="0"/></a:spcAft><a:defRPr sz="3000"><a:solidFill><a:schemeClr val="tx1"/></a:solidFill><a:latin typeface="Segoe UI Light" panose="020B0502040204020203" pitchFamily="34" charset="0"/><a:ea typeface="微软雅黑 Light" panose="020B0502040204020203" pitchFamily="34" charset="-122"/></a:defRPr></a:lvl3pPr><a:lvl4pPr algn="l" rtl="0" fontAlgn="base"><a:lnSpc><a:spcPct val="90000"/></a:lnSpc><a:spcBef><a:spcPct val="0"/></a:spcBef><a:spcAft><a:spcPct val="0"/></a:spcAft><a:defRPr sz="3000"><a:solidFill><a:schemeClr val="tx1"/></a:solidFill><a:latin typeface="Segoe UI Light" panose="020B0502040204020203" pitchFamily="34" charset="0"/><a:ea typeface="微软雅黑 Light" panose="020B0502040204020203" pitchFamily="34" charset="-122"/></a:defRPr></a:lvl4pPr><a:lvl5pPr algn="l" rtl="0" fontAlgn="base"><a:lnSpc><a:spcPct val="90000"/></a:lnSpc><a:spcBef><a:spcPct val="0"/></a:spcBef><a:spcAft><a:spcPct val="0"/></a:spcAft><a:defRPr sz="3000"><a:solidFill><a:schemeClr val="tx1"/></a:solidFill><a:latin typeface="Segoe UI Light" panose="020B0502040204020203" pitchFamily="34" charset="0"/><a:ea typeface="微软雅黑 Light" panose="020B0502040204020203" pitchFamily="34" charset="-122"/></a:defRPr></a:lvl5pPr><a:lvl6pPr marL="342900" algn="l" rtl="0" fontAlgn="base"><a:lnSpc><a:spcPct val="90000"/></a:lnSpc><a:spcBef><a:spcPct val="0"/></a:spcBef><a:spcAft><a:spcPct val="0"/></a:spcAft><a:defRPr sz="3000"><a:solidFill><a:schemeClr val="tx1"/></a:solidFill><a:latin typeface="Segoe UI Light" panose="020B0502040204020203" pitchFamily="34" charset="0"/><a:ea typeface="微软雅黑 Light" panose="020B0502040204020203" pitchFamily="34" charset="-122"/></a:defRPr></a:lvl6pPr><a:lvl7pPr marL="685800" algn="l" rtl="0" fontAlgn="base"><a:lnSpc><a:spcPct val="90000"/></a:lnSpc><a:spcBef><a:spcPct val="0"/></a:spcBef><a:spcAft><a:spcPct val="0"/></a:spcAft><a:defRPr sz="3000"><a:solidFill><a:schemeClr val="tx1"/></a:solidFill><a:latin typeface="Segoe UI Light" panose="020B0502040204020203" pitchFamily="34" charset="0"/><a:ea typeface="微软雅黑 Light" panose="020B0502040204020203" pitchFamily="34" charset="-122"/></a:defRPr></a:lvl7pPr><a:lvl8pPr marL="1028700" algn="l" rtl="0" fontAlgn="base"><a:lnSpc><a:spcPct val="90000"/></a:lnSpc><a:spcBef><a:spcPct val="0"/></a:spcBef><a:spcAft><a:spcPct val="0"/></a:spcAft><a:defRPr sz="3000"><a:solidFill><a:schemeClr val="tx1"/></a:solidFill><a:latin typeface="Segoe UI Light" panose="020B0502040204020203" pitchFamily="34" charset="0"/><a:ea typeface="微软雅黑 Light" panose="020B0502040204020203" pitchFamily="34" charset="-122"/></a:defRPr></a:lvl8pPr><a:lvl9pPr marL="1371600" algn="l" rtl="0" fontAlgn="base"><a:lnSpc><a:spcPct val="90000"/></a:lnSpc><a:spcBef><a:spcPct val="0"/></a:spcBef><a:spcAft><a:spcPct val="0"/></a:spcAft><a:defRPr sz="3000"><a:solidFill><a:schemeClr val="tx1"/></a:solidFill><a:latin typeface="Segoe UI Light" panose="020B0502040204020203" pitchFamily="34" charset="0"/><a:ea typeface="微软雅黑 Light" panose="020B0502040204020203" pitchFamily="34" charset="-122"/></a:defRPr></a:lvl9pPr></a:lstStyle><a:p><a:pPr algn="ctr"/><a:r><a:rPr lang="zh-CN" altLang="en-US" sz="4000"><a:latin typeface="阿里巴巴普惠体" panose="00020600040101010101" pitchFamily="18" charset="-122"/><a:ea typeface="阿里巴巴普惠体" panose="00020600040101010101" pitchFamily="18" charset="-122"/><a:cs typeface="阿里巴巴普惠体" panose="00020600040101010101" pitchFamily="18" charset="-122"/></a:rPr><a:t>总结</a:t></a:r></a:p></p:txBody></p:sp></p:grpSp><p:sp><p:nvSpPr><p:cNvPr id="21" name="标题 1"/><p:cNvSpPr><a:spLocks noGrp="1"/></p:cNvSpPr><p:nvPr><p:ph type="title" hasCustomPrompt="1"/></p:nvPr></p:nvSpPr><p:spPr><a:xfrm><a:off x="710880" y="234029"/><a:ext cx="8771021" cy="517190"/></a:xfrm><a:prstGeom prst="rect"><a:avLst/></a:prstGeom></p:spPr><p:txBody><a:bodyPr anchor="ctr" anchorCtr="0"/><a:lstStyle><a:lvl1pPr><a:defRPr lang="zh-CN" altLang="en-US" sz="2400" i="0" dirty="0"><a:solidFill><a:schemeClr val="tx1"><a:lumMod val="65000"/><a:lumOff val="35000"/></a:schemeClr></a:solidFill><a:latin typeface="Alibaba PuHuiTi B" pitchFamily="18" charset="-122"/><a:ea typeface="Alibaba PuHuiTi B" pitchFamily="18" charset="-122"/><a:cs typeface="Alibaba PuHuiTi B" pitchFamily="18" charset="-122"/></a:defRPr></a:lvl1pPr></a:lstStyle><a:p><a:pPr lvl="0"/><a:r><a:rPr lang="zh-CN" altLang="en-US" dirty="0"/><a:t>正文一级标题</a:t></a:r><a:r><a:rPr lang="en-US" altLang="zh-CN" dirty="0"/><a:t>-</a:t></a:r><a:r><a:rPr lang="zh-CN" altLang="en-US" dirty="0"/><a:t>阿里巴巴普惠体</a:t></a:r><a:r><a:rPr lang="en-US" altLang="zh-CN" dirty="0"/><a:t>24</a:t></a:r><a:r><a:rPr lang="zh-CN" altLang="en-US" dirty="0"/><a:t>号</a:t></a:r></a:p></p:txBody></p:sp></p:spTree></p:cSld><p:clrMapOvr><a:masterClrMapping/></p:clrMapOvr></p:sldLayout>