<?xml version="1.0" encoding="UTF-8" standalone="yes"?>
<p:sldLayout xmlns:a="http://schemas.openxmlformats.org/drawingml/2006/main" xmlns:r="http://schemas.openxmlformats.org/officeDocument/2006/relationships" xmlns:p="http://schemas.openxmlformats.org/presentationml/2006/main" preserve="1" userDrawn="1"><p:cSld name="目录版式"><p:spTree><p:nvGrpSpPr><p:cNvPr id="1" name=""/><p:cNvGrpSpPr/><p:nvPr/></p:nvGrpSpPr><p:grpSpPr><a:xfrm><a:off x="0" y="0"/><a:ext cx="0" cy="0"/><a:chOff x="0" y="0"/><a:chExt cx="0" cy="0"/></a:xfrm></p:grpSpPr><p:sp><p:nvSpPr><p:cNvPr id="8" name="文本占位符 7"/><p:cNvSpPr><a:spLocks noGrp="1"/></p:cNvSpPr><p:nvPr><p:ph type="body" sz="quarter" idx="10"/></p:nvPr></p:nvSpPr><p:spPr><a:xfrm><a:off x="5019358" y="1006475"/><a:ext cx="5973761" cy="4256405"/></a:xfrm><a:prstGeom prst="rect"><a:avLst/></a:prstGeom></p:spPr><p:txBody><a:bodyPr anchor="ctr"/><a:lstStyle><a:lvl1pPr marL="457200" marR="0" indent="-457200" algn="l" defTabSz="914400" rtl="0" eaLnBrk="0" fontAlgn="base" latinLnBrk="0" hangingPunct="0"><a:lnSpc><a:spcPct val="200000"/></a:lnSpc><a:spcBef><a:spcPct val="20000"/></a:spcBef><a:spcAft><a:spcPct val="0"/></a:spcAft><a:buClrTx/><a:buSzTx/><a:buFont typeface="Wingdings" panose="05000000000000000000" pitchFamily="2" charset="2"/><a:buChar char="u"/><a:defRPr sz="1800"><a:solidFill><a:schemeClr val="tx1"><a:lumMod val="75000"/><a:lumOff val="25000"/></a:schemeClr></a:solidFill></a:defRPr></a:lvl1pPr></a:lstStyle><a:p><a:pPr lvl="0"/><a:r><a:rPr kumimoji="1" lang="zh-CN" altLang="en-US" dirty="0"/><a:t>单击此处编辑母版文本样式</a:t></a:r><a:endParaRPr kumimoji="1" lang="en-US" altLang="zh-CN" dirty="0"/></a:p><a:p><a:pPr lvl="0"/><a:r><a:rPr kumimoji="1" lang="zh-CN" altLang="en-US" dirty="0"/><a:t>根据实际内容可调整文字高低的位置</a:t></a:r><a:endParaRPr kumimoji="1" lang="en-US" altLang="zh-CN" dirty="0"/></a:p><a:p><a:pPr marL="457200" marR="0" lvl="0" indent="-457200" algn="l" defTabSz="914400" rtl="0" eaLnBrk="0" fontAlgn="base" latinLnBrk="0" hangingPunct="0"><a:lnSpc><a:spcPct val="200000"/></a:lnSpc><a:spcBef><a:spcPct val="20000"/></a:spcBef><a:spcAft><a:spcPct val="0"/></a:spcAft><a:buClrTx/><a:buSzTx/><a:buFont typeface="Wingdings" panose="05000000000000000000" pitchFamily="2" charset="2"/><a:buChar char="u"/><a:defRPr/></a:pPr><a:r><a:rPr kumimoji="1" lang="zh-CN" altLang="en-US" dirty="0"/><a:t>此内容上下居中对齐，可根据实际情况微调位置和字体大小</a:t></a:r></a:p><a:p><a:pPr lvl="0"/><a:endParaRPr kumimoji="1" lang="zh-CN" altLang="en-US" dirty="0"/></a:p></p:txBody></p:sp></p:spTree></p:cSld><p:clrMapOvr><a:masterClrMapping/></p:clrMapOvr></p:sldLayout>