<?xml version="1.0" encoding="UTF-8" standalone="yes"?>
<p:sldLayout xmlns:a="http://schemas.openxmlformats.org/drawingml/2006/main" xmlns:r="http://schemas.openxmlformats.org/officeDocument/2006/relationships" xmlns:p="http://schemas.openxmlformats.org/presentationml/2006/main" preserve="1" userDrawn="1"><p:cSld name="练习"><p:spTree><p:nvGrpSpPr><p:cNvPr id="1" name=""/><p:cNvGrpSpPr/><p:nvPr/></p:nvGrpSpPr><p:grpSpPr><a:xfrm><a:off x="0" y="0"/><a:ext cx="0" cy="0"/><a:chOff x="0" y="0"/><a:chExt cx="0" cy="0"/></a:xfrm></p:grpSpPr><p:sp><p:nvSpPr><p:cNvPr id="4" name="标题 1"/><p:cNvSpPr><a:spLocks noGrp="1"/></p:cNvSpPr><p:nvPr><p:ph type="title" hasCustomPrompt="1"/></p:nvPr></p:nvSpPr><p:spPr><a:xfrm><a:off x="710880" y="234029"/><a:ext cx="8771021" cy="517190"/></a:xfrm><a:prstGeom prst="rect"><a:avLst/></a:prstGeom></p:spPr><p:txBody><a:bodyPr anchor="ctr" anchorCtr="0"/><a:lstStyle><a:lvl1pPr><a:defRPr lang="zh-CN" altLang="en-US" sz="2400" b="1" i="0" dirty="0"><a:solidFill><a:schemeClr val="tx1"><a:lumMod val="65000"/><a:lumOff val="35000"/></a:schemeClr></a:solidFill><a:latin typeface="Alibaba PuHuiTi B" pitchFamily="18" charset="-122"/><a:ea typeface="Alibaba PuHuiTi B" pitchFamily="18" charset="-122"/><a:cs typeface="Alibaba PuHuiTi B" pitchFamily="18" charset="-122"/></a:defRPr></a:lvl1pPr></a:lstStyle><a:p><a:pPr lvl="0"/><a:r><a:rPr lang="zh-CN" altLang="en-US" dirty="0"/><a:t>正文一级标题</a:t></a:r><a:r><a:rPr lang="en-US" altLang="zh-CN" dirty="0"/><a:t>-</a:t></a:r><a:r><a:rPr lang="zh-CN" altLang="en-US" dirty="0"/><a:t>阿里巴巴普惠体</a:t></a:r><a:r><a:rPr lang="en-US" altLang="zh-CN" dirty="0"/><a:t>24</a:t></a:r><a:r><a:rPr lang="zh-CN" altLang="en-US" dirty="0"/><a:t>号</a:t></a:r></a:p></p:txBody></p:sp><p:grpSp><p:nvGrpSpPr><p:cNvPr id="6" name="组合 5"/><p:cNvGrpSpPr/><p:nvPr userDrawn="1"/></p:nvGrpSpPr><p:grpSpPr><a:xfrm><a:off x="806306" y="968974"/><a:ext cx="1228476" cy="528956"/><a:chOff x="852891" y="1026849"/><a:chExt cx="1228476" cy="528956"/></a:xfrm></p:grpSpPr><p:sp><p:nvSpPr><p:cNvPr id="7" name="矩形 6"/><p:cNvSpPr/><p:nvPr/></p:nvSpPr><p:spPr><a:xfrm><a:off x="1047050" y="1144435"/><a:ext cx="1000826" cy="376390"/></a:xfrm><a:prstGeom prst="rect"><a:avLst/></a:prstGeom><a:noFill/><a:ln w="12700"><a:solidFill><a:srgbClr val="AD2B26"/></a:solidFill></a:ln></p:spPr><p:style><a:lnRef idx="2"><a:schemeClr val="accent1"><a:shade val="50000"/></a:schemeClr></a:lnRef><a:fillRef idx="1"><a:schemeClr val="accent1"/></a:fillRef><a:effectRef idx="0"><a:schemeClr val="accent1"/></a:effectRef><a:fontRef idx="minor"><a:schemeClr val="lt1"/></a:fontRef></p:style><p:txBody><a:bodyPr rtlCol="0" anchor="ctr"/><a:lstStyle/><a:p><a:pPr algn="ctr"/><a:endParaRPr kumimoji="1" lang="zh-CN" altLang="en-US"/></a:p></p:txBody></p:sp><p:sp><p:nvSpPr><p:cNvPr id="8" name="六边形 7"/><p:cNvSpPr/><p:nvPr/></p:nvSpPr><p:spPr><a:xfrm rot="5400000"><a:off x="821086" y="1126435"/><a:ext cx="461175" cy="397565"/></a:xfrm><a:prstGeom prst="hexagon"><a:avLst/></a:prstGeom><a:solidFill><a:srgbClr val="AD2B26"/></a:solidFill><a:ln><a:noFill/></a:ln></p:spPr><p:style><a:lnRef idx="2"><a:schemeClr val="accent1"><a:shade val="50000"/></a:schemeClr></a:lnRef><a:fillRef idx="1"><a:schemeClr val="accent1"/></a:fillRef><a:effectRef idx="0"><a:schemeClr val="accent1"/></a:effectRef><a:fontRef idx="minor"><a:schemeClr val="lt1"/></a:fontRef></p:style><p:txBody><a:bodyPr rtlCol="0" anchor="ctr"/><a:lstStyle/><a:p><a:pPr algn="ctr"/><a:endParaRPr kumimoji="1" lang="zh-CN" altLang="en-US"/></a:p></p:txBody></p:sp><p:pic><p:nvPicPr><p:cNvPr id="9" name="图形 8"/><p:cNvPicPr><a:picLocks noChangeAspect="1"/></p:cNvPicPr><p:nvPr/></p:nvPicPr><p:blipFill><a:blip r:embed="rId2" cstate="print"><a:extLst><a:ext uri="{28A0092B-C50C-407E-A947-70E740481C1C}"><a14:useLocalDpi xmlns:a14="http://schemas.microsoft.com/office/drawing/2010/main" val="0"/></a:ext><a:ext uri="{96DAC541-7B7A-43D3-8B79-37D633B846F1}"><asvg:svgBlip xmlns:asvg="http://schemas.microsoft.com/office/drawing/2016/SVG/main" r:embed="rId3"/></a:ext></a:extLst></a:blip><a:stretch><a:fillRect/></a:stretch></p:blipFill><p:spPr><a:xfrm><a:off x="946208" y="1217543"/><a:ext cx="201682" cy="201682"/></a:xfrm><a:prstGeom prst="rect"><a:avLst/></a:prstGeom></p:spPr></p:pic><p:sp><p:nvSpPr><p:cNvPr id="10" name="TextBox 2"/><p:cNvSpPr txBox="1"><a:spLocks noChangeArrowheads="1"/></p:cNvSpPr><p:nvPr/></p:nvSpPr><p:spPr bwMode="auto"><a:xfrm><a:off x="1306172" y="1026849"/><a:ext cx="775195" cy="510845"/></a:xfrm><a:prstGeom prst="rect"><a:avLst/></a:prstGeom><a:noFill/><a:ln><a:noFill/></a:ln><a:extLst><a:ext uri="{909E8E84-426E-40DD-AFC4-6F175D3DCCD1}"><a14:hiddenFill xmlns:a14="http://schemas.microsoft.com/office/drawing/2010/main"><a:solidFill><a:srgbClr val="FFFFFF"/></a:solidFill></a14:hiddenFill></a:ext><a:ext uri="{91240B29-F687-4F45-9708-019B960494DF}"><a14:hiddenLine xmlns:a14="http://schemas.microsoft.com/office/drawing/2010/main" w="9525"><a:solidFill><a:srgbClr val="000000"/></a:solidFill><a:miter lim="800000"/><a:headEnd/><a:tailEnd/></a14:hiddenLine></a:ext></a:extLst></p:spPr><p:txBody><a:bodyPr wrap="square"><a:spAutoFit/></a:bodyPr><a:lstStyle><a:defPPr><a:defRPr lang="zh-CN"/></a:defPPr><a:lvl1pPr><a:lnSpc><a:spcPct val="150000"/></a:lnSpc><a:defRPr sz="2000"><a:solidFill><a:srgbClr val="B60206"/></a:solidFill><a:latin typeface="Alibaba PuHuiTi M" pitchFamily="18" charset="-122"/><a:ea typeface="Alibaba PuHuiTi M" pitchFamily="18" charset="-122"/><a:cs typeface="Alibaba PuHuiTi M" pitchFamily="18" charset="-122"/></a:defRPr></a:lvl1pPr><a:lvl2pPr marL="742950" indent="-285750"><a:defRPr><a:latin typeface="Calibri" panose="020F0502020204030204" pitchFamily="34" charset="0"/><a:ea typeface="宋体" panose="02010600030101010101" pitchFamily="2" charset="-122"/></a:defRPr></a:lvl2pPr><a:lvl3pPr marL="1143000" indent="-228600"><a:defRPr><a:latin typeface="Calibri" panose="020F0502020204030204" pitchFamily="34" charset="0"/><a:ea typeface="宋体" panose="02010600030101010101" pitchFamily="2" charset="-122"/></a:defRPr></a:lvl3pPr><a:lvl4pPr marL="1600200" indent="-228600"><a:defRPr><a:latin typeface="Calibri" panose="020F0502020204030204" pitchFamily="34" charset="0"/><a:ea typeface="宋体" panose="02010600030101010101" pitchFamily="2" charset="-122"/></a:defRPr></a:lvl4pPr><a:lvl5pPr marL="2057400" indent="-228600"><a:defRPr><a:latin typeface="Calibri" panose="020F0502020204030204" pitchFamily="34" charset="0"/><a:ea typeface="宋体" panose="02010600030101010101" pitchFamily="2" charset="-122"/></a:defRPr></a:lvl5pPr><a:lvl6pPr marL="2514600" indent="-228600" eaLnBrk="0" fontAlgn="base" hangingPunct="0"><a:spcBef><a:spcPct val="0"/></a:spcBef><a:spcAft><a:spcPct val="0"/></a:spcAft><a:defRPr><a:latin typeface="Calibri" panose="020F0502020204030204" pitchFamily="34" charset="0"/><a:ea typeface="宋体" panose="02010600030101010101" pitchFamily="2" charset="-122"/></a:defRPr></a:lvl6pPr><a:lvl7pPr marL="2971800" indent="-228600" eaLnBrk="0" fontAlgn="base" hangingPunct="0"><a:spcBef><a:spcPct val="0"/></a:spcBef><a:spcAft><a:spcPct val="0"/></a:spcAft><a:defRPr><a:latin typeface="Calibri" panose="020F0502020204030204" pitchFamily="34" charset="0"/><a:ea typeface="宋体" panose="02010600030101010101" pitchFamily="2" charset="-122"/></a:defRPr></a:lvl7pPr><a:lvl8pPr marL="3429000" indent="-228600" eaLnBrk="0" fontAlgn="base" hangingPunct="0"><a:spcBef><a:spcPct val="0"/></a:spcBef><a:spcAft><a:spcPct val="0"/></a:spcAft><a:defRPr><a:latin typeface="Calibri" panose="020F0502020204030204" pitchFamily="34" charset="0"/><a:ea typeface="宋体" panose="02010600030101010101" pitchFamily="2" charset="-122"/></a:defRPr></a:lvl8pPr><a:lvl9pPr marL="3886200" indent="-228600" eaLnBrk="0" fontAlgn="base" hangingPunct="0"><a:spcBef><a:spcPct val="0"/></a:spcBef><a:spcAft><a:spcPct val="0"/></a:spcAft><a:defRPr><a:latin typeface="Calibri" panose="020F0502020204030204" pitchFamily="34" charset="0"/><a:ea typeface="宋体" panose="02010600030101010101" pitchFamily="2" charset="-122"/></a:defRPr></a:lvl9pPr></a:lstStyle><a:p><a:r><a:rPr lang="zh-CN" altLang="en-US"><a:solidFill><a:srgbClr val="AD2B26"/></a:solidFill><a:latin typeface="Alibaba PuHuiTi B" pitchFamily="18" charset="-122"/><a:ea typeface="Alibaba PuHuiTi B" pitchFamily="18" charset="-122"/><a:cs typeface="Alibaba PuHuiTi B" pitchFamily="18" charset="-122"/></a:rPr><a:t>练习</a:t></a:r></a:p></p:txBody></p:sp></p:grpSp><p:sp><p:nvSpPr><p:cNvPr id="11" name="文本占位符 9"/><p:cNvSpPr><a:spLocks noGrp="1"/></p:cNvSpPr><p:nvPr><p:ph type="body" sz="quarter" idx="10" hasCustomPrompt="1"/></p:nvPr></p:nvSpPr><p:spPr><a:xfrm><a:off x="4378035" y="1086559"/><a:ext cx="7031643" cy="446791"/></a:xfrm><a:prstGeom prst="rect"><a:avLst/></a:prstGeom></p:spPr><p:txBody><a:bodyPr anchor="ctr" anchorCtr="0"/><a:lstStyle><a:lvl1pPr marL="0" indent="0"><a:buNone/><a:defRPr lang="zh-CN" altLang="en-US" sz="2400" kern="1200" dirty="0"><a:solidFill><a:srgbClr val="AD2B26"/></a:solidFill><a:latin typeface="Alibaba PuHuiTi M" pitchFamily="18" charset="-122"/><a:ea typeface="Alibaba PuHuiTi M" pitchFamily="18" charset="-122"/><a:cs typeface="Alibaba PuHuiTi M" pitchFamily="18" charset="-122"/></a:defRPr></a:lvl1pPr></a:lstStyle><a:p><a:pPr marL="0" lvl="0" indent="0"><a:buNone/></a:pPr><a:r><a:rPr lang="zh-CN" altLang="en-US" dirty="0"/><a:t>练习标题</a:t></a:r><a:r><a:rPr lang="en-US" altLang="zh-CN" dirty="0"/><a:t>-</a:t></a:r><a:r><a:rPr lang="zh-CN" altLang="en-US" dirty="0"/><a:t>阿里巴巴普惠体</a:t></a:r><a:r><a:rPr lang="en-US" altLang="zh-CN" dirty="0"/><a:t>18</a:t></a:r><a:r><a:rPr lang="zh-CN" altLang="en-US" dirty="0"/><a:t>号</a:t></a:r></a:p></p:txBody></p:sp><p:sp><p:nvSpPr><p:cNvPr id="12" name="文本占位符 11"/><p:cNvSpPr><a:spLocks noGrp="1"/></p:cNvSpPr><p:nvPr><p:ph type="body" sz="quarter" idx="11" hasCustomPrompt="1"/></p:nvPr></p:nvSpPr><p:spPr><a:xfrm><a:off x="4378034" y="1656000"/><a:ext cx="7031645" cy="4219575"/></a:xfrm><a:prstGeom prst="rect"><a:avLst/></a:prstGeom></p:spPr><p:txBody><a:bodyPr/><a:lstStyle><a:lvl1pPr marL="0" indent="0"><a:lnSpc><a:spcPct val="150000"/></a:lnSpc><a:buNone/><a:defRPr sz="1600"><a:solidFill><a:schemeClr val="tx1"><a:lumMod val="85000"/><a:lumOff val="15000"/></a:schemeClr></a:solidFill><a:latin typeface="阿里巴巴普惠体" panose="00020600040101010101" pitchFamily="18" charset="-122"/><a:ea typeface="阿里巴巴普惠体" panose="00020600040101010101" pitchFamily="18" charset="-122"/><a:cs typeface="阿里巴巴普惠体" panose="00020600040101010101" pitchFamily="18" charset="-122"/></a:defRPr></a:lvl1pPr></a:lstStyle><a:p><a:pPr lvl="0"/><a:r><a:rPr lang="zh-CN" altLang="en-US" dirty="0"/><a:t>此为练习内容，字体不可改，阿里巴巴普惠体</a:t></a:r><a:r><a:rPr lang="en-US" altLang="zh-CN" dirty="0"/><a:t>16</a:t></a:r><a:r><a:rPr lang="zh-CN" altLang="en-US" dirty="0"/><a:t>号</a:t></a:r><a:endParaRPr lang="en-US" altLang="zh-CN" dirty="0"/></a:p><a:p><a:pPr lvl="0"/><a:r><a:rPr lang="zh-CN" altLang="en-US" dirty="0"/><a:t>建议不超过三行，以图文并茂的方式讲解知识</a:t></a:r></a:p></p:txBody></p:sp></p:spTree></p:cSld><p:clrMapOvr><a:masterClrMapping/></p:clrMapOvr></p:sldLayout>