<?xml version="1.0" encoding="UTF-8" standalone="yes"?>
<p:sldLayout xmlns:a="http://schemas.openxmlformats.org/drawingml/2006/main" xmlns:r="http://schemas.openxmlformats.org/officeDocument/2006/relationships" xmlns:p="http://schemas.openxmlformats.org/presentationml/2006/main" preserve="1" userDrawn="1"><p:cSld name="二级标题+正文内容（数字编号）"><p:spTree><p:nvGrpSpPr><p:cNvPr id="1" name=""/><p:cNvGrpSpPr/><p:nvPr/></p:nvGrpSpPr><p:grpSpPr><a:xfrm><a:off x="0" y="0"/><a:ext cx="0" cy="0"/><a:chOff x="0" y="0"/><a:chExt cx="0" cy="0"/></a:xfrm></p:grpSpPr><p:sp><p:nvSpPr><p:cNvPr id="4" name="文本占位符 11"/><p:cNvSpPr><a:spLocks noGrp="1"/></p:cNvSpPr><p:nvPr><p:ph type="body" sz="quarter" idx="11" hasCustomPrompt="1"/></p:nvPr></p:nvSpPr><p:spPr><a:xfrm><a:off x="710879" y="1646133"/><a:ext cx="10719120" cy="4219575"/></a:xfrm><a:prstGeom prst="rect"><a:avLst/></a:prstGeom></p:spPr><p:txBody><a:bodyPr/><a:lstStyle><a:lvl1pPr marL="360045" indent="-360045"><a:lnSpc><a:spcPct val="150000"/></a:lnSpc><a:buClr><a:srgbClr val="404040"/></a:buClr><a:buSzPct val="85000"/><a:buFont typeface="+mj-lt"/><a:buAutoNum type="arabicPeriod"/><a:defRPr lang="en-US" altLang="zh-CN" sz="1600" dirty="0"><a:solidFill><a:schemeClr val="tx1"><a:lumMod val="85000"/><a:lumOff val="15000"/></a:schemeClr></a:solidFill><a:latin typeface="阿里巴巴普惠体" panose="00020600040101010101" pitchFamily="18" charset="-122"/><a:ea typeface="阿里巴巴普惠体" panose="00020600040101010101" pitchFamily="18" charset="-122"/><a:cs typeface="阿里巴巴普惠体" panose="00020600040101010101" pitchFamily="18" charset="-122"/></a:defRPr></a:lvl1pPr><a:lvl2pPr marL="720090" indent="-360045"><a:lnSpc><a:spcPct val="150000"/></a:lnSpc><a:buFont typeface="+mj-lt"/><a:buAutoNum type="arabicPeriod"/><a:defRPr lang="en-US" altLang="zh-CN" sz="1400" b="0" i="0" dirty="0"><a:latin typeface="Alibaba PuHuiTi R" pitchFamily="18" charset="-122"/><a:ea typeface="Alibaba PuHuiTi R" pitchFamily="18" charset="-122"/><a:cs typeface="Alibaba PuHuiTi R" pitchFamily="18" charset="-122"/></a:defRPr></a:lvl2pPr><a:lvl3pPr marL="1079500" indent="-358775"><a:lnSpc><a:spcPct val="150000"/></a:lnSpc><a:buFont typeface="+mj-ea"/><a:buAutoNum type="circleNumDbPlain"/><a:defRPr lang="zh-CN" altLang="en-US" sz="1400" b="0" i="0" dirty="0"/></a:lvl3pPr></a:lstStyle><a:p><a:pPr marL="0" lvl="0" indent="0"><a:lnSpc><a:spcPct val="150000"/></a:lnSpc><a:buNone/></a:pPr><a:r><a:rPr lang="zh-CN" altLang="en-US" dirty="0"/><a:t>此处以罗列的方式表达</a:t></a:r><a:r><a:rPr lang="en-US" altLang="zh-CN" dirty="0"/><a:t>XXX</a:t></a:r><a:r><a:rPr lang="zh-CN" altLang="en-US" dirty="0"/><a:t>技术特性</a:t></a:r><a:r><a:rPr lang="en-US" altLang="zh-CN" dirty="0"/><a:t>/</a:t></a:r><a:r><a:rPr lang="zh-CN" altLang="en-US" dirty="0"/><a:t>要点等</a:t></a:r><a:endParaRPr lang="en-US" altLang="zh-CN" dirty="0"/></a:p><a:p><a:pPr lvl="1"/><a:r><a:rPr lang="zh-CN" altLang="en-US" dirty="0"/><a:t>技术特性</a:t></a:r><a:r><a:rPr lang="en-US" altLang="zh-CN" dirty="0"/><a:t>1</a:t></a:r></a:p><a:p><a:pPr lvl="1"/><a:r><a:rPr lang="zh-CN" altLang="en-US" dirty="0"/><a:t>技术特性</a:t></a:r><a:r><a:rPr lang="en-US" altLang="zh-CN" dirty="0"/><a:t>2</a:t></a:r></a:p><a:p><a:pPr lvl="2"/><a:r><a:rPr lang="zh-CN" altLang="en-US" dirty="0"/><a:t>要点</a:t></a:r><a:r><a:rPr lang="en-US" altLang="zh-CN" dirty="0"/><a:t>1</a:t></a:r></a:p><a:p><a:pPr lvl="2"/><a:r><a:rPr lang="zh-CN" altLang="en-US" dirty="0"/><a:t>要点</a:t></a:r><a:r><a:rPr lang="en-US" altLang="zh-CN" dirty="0"/><a:t>2</a:t></a:r><a:endParaRPr lang="zh-CN" altLang="en-US" dirty="0"/></a:p></p:txBody></p:sp><p:sp><p:nvSpPr><p:cNvPr id="5" name="标题 1"/><p:cNvSpPr><a:spLocks noGrp="1"/></p:cNvSpPr><p:nvPr><p:ph type="title" hasCustomPrompt="1"/></p:nvPr></p:nvSpPr><p:spPr><a:xfrm><a:off x="710880" y="234029"/><a:ext cx="8771021" cy="517190"/></a:xfrm><a:prstGeom prst="rect"><a:avLst/></a:prstGeom></p:spPr><p:txBody><a:bodyPr anchor="ctr" anchorCtr="0"/><a:lstStyle><a:lvl1pPr><a:defRPr lang="zh-CN" altLang="en-US" sz="2400" i="0" dirty="0"><a:solidFill><a:schemeClr val="tx1"><a:lumMod val="65000"/><a:lumOff val="35000"/></a:schemeClr></a:solidFill><a:latin typeface="Alibaba PuHuiTi B" pitchFamily="18" charset="-122"/><a:ea typeface="Alibaba PuHuiTi B" pitchFamily="18" charset="-122"/><a:cs typeface="Alibaba PuHuiTi B" pitchFamily="18" charset="-122"/></a:defRPr></a:lvl1pPr></a:lstStyle><a:p><a:pPr lvl="0"/><a:r><a:rPr lang="zh-CN" altLang="en-US" dirty="0"/><a:t>正文一级标题</a:t></a:r><a:r><a:rPr lang="en-US" altLang="zh-CN" dirty="0"/><a:t>-</a:t></a:r><a:r><a:rPr lang="zh-CN" altLang="en-US" dirty="0"/><a:t>阿里巴巴普惠体</a:t></a:r><a:r><a:rPr lang="en-US" altLang="zh-CN" dirty="0"/><a:t>24</a:t></a:r><a:r><a:rPr lang="zh-CN" altLang="en-US" dirty="0"/><a:t>号</a:t></a:r></a:p></p:txBody></p:sp><p:sp><p:nvSpPr><p:cNvPr id="6" name="文本占位符 9"/><p:cNvSpPr><a:spLocks noGrp="1"/></p:cNvSpPr><p:nvPr><p:ph type="body" sz="quarter" idx="10" hasCustomPrompt="1"/></p:nvPr></p:nvSpPr><p:spPr><a:xfrm><a:off x="710881" y="940081"/><a:ext cx="10719120" cy="517190"/></a:xfrm><a:prstGeom prst="rect"><a:avLst/></a:prstGeom></p:spPr><p:txBody><a:bodyPr anchor="ctr" anchorCtr="0"/><a:lstStyle><a:lvl1pPr marL="0" indent="0"><a:buNone/><a:defRPr sz="1800" b="1"><a:solidFill><a:srgbClr val="404040"/></a:solidFill><a:latin typeface="阿里巴巴普惠体" panose="00020600040101010101" pitchFamily="18" charset="-122"/><a:ea typeface="阿里巴巴普惠体" panose="00020600040101010101" pitchFamily="18" charset="-122"/><a:cs typeface="阿里巴巴普惠体" panose="00020600040101010101" pitchFamily="18" charset="-122"/></a:defRPr></a:lvl1pPr></a:lstStyle><a:p><a:pPr lvl="0"/><a:r><a:rPr lang="zh-CN" altLang="en-US" dirty="0"/><a:t>正文二级标题</a:t></a:r><a:r><a:rPr lang="en-US" altLang="zh-CN" dirty="0"/><a:t>-</a:t></a:r><a:r><a:rPr lang="zh-CN" altLang="en-US" dirty="0"/><a:t>阿里巴巴普惠体</a:t></a:r><a:r><a:rPr lang="en-US" altLang="zh-CN" dirty="0"/><a:t>18</a:t></a:r><a:r><a:rPr lang="zh-CN" altLang="en-US" dirty="0"/><a:t>号</a:t></a:r></a:p></p:txBody></p:sp></p:spTree></p:cSld><p:clrMapOvr><a:masterClrMapping/></p:clrMapOvr></p:sldLayout>