<?xml version="1.0" encoding="UTF-8" standalone="yes"?>
<p:sldLayout xmlns:a="http://schemas.openxmlformats.org/drawingml/2006/main" xmlns:r="http://schemas.openxmlformats.org/officeDocument/2006/relationships" xmlns:p="http://schemas.openxmlformats.org/presentationml/2006/main" preserve="1" userDrawn="1"><p:cSld name="学习目标"><p:spTree><p:nvGrpSpPr><p:cNvPr id="1" name=""/><p:cNvGrpSpPr/><p:nvPr/></p:nvGrpSpPr><p:grpSpPr><a:xfrm><a:off x="0" y="0"/><a:ext cx="0" cy="0"/><a:chOff x="0" y="0"/><a:chExt cx="0" cy="0"/></a:xfrm></p:grpSpPr><p:sp><p:nvSpPr><p:cNvPr id="8" name="文本占位符 7"/><p:cNvSpPr><a:spLocks noGrp="1"/></p:cNvSpPr><p:nvPr><p:ph type="body" sz="quarter" idx="10"/></p:nvPr></p:nvSpPr><p:spPr><a:xfrm><a:off x="4866958" y="1087755"/><a:ext cx="6298881" cy="4855845"/></a:xfrm><a:prstGeom prst="rect"><a:avLst/></a:prstGeom></p:spPr><p:txBody><a:bodyPr anchor="ctr"/><a:lstStyle><a:lvl1pPr><a:lnSpc><a:spcPct val="200000"/></a:lnSpc><a:buFont typeface="+mj-lt"/><a:buAutoNum type="arabicPeriod"/><a:defRPr sz="1800"><a:solidFill><a:schemeClr val="tx1"><a:lumMod val="75000"/><a:lumOff val="25000"/></a:schemeClr></a:solidFill></a:defRPr></a:lvl1pPr></a:lstStyle><a:p><a:pPr lvl="0"/><a:r><a:rPr kumimoji="1" lang="zh-CN" altLang="en-US" dirty="0"/><a:t>单击此处编辑母版文本样式</a:t></a:r><a:endParaRPr kumimoji="1" lang="en-US" altLang="zh-CN" dirty="0"/></a:p><a:p><a:pPr lvl="0"/><a:r><a:rPr kumimoji="1" lang="zh-CN" altLang="en-US" dirty="0"/><a:t>根据实际内容可调整文字高低的位置</a:t></a:r><a:endParaRPr kumimoji="1" lang="en-US" altLang="zh-CN" dirty="0"/></a:p><a:p><a:pPr lvl="0"/><a:r><a:rPr kumimoji="1" lang="zh-CN" altLang="en-US" dirty="0"/><a:t>此内容上下居中对齐，可根据实际情况微调位置和字体大小</a:t></a:r></a:p></p:txBody></p:sp></p:spTree></p:cSld><p:clrMapOvr><a:masterClrMapping/></p:clrMapOvr></p:sldLayout>