<?xml version="1.0" encoding="UTF-8" standalone="yes"?>
<p:sldLayout xmlns:a="http://schemas.openxmlformats.org/drawingml/2006/main" xmlns:r="http://schemas.openxmlformats.org/officeDocument/2006/relationships" xmlns:p="http://schemas.openxmlformats.org/presentationml/2006/main" preserve="1" userDrawn="1"><p:cSld name="封面版式2"><p:spTree><p:nvGrpSpPr><p:cNvPr id="1" name=""/><p:cNvGrpSpPr/><p:nvPr/></p:nvGrpSpPr><p:grpSpPr><a:xfrm><a:off x="0" y="0"/><a:ext cx="0" cy="0"/><a:chOff x="0" y="0"/><a:chExt cx="0" cy="0"/></a:xfrm></p:grpSpPr><p:sp><p:nvSpPr><p:cNvPr id="2" name="标题 1"/><p:cNvSpPr><a:spLocks noGrp="1"/></p:cNvSpPr><p:nvPr><p:ph type="title" hasCustomPrompt="1"/></p:nvPr></p:nvSpPr><p:spPr><a:xfrm><a:off x="838200" y="2244725"/><a:ext cx="10541000" cy="1158875"/></a:xfrm><a:prstGeom prst="rect"><a:avLst/></a:prstGeom></p:spPr><p:txBody><a:bodyPr anchor="ctr"/><a:lstStyle><a:lvl1pPr><a:defRPr sz="7200" b="0" i="0"><a:solidFill><a:schemeClr val="tx1"><a:lumMod val="85000"/><a:lumOff val="15000"/></a:schemeClr></a:solidFill><a:latin typeface="Alibaba PuHuiTi B" pitchFamily="18" charset="-122"/><a:ea typeface="Alibaba PuHuiTi B" pitchFamily="18" charset="-122"/><a:cs typeface="Alibaba PuHuiTi B" pitchFamily="18" charset="-122"/></a:defRPr></a:lvl1pPr></a:lstStyle><a:p><a:r><a:rPr kumimoji="1" lang="zh-CN" altLang="en-US" dirty="0"/><a:t>主标题</a:t></a:r></a:p></p:txBody></p:sp><p:sp><p:nvSpPr><p:cNvPr id="3" name="文本占位符 3"/><p:cNvSpPr><a:spLocks noGrp="1"/></p:cNvSpPr><p:nvPr><p:ph type="body" sz="quarter" idx="10" hasCustomPrompt="1"/></p:nvPr></p:nvSpPr><p:spPr><a:xfrm><a:off x="838200" y="3454401"/><a:ext cx="10540999" cy="630237"/></a:xfrm><a:prstGeom prst="rect"><a:avLst/></a:prstGeom></p:spPr><p:txBody><a:bodyPr anchor="ctr"/><a:lstStyle><a:lvl1pPr algn="ctr"><a:buNone/><a:defRPr sz="2400" b="0" i="0"><a:solidFill><a:schemeClr val="tx1"><a:lumMod val="65000"/><a:lumOff val="35000"/></a:schemeClr></a:solidFill><a:latin typeface="Alibaba PuHuiTi R" pitchFamily="18" charset="-122"/><a:ea typeface="Alibaba PuHuiTi R" pitchFamily="18" charset="-122"/><a:cs typeface="Alibaba PuHuiTi R" pitchFamily="18" charset="-122"/></a:defRPr></a:lvl1pPr></a:lstStyle><a:p><a:pPr lvl="0"/><a:r><a:rPr kumimoji="1" lang="zh-CN" altLang="en-US" dirty="0"/><a:t>副标题内容，如若没有可以删除</a:t></a:r></a:p></p:txBody></p:sp></p:spTree></p:cSld><p:clrMapOvr><a:masterClrMapping/></p:clrMapOvr></p:sldLayout>