<?xml version="1.0" encoding="UTF-8" standalone="yes"?>
<p:sldLayout xmlns:a="http://schemas.openxmlformats.org/drawingml/2006/main" xmlns:r="http://schemas.openxmlformats.org/officeDocument/2006/relationships" xmlns:p="http://schemas.openxmlformats.org/presentationml/2006/main" preserve="1" userDrawn="1"><p:cSld name="章节页版式（一级+二级标题）"><p:spTree><p:nvGrpSpPr><p:cNvPr id="1" name=""/><p:cNvGrpSpPr/><p:nvPr/></p:nvGrpSpPr><p:grpSpPr><a:xfrm><a:off x="0" y="0"/><a:ext cx="0" cy="0"/><a:chOff x="0" y="0"/><a:chExt cx="0" cy="0"/></a:xfrm></p:grpSpPr><p:sp><p:nvSpPr><p:cNvPr id="2" name="标题 1"/><p:cNvSpPr><a:spLocks noGrp="1"/></p:cNvSpPr><p:nvPr><p:ph type="ctrTitle" hasCustomPrompt="1"/></p:nvPr></p:nvSpPr><p:spPr><a:xfrm><a:off x="5273040" y="2398078"/><a:ext cx="6725920" cy="548322"/></a:xfrm><a:prstGeom prst="rect"><a:avLst/></a:prstGeom></p:spPr><p:txBody><a:bodyPr anchor="t"><a:normAutofit/></a:bodyPr><a:lstStyle><a:lvl1pPr algn="l"><a:defRPr sz="3600" b="0" i="0"><a:solidFill><a:schemeClr val="tx1"><a:lumMod val="85000"/><a:lumOff val="15000"/></a:schemeClr></a:solidFill><a:latin typeface="Alibaba PuHuiTi B" pitchFamily="18" charset="-122"/><a:ea typeface="Alibaba PuHuiTi B" pitchFamily="18" charset="-122"/><a:cs typeface="Alibaba PuHuiTi B" pitchFamily="18" charset="-122"/></a:defRPr></a:lvl1pPr></a:lstStyle><a:p><a:r><a:rPr kumimoji="1" lang="zh-CN" altLang="en-US" dirty="0"/><a:t>标题，右侧章节自行设置，如</a:t></a:r><a:r><a:rPr kumimoji="1" lang="en-US" altLang="zh-CN" dirty="0"/><a:t>01</a:t></a:r><a:endParaRPr kumimoji="1" lang="zh-CN" altLang="en-US" dirty="0"/></a:p></p:txBody></p:sp><p:sp><p:nvSpPr><p:cNvPr id="16" name="文本占位符 15"/><p:cNvSpPr><a:spLocks noGrp="1"/></p:cNvSpPr><p:nvPr><p:ph type="body" idx="10" hasCustomPrompt="1"/></p:nvPr></p:nvSpPr><p:spPr><a:xfrm><a:off x="5273040" y="3069272"/><a:ext cx="5466080" cy="2031047"/></a:xfrm><a:prstGeom prst="rect"><a:avLst/></a:prstGeom></p:spPr><p:txBody><a:bodyPr/><a:lstStyle><a:lvl1pPr><a:lnSpc><a:spcPct val="150000"/></a:lnSpc><a:defRPr sz="1600" b="0" i="0"><a:solidFill><a:schemeClr val="tx1"><a:lumMod val="65000"/><a:lumOff val="35000"/></a:schemeClr></a:solidFill><a:latin typeface="Alibaba PuHuiTi R" pitchFamily="18" charset="-122"/><a:ea typeface="Alibaba PuHuiTi R" pitchFamily="18" charset="-122"/><a:cs typeface="Alibaba PuHuiTi R" pitchFamily="18" charset="-122"/></a:defRPr></a:lvl1pPr><a:lvl2pPr><a:buNone/><a:defRPr b="0" i="0"><a:latin typeface="Alibaba PuHuiTi R" pitchFamily="18" charset="-122"/><a:ea typeface="Alibaba PuHuiTi R" pitchFamily="18" charset="-122"/><a:cs typeface="Alibaba PuHuiTi R" pitchFamily="18" charset="-122"/></a:defRPr></a:lvl2pPr><a:lvl3pPr><a:defRPr b="0" i="0"><a:latin typeface="Alibaba PuHuiTi R" pitchFamily="18" charset="-122"/><a:ea typeface="Alibaba PuHuiTi R" pitchFamily="18" charset="-122"/><a:cs typeface="Alibaba PuHuiTi R" pitchFamily="18" charset="-122"/></a:defRPr></a:lvl3pPr><a:lvl4pPr><a:defRPr b="0" i="0"><a:latin typeface="Alibaba PuHuiTi R" pitchFamily="18" charset="-122"/><a:ea typeface="Alibaba PuHuiTi R" pitchFamily="18" charset="-122"/><a:cs typeface="Alibaba PuHuiTi R" pitchFamily="18" charset="-122"/></a:defRPr></a:lvl4pPr><a:lvl5pPr><a:defRPr b="0" i="0"><a:latin typeface="Alibaba PuHuiTi R" pitchFamily="18" charset="-122"/><a:ea typeface="Alibaba PuHuiTi R" pitchFamily="18" charset="-122"/><a:cs typeface="Alibaba PuHuiTi R" pitchFamily="18" charset="-122"/></a:defRPr></a:lvl5pPr></a:lstStyle><a:p><a:pPr lvl="0"/><a:r><a:rPr kumimoji="1" lang="zh-CN" altLang="en-US" dirty="0"/><a:t>输入具体主讲内容</a:t></a:r><a:endParaRPr kumimoji="1" lang="en-US" altLang="zh-CN" dirty="0"/></a:p><a:p><a:pPr lvl="0"/><a:r><a:rPr kumimoji="1" lang="zh-CN" altLang="en-US" dirty="0"/><a:t>可根据标题数量调整字体大小</a:t></a:r></a:p></p:txBody></p:sp><p:sp><p:nvSpPr><p:cNvPr id="17" name="文本占位符 13"/><p:cNvSpPr><a:spLocks noGrp="1"/></p:cNvSpPr><p:nvPr><p:ph type="body" sz="quarter" idx="11" hasCustomPrompt="1"/></p:nvPr></p:nvSpPr><p:spPr><a:xfrm><a:off x="3881755" y="2468880"/><a:ext cx="1127125" cy="1148080"/></a:xfrm><a:prstGeom prst="rect"><a:avLst/></a:prstGeom></p:spPr><p:txBody><a:bodyPr anchor="ctr"/><a:lstStyle><a:lvl1pPr algn="ctr"><a:buNone/><a:defRPr sz="4000" b="1" i="0"><a:solidFill><a:srgbClr val="FFFFFF"/></a:solidFill><a:latin typeface="Alibaba PuHuiTi B" pitchFamily="18" charset="-122"/><a:ea typeface="Alibaba PuHuiTi B" pitchFamily="18" charset="-122"/><a:cs typeface="Alibaba PuHuiTi B" pitchFamily="18" charset="-122"/></a:defRPr></a:lvl1pPr><a:lvl2pPr><a:buNone/><a:defRPr/></a:lvl2pPr><a:lvl3pPr><a:buNone/><a:defRPr/></a:lvl3pPr><a:lvl4pPr><a:buNone/><a:defRPr/></a:lvl4pPr><a:lvl5pPr><a:buNone/><a:defRPr/></a:lvl5pPr></a:lstStyle><a:p><a:pPr lvl="0"/><a:r><a:rPr kumimoji="1" lang="zh-CN" altLang="en-US" dirty="0"/><a:t>章</a:t></a:r></a:p></p:txBody></p:sp></p:spTree></p:cSld><p:clrMapOvr><a:masterClrMapping/></p:clrMapOvr></p:sldLayout>