<?xml version="1.0" encoding="UTF-8" standalone="yes"?>
<p:sld xmlns:a="http://schemas.openxmlformats.org/drawingml/2006/main" xmlns:r="http://schemas.openxmlformats.org/officeDocument/2006/relationships" xmlns:p="http://schemas.openxmlformats.org/presentationml/2006/main"><p:cSld><p:spTree><p:nvGrpSpPr><p:cNvPr id="1" name=""/><p:cNvGrpSpPr/><p:nvPr/></p:nvGrpSpPr><p:grpSpPr><a:xfrm><a:off x="0" y="0"/><a:ext cx="0" cy="0"/><a:chOff x="0" y="0"/><a:chExt cx="0" cy="0"/></a:xfrm></p:grpSpPr><p:sp><p:nvSpPr><p:cNvPr id="3" name="文本占位符 2"><a:extLst><a:ext uri="{FF2B5EF4-FFF2-40B4-BE49-F238E27FC236}"><a16:creationId xmlns:a16="http://schemas.microsoft.com/office/drawing/2014/main" id="{4E98F63F-500E-442B-B5BB-B492A1515589}"/></a:ext></a:extLst></p:cNvPr><p:cNvSpPr><a:spLocks noGrp="1"/></p:cNvSpPr><p:nvPr><p:ph type="body" sz="quarter" idx="10"/></p:nvPr></p:nvSpPr><p:spPr><a:xfrm><a:off x="5126584" y="1148576"/><a:ext cx="6582196" cy="4998224"/></a:xfrm></p:spPr><p:txBody><a:bodyPr/><a:lstStyle/><a:p><a:r><a:rPr lang="zh-CN" altLang="en-US" b="0"><a:solidFill><a:srgbClr val="333333"/></a:solidFill><a:effectLst/><a:latin typeface="Consolas" panose="020B0609020204030204" pitchFamily="49" charset="0"/><a:ea typeface="Alibaba PuHuiTi B"/></a:rPr><a:t>对组件的功能不了解，还不会用，却要强读</a:t></a:r></a:p><a:p><a:pPr lvl="1"/><a:r><a:rPr lang="zh-CN" altLang="en-US" b="0"><a:solidFill><a:srgbClr val="333333"/></a:solidFill><a:effectLst/><a:latin typeface="Consolas" panose="020B0609020204030204" pitchFamily="49" charset="0"/><a:ea typeface="Alibaba PuHuiTi B"/></a:rPr><a:t>吐槽：不要轻易装 </a:t></a:r><a:r><a:rPr lang="en-US" altLang="zh-CN" b="0"><a:solidFill><a:srgbClr val="333333"/></a:solidFill><a:effectLst/><a:latin typeface="Consolas" panose="020B0609020204030204" pitchFamily="49" charset="0"/><a:ea typeface="Alibaba PuHuiTi B"/></a:rPr><a:t>B</a:t></a:r><a:r><a:rPr lang="zh-CN" altLang="en-US" b="0"><a:solidFill><a:srgbClr val="333333"/></a:solidFill><a:effectLst/><a:latin typeface="Consolas" panose="020B0609020204030204" pitchFamily="49" charset="0"/><a:ea typeface="Alibaba PuHuiTi B"/></a:rPr><a:t>，轻则耗费心神，重则挫败放弃</a:t></a:r></a:p><a:p><a:pPr lvl="1"/><a:r><a:rPr lang="zh-CN" altLang="en-US" b="0"><a:solidFill><a:srgbClr val="C00000"/></a:solidFill><a:effectLst/><a:latin typeface="Consolas" panose="020B0609020204030204" pitchFamily="49" charset="0"/><a:ea typeface="Alibaba PuHuiTi B"/></a:rPr><a:t>解决：先会用，再研究</a:t></a:r></a:p><a:p><a:r><a:rPr lang="zh-CN" altLang="en-US" b="0"><a:solidFill><a:srgbClr val="333333"/></a:solidFill><a:effectLst/><a:latin typeface="Consolas" panose="020B0609020204030204" pitchFamily="49" charset="0"/><a:ea typeface="Alibaba PuHuiTi B"/></a:rPr><a:t>没有目的，一上来就 </a:t></a:r><a:r><a:rPr lang="en-US" altLang="zh-CN" b="0"><a:solidFill><a:srgbClr val="333333"/></a:solidFill><a:effectLst/><a:latin typeface="Consolas" panose="020B0609020204030204" pitchFamily="49" charset="0"/><a:ea typeface="Alibaba PuHuiTi B"/></a:rPr><a:t>debug</a:t></a:r><a:r><a:rPr lang="zh-CN" altLang="en-US" b="0"><a:solidFill><a:srgbClr val="333333"/></a:solidFill><a:effectLst/><a:latin typeface="Consolas" panose="020B0609020204030204" pitchFamily="49" charset="0"/><a:ea typeface="Alibaba PuHuiTi B"/></a:rPr><a:t>，看到哪分析到哪</a:t></a:r></a:p><a:p><a:pPr lvl="1"/><a:r><a:rPr lang="zh-CN" altLang="en-US" b="0"><a:solidFill><a:srgbClr val="333333"/></a:solidFill><a:effectLst/><a:latin typeface="Consolas" panose="020B0609020204030204" pitchFamily="49" charset="0"/><a:ea typeface="Alibaba PuHuiTi B"/></a:rPr><a:t>吐槽：没有目的的 </a:t></a:r><a:r><a:rPr lang="en-US" altLang="zh-CN" b="0"><a:solidFill><a:srgbClr val="333333"/></a:solidFill><a:effectLst/><a:latin typeface="Consolas" panose="020B0609020204030204" pitchFamily="49" charset="0"/><a:ea typeface="Alibaba PuHuiTi B"/></a:rPr><a:t>debug</a:t></a:r><a:r><a:rPr lang="zh-CN" altLang="en-US" b="0"><a:solidFill><a:srgbClr val="333333"/></a:solidFill><a:effectLst/><a:latin typeface="Consolas" panose="020B0609020204030204" pitchFamily="49" charset="0"/><a:ea typeface="Alibaba PuHuiTi B"/></a:rPr><a:t>，会让你迷失在源码当中，翻一百遍也是枉然</a:t></a:r></a:p><a:p><a:pPr lvl="1"/><a:r><a:rPr lang="zh-CN" altLang="en-US" b="0"><a:solidFill><a:srgbClr val="C00000"/></a:solidFill><a:effectLst/><a:latin typeface="Consolas" panose="020B0609020204030204" pitchFamily="49" charset="0"/><a:ea typeface="Alibaba PuHuiTi B"/></a:rPr><a:t>解决：明确要研究的问题，带着问题看代码</a:t></a:r></a:p><a:p><a:r><a:rPr lang="zh-CN" altLang="en-US" b="0"><a:solidFill><a:srgbClr val="333333"/></a:solidFill><a:effectLst/><a:latin typeface="Consolas" panose="020B0609020204030204" pitchFamily="49" charset="0"/><a:ea typeface="Alibaba PuHuiTi B"/></a:rPr><a:t>不分主次，分析一个问题时，引入另一个陌生问题</a:t></a:r></a:p><a:p><a:pPr lvl="1"/><a:r><a:rPr lang="zh-CN" altLang="en-US" b="0"><a:solidFill><a:srgbClr val="C00000"/></a:solidFill><a:effectLst/><a:latin typeface="Consolas" panose="020B0609020204030204" pitchFamily="49" charset="0"/><a:ea typeface="Alibaba PuHuiTi B"/></a:rPr><a:t>解决：抓住重点，逐个击破</a:t></a:r></a:p><a:p><a:r><a:rPr lang="zh-CN" altLang="en-US" b="0"><a:solidFill><a:srgbClr val="333333"/></a:solidFill><a:effectLst/><a:latin typeface="Consolas" panose="020B0609020204030204" pitchFamily="49" charset="0"/><a:ea typeface="Alibaba PuHuiTi B"/></a:rPr><a:t>只讲源码功能，不做单元测试</a:t></a:r></a:p><a:p><a:pPr lvl="1"/><a:r><a:rPr lang="zh-CN" altLang="en-US" b="0"><a:solidFill><a:srgbClr val="C00000"/></a:solidFill><a:effectLst/><a:latin typeface="Consolas" panose="020B0609020204030204" pitchFamily="49" charset="0"/><a:ea typeface="Alibaba PuHuiTi B"/></a:rPr><a:t>解决：眼过千遍，不如手过一遍</a:t></a:r></a:p><a:p><a:endParaRPr lang="zh-CN" altLang="en-US"/></a:p></p:txBody></p:sp><p:sp><p:nvSpPr><p:cNvPr id="2" name="标题 1"/><p:cNvSpPr><a:spLocks noGrp="1"/></p:cNvSpPr><p:nvPr><p:ph type="title"/></p:nvPr></p:nvSpPr><p:spPr/><p:txBody><a:bodyPr/><a:lstStyle/><a:p><a:r><a:rPr kumimoji="1" lang="zh-CN" altLang="en-US"/><a:t>源码该怎么读？</a:t></a:r></a:p></p:txBody></p:sp></p:spTree><p:extLst><p:ext uri="{BB962C8B-B14F-4D97-AF65-F5344CB8AC3E}"><p14:creationId xmlns:p14="http://schemas.microsoft.com/office/powerpoint/2010/main" val="1131621333"/></p:ext></p:extLst></p:cSld><p:clrMapOvr><a:masterClrMapping/></p:clrMapOvr><p:timing><p:tnLst><p:par><p:cTn id="1" dur="indefinite" restart="never" nodeType="tmRoot"><p:childTnLst><p:seq concurrent="1" nextAc="seek"><p:cTn id="2" dur="indefinite" nodeType="mainSeq"><p:childTnLst><p:par><p:cTn id="3" fill="hold"><p:stCondLst><p:cond delay="indefinite"/></p:stCondLst><p:childTnLst><p:par><p:cTn id="4" fill="hold"><p:stCondLst><p:cond delay="0"/></p:stCondLst><p:childTnLst><p:par><p:cTn id="5" presetID="10" presetClass="entr" presetSubtype="0" fill="hold" nodeType="clickEffect"><p:stCondLst><p:cond delay="0"/></p:stCondLst><p:childTnLst><p:set><p:cBhvr><p:cTn id="6" dur="1" fill="hold"><p:stCondLst><p:cond delay="0"/></p:stCondLst></p:cTn><p:tgtEl><p:spTgt spid="3"><p:txEl><p:pRg st="0" end="0"/></p:txEl></p:spTgt></p:tgtEl><p:attrNameLst><p:attrName>style.visibility</p:attrName></p:attrNameLst></p:cBhvr><p:to><p:strVal val="visible"/></p:to></p:set><p:animEffect transition="in" filter="fade"><p:cBhvr><p:cTn id="7" dur="500"/><p:tgtEl><p:spTgt spid="3"><p:txEl><p:pRg st="0" end="0"/></p:txEl></p:spTgt></p:tgtEl></p:cBhvr></p:animEffect></p:childTnLst></p:cTn></p:par></p:childTnLst></p:cTn></p:par></p:childTnLst></p:cTn></p:par><p:par><p:cTn id="8" fill="hold"><p:stCondLst><p:cond delay="indefinite"/></p:stCondLst><p:childTnLst><p:par><p:cTn id="9" fill="hold"><p:stCondLst><p:cond delay="0"/></p:stCondLst><p:childTnLst><p:par><p:cTn id="10" presetID="10" presetClass="entr" presetSubtype="0" fill="hold" nodeType="clickEffect"><p:stCondLst><p:cond delay="0"/></p:stCondLst><p:childTnLst><p:set><p:cBhvr><p:cTn id="11" dur="1" fill="hold"><p:stCondLst><p:cond delay="0"/></p:stCondLst></p:cTn><p:tgtEl><p:spTgt spid="3"><p:txEl><p:pRg st="1" end="1"/></p:txEl></p:spTgt></p:tgtEl><p:attrNameLst><p:attrName>style.visibility</p:attrName></p:attrNameLst></p:cBhvr><p:to><p:strVal val="visible"/></p:to></p:set><p:animEffect transition="in" filter="fade"><p:cBhvr><p:cTn id="12" dur="500"/><p:tgtEl><p:spTgt spid="3"><p:txEl><p:pRg st="1" end="1"/></p:txEl></p:spTgt></p:tgtEl></p:cBhvr></p:animEffect></p:childTnLst></p:cTn></p:par></p:childTnLst></p:cTn></p:par></p:childTnLst></p:cTn></p:par><p:par><p:cTn id="13" fill="hold"><p:stCondLst><p:cond delay="indefinite"/></p:stCondLst><p:childTnLst><p:par><p:cTn id="14" fill="hold"><p:stCondLst><p:cond delay="0"/></p:stCondLst><p:childTnLst><p:par><p:cTn id="15" presetID="10" presetClass="entr" presetSubtype="0" fill="hold" nodeType="clickEffect"><p:stCondLst><p:cond delay="0"/></p:stCondLst><p:childTnLst><p:set><p:cBhvr><p:cTn id="16" dur="1" fill="hold"><p:stCondLst><p:cond delay="0"/></p:stCondLst></p:cTn><p:tgtEl><p:spTgt spid="3"><p:txEl><p:pRg st="2" end="2"/></p:txEl></p:spTgt></p:tgtEl><p:attrNameLst><p:attrName>style.visibility</p:attrName></p:attrNameLst></p:cBhvr><p:to><p:strVal val="visible"/></p:to></p:set><p:animEffect transition="in" filter="fade"><p:cBhvr><p:cTn id="17" dur="500"/><p:tgtEl><p:spTgt spid="3"><p:txEl><p:pRg st="2" end="2"/></p:txEl></p:spTgt></p:tgtEl></p:cBhvr></p:animEffect></p:childTnLst></p:cTn></p:par></p:childTnLst></p:cTn></p:par></p:childTnLst></p:cTn></p:par><p:par><p:cTn id="18" fill="hold"><p:stCondLst><p:cond delay="indefinite"/></p:stCondLst><p:childTnLst><p:par><p:cTn id="19" fill="hold"><p:stCondLst><p:cond delay="0"/></p:stCondLst><p:childTnLst><p:par><p:cTn id="20" presetID="10" presetClass="entr" presetSubtype="0" fill="hold" nodeType="clickEffect"><p:stCondLst><p:cond delay="0"/></p:stCondLst><p:childTnLst><p:set><p:cBhvr><p:cTn id="21" dur="1" fill="hold"><p:stCondLst><p:cond delay="0"/></p:stCondLst></p:cTn><p:tgtEl><p:spTgt spid="3"><p:txEl><p:pRg st="3" end="3"/></p:txEl></p:spTgt></p:tgtEl><p:attrNameLst><p:attrName>style.visibility</p:attrName></p:attrNameLst></p:cBhvr><p:to><p:strVal val="visible"/></p:to></p:set><p:animEffect transition="in" filter="fade"><p:cBhvr><p:cTn id="22" dur="500"/><p:tgtEl><p:spTgt spid="3"><p:txEl><p:pRg st="3" end="3"/></p:txEl></p:spTgt></p:tgtEl></p:cBhvr></p:animEffect></p:childTnLst></p:cTn></p:par></p:childTnLst></p:cTn></p:par></p:childTnLst></p:cTn></p:par><p:par><p:cTn id="23" fill="hold"><p:stCondLst><p:cond delay="indefinite"/></p:stCondLst><p:childTnLst><p:par><p:cTn id="24" fill="hold"><p:stCondLst><p:cond delay="0"/></p:stCondLst><p:childTnLst><p:par><p:cTn id="25" presetID="10" presetClass="entr" presetSubtype="0" fill="hold" nodeType="clickEffect"><p:stCondLst><p:cond delay="0"/></p:stCondLst><p:childTnLst><p:set><p:cBhvr><p:cTn id="26" dur="1" fill="hold"><p:stCondLst><p:cond delay="0"/></p:stCondLst></p:cTn><p:tgtEl><p:spTgt spid="3"><p:txEl><p:pRg st="4" end="4"/></p:txEl></p:spTgt></p:tgtEl><p:attrNameLst><p:attrName>style.visibility</p:attrName></p:attrNameLst></p:cBhvr><p:to><p:strVal val="visible"/></p:to></p:set><p:animEffect transition="in" filter="fade"><p:cBhvr><p:cTn id="27" dur="500"/><p:tgtEl><p:spTgt spid="3"><p:txEl><p:pRg st="4" end="4"/></p:txEl></p:spTgt></p:tgtEl></p:cBhvr></p:animEffect></p:childTnLst></p:cTn></p:par></p:childTnLst></p:cTn></p:par></p:childTnLst></p:cTn></p:par><p:par><p:cTn id="28" fill="hold"><p:stCondLst><p:cond delay="indefinite"/></p:stCondLst><p:childTnLst><p:par><p:cTn id="29" fill="hold"><p:stCondLst><p:cond delay="0"/></p:stCondLst><p:childTnLst><p:par><p:cTn id="30" presetID="10" presetClass="entr" presetSubtype="0" fill="hold" nodeType="clickEffect"><p:stCondLst><p:cond delay="0"/></p:stCondLst><p:childTnLst><p:set><p:cBhvr><p:cTn id="31" dur="1" fill="hold"><p:stCondLst><p:cond delay="0"/></p:stCondLst></p:cTn><p:tgtEl><p:spTgt spid="3"><p:txEl><p:pRg st="5" end="5"/></p:txEl></p:spTgt></p:tgtEl><p:attrNameLst><p:attrName>style.visibility</p:attrName></p:attrNameLst></p:cBhvr><p:to><p:strVal val="visible"/></p:to></p:set><p:animEffect transition="in" filter="fade"><p:cBhvr><p:cTn id="32" dur="500"/><p:tgtEl><p:spTgt spid="3"><p:txEl><p:pRg st="5" end="5"/></p:txEl></p:spTgt></p:tgtEl></p:cBhvr></p:animEffect></p:childTnLst></p:cTn></p:par></p:childTnLst></p:cTn></p:par></p:childTnLst></p:cTn></p:par><p:par><p:cTn id="33" fill="hold"><p:stCondLst><p:cond delay="indefinite"/></p:stCondLst><p:childTnLst><p:par><p:cTn id="34" fill="hold"><p:stCondLst><p:cond delay="0"/></p:stCondLst><p:childTnLst><p:par><p:cTn id="35" presetID="10" presetClass="entr" presetSubtype="0" fill="hold" nodeType="clickEffect"><p:stCondLst><p:cond delay="0"/></p:stCondLst><p:childTnLst><p:set><p:cBhvr><p:cTn id="36" dur="1" fill="hold"><p:stCondLst><p:cond delay="0"/></p:stCondLst></p:cTn><p:tgtEl><p:spTgt spid="3"><p:txEl><p:pRg st="6" end="6"/></p:txEl></p:spTgt></p:tgtEl><p:attrNameLst><p:attrName>style.visibility</p:attrName></p:attrNameLst></p:cBhvr><p:to><p:strVal val="visible"/></p:to></p:set><p:animEffect transition="in" filter="fade"><p:cBhvr><p:cTn id="37" dur="500"/><p:tgtEl><p:spTgt spid="3"><p:txEl><p:pRg st="6" end="6"/></p:txEl></p:spTgt></p:tgtEl></p:cBhvr></p:animEffect></p:childTnLst></p:cTn></p:par></p:childTnLst></p:cTn></p:par></p:childTnLst></p:cTn></p:par><p:par><p:cTn id="38" fill="hold"><p:stCondLst><p:cond delay="indefinite"/></p:stCondLst><p:childTnLst><p:par><p:cTn id="39" fill="hold"><p:stCondLst><p:cond delay="0"/></p:stCondLst><p:childTnLst><p:par><p:cTn id="40" presetID="10" presetClass="entr" presetSubtype="0" fill="hold" nodeType="clickEffect"><p:stCondLst><p:cond delay="0"/></p:stCondLst><p:childTnLst><p:set><p:cBhvr><p:cTn id="41" dur="1" fill="hold"><p:stCondLst><p:cond delay="0"/></p:stCondLst></p:cTn><p:tgtEl><p:spTgt spid="3"><p:txEl><p:pRg st="7" end="7"/></p:txEl></p:spTgt></p:tgtEl><p:attrNameLst><p:attrName>style.visibility</p:attrName></p:attrNameLst></p:cBhvr><p:to><p:strVal val="visible"/></p:to></p:set><p:animEffect transition="in" filter="fade"><p:cBhvr><p:cTn id="42" dur="500"/><p:tgtEl><p:spTgt spid="3"><p:txEl><p:pRg st="7" end="7"/></p:txEl></p:spTgt></p:tgtEl></p:cBhvr></p:animEffect></p:childTnLst></p:cTn></p:par></p:childTnLst></p:cTn></p:par></p:childTnLst></p:cTn></p:par><p:par><p:cTn id="43" fill="hold"><p:stCondLst><p:cond delay="indefinite"/></p:stCondLst><p:childTnLst><p:par><p:cTn id="44" fill="hold"><p:stCondLst><p:cond delay="0"/></p:stCondLst><p:childTnLst><p:par><p:cTn id="45" presetID="10" presetClass="entr" presetSubtype="0" fill="hold" nodeType="clickEffect"><p:stCondLst><p:cond delay="0"/></p:stCondLst><p:childTnLst><p:set><p:cBhvr><p:cTn id="46" dur="1" fill="hold"><p:stCondLst><p:cond delay="0"/></p:stCondLst></p:cTn><p:tgtEl><p:spTgt spid="3"><p:txEl><p:pRg st="8" end="8"/></p:txEl></p:spTgt></p:tgtEl><p:attrNameLst><p:attrName>style.visibility</p:attrName></p:attrNameLst></p:cBhvr><p:to><p:strVal val="visible"/></p:to></p:set><p:animEffect transition="in" filter="fade"><p:cBhvr><p:cTn id="47" dur="500"/><p:tgtEl><p:spTgt spid="3"><p:txEl><p:pRg st="8" end="8"/></p:txEl></p:spTgt></p:tgtEl></p:cBhvr></p:animEffect></p:childTnLst></p:cTn></p:par></p:childTnLst></p:cTn></p:par></p:childTnLst></p:cTn></p:par><p:par><p:cTn id="48" fill="hold"><p:stCondLst><p:cond delay="indefinite"/></p:stCondLst><p:childTnLst><p:par><p:cTn id="49" fill="hold"><p:stCondLst><p:cond delay="0"/></p:stCondLst><p:childTnLst><p:par><p:cTn id="50" presetID="10" presetClass="entr" presetSubtype="0" fill="hold" nodeType="clickEffect"><p:stCondLst><p:cond delay="0"/></p:stCondLst><p:childTnLst><p:set><p:cBhvr><p:cTn id="51" dur="1" fill="hold"><p:stCondLst><p:cond delay="0"/></p:stCondLst></p:cTn><p:tgtEl><p:spTgt spid="3"><p:txEl><p:pRg st="9" end="9"/></p:txEl></p:spTgt></p:tgtEl><p:attrNameLst><p:attrName>style.visibility</p:attrName></p:attrNameLst></p:cBhvr><p:to><p:strVal val="visible"/></p:to></p:set><p:animEffect transition="in" filter="fade"><p:cBhvr><p:cTn id="52" dur="500"/><p:tgtEl><p:spTgt spid="3"><p:txEl><p:pRg st="9" end="9"/></p:txEl></p:spTgt></p:tgtEl></p:cBhvr></p:animEffect></p:childTnLst></p:cTn></p:par></p:childTnLst></p:cTn></p:par></p:childTnLst></p:cTn></p:par></p:childTnLst></p:cTn><p:prevCondLst><p:cond evt="onPrev" delay="0"><p:tgtEl><p:sldTgt/></p:tgtEl></p:cond></p:prevCondLst><p:nextCondLst><p:cond evt="onNext" delay="0"><p:tgtEl><p:sldTgt/></p:tgtEl></p:cond></p:nextCondLst></p:seq></p:childTnLst></p:cTn></p:par></p:tnLst></p:timing></p:sld>