<?xml version="1.0" encoding="UTF-8" standalone="yes"?>
<p:sld xmlns:a="http://schemas.openxmlformats.org/drawingml/2006/main" xmlns:r="http://schemas.openxmlformats.org/officeDocument/2006/relationships" xmlns:p="http://schemas.openxmlformats.org/presentationml/2006/main"><p:cSld><p:spTree><p:nvGrpSpPr><p:cNvPr id="1" name=""/><p:cNvGrpSpPr/><p:nvPr/></p:nvGrpSpPr><p:grpSpPr><a:xfrm><a:off x="0" y="0"/><a:ext cx="0" cy="0"/><a:chOff x="0" y="0"/><a:chExt cx="0" cy="0"/></a:xfrm></p:grpSpPr><p:sp><p:nvSpPr><p:cNvPr id="88" name="矩形: 圆角 87"><a:extLst><a:ext uri="{FF2B5EF4-FFF2-40B4-BE49-F238E27FC236}"><a16:creationId xmlns:a16="http://schemas.microsoft.com/office/drawing/2014/main" id="{DA7C2FAF-D674-4EFD-879C-369DEE86AA95}"/></a:ext></a:extLst></p:cNvPr><p:cNvSpPr/><p:nvPr/></p:nvSpPr><p:spPr><a:xfrm><a:off x="3205573" y="4195024"/><a:ext cx="4368800" cy="747009"/></a:xfrm><a:prstGeom prst="roundRect"><a:avLst/></a:prstGeom><a:solidFill><a:schemeClr val="tx2"><a:lumMod val="40000"/><a:lumOff val="60000"/></a:schemeClr></a:solidFill><a:ln/></p:spPr><p:style><a:lnRef idx="3"><a:schemeClr val="lt1"/></a:lnRef><a:fillRef idx="1"><a:schemeClr val="accent3"/></a:fillRef><a:effectRef idx="1"><a:schemeClr val="accent3"/></a:effectRef><a:fontRef idx="minor"><a:schemeClr val="lt1"/></a:fontRef></p:style><p:txBody><a:bodyPr rtlCol="0" anchor="ctr"/><a:lstStyle/><a:p><a:pPr algn="ctr"/><a:endParaRPr lang="zh-CN" altLang="en-US"/></a:p></p:txBody></p:sp><p:sp><p:nvSpPr><p:cNvPr id="79" name="矩形: 圆角 78"><a:extLst><a:ext uri="{FF2B5EF4-FFF2-40B4-BE49-F238E27FC236}"><a16:creationId xmlns:a16="http://schemas.microsoft.com/office/drawing/2014/main" id="{9AE367B8-245B-49C3-82C9-B91132DCB775}"/></a:ext></a:extLst></p:cNvPr><p:cNvSpPr/><p:nvPr/></p:nvSpPr><p:spPr><a:xfrm><a:off x="8926595" y="4551275"/><a:ext cx="2856303" cy="517190"/></a:xfrm><a:prstGeom prst="roundRect"><a:avLst/></a:prstGeom><a:ln/></p:spPr><p:style><a:lnRef idx="3"><a:schemeClr val="lt1"/></a:lnRef><a:fillRef idx="1"><a:schemeClr val="accent3"/></a:fillRef><a:effectRef idx="1"><a:schemeClr val="accent3"/></a:effectRef><a:fontRef idx="minor"><a:schemeClr val="lt1"/></a:fontRef></p:style><p:txBody><a:bodyPr rtlCol="0" anchor="ctr"/><a:lstStyle/><a:p><a:pPr algn="ctr"/><a:r><a:rPr lang="en-US" altLang="zh-CN" err="1"/><a:t>BeanPostProcessor</a:t></a:r><a:endParaRPr lang="zh-CN" altLang="en-US"/></a:p></p:txBody></p:sp><p:sp><p:nvSpPr><p:cNvPr id="78" name="矩形: 圆角 77"><a:extLst><a:ext uri="{FF2B5EF4-FFF2-40B4-BE49-F238E27FC236}"><a16:creationId xmlns:a16="http://schemas.microsoft.com/office/drawing/2014/main" id="{7971A963-8E6D-46C4-BE39-B3C0E86F6B1F}"/></a:ext></a:extLst></p:cNvPr><p:cNvSpPr/><p:nvPr/></p:nvSpPr><p:spPr><a:xfrm><a:off x="8841545" y="4407052"/><a:ext cx="2856303" cy="517190"/></a:xfrm><a:prstGeom prst="roundRect"><a:avLst/></a:prstGeom><a:ln/></p:spPr><p:style><a:lnRef idx="3"><a:schemeClr val="lt1"/></a:lnRef><a:fillRef idx="1"><a:schemeClr val="accent3"/></a:fillRef><a:effectRef idx="1"><a:schemeClr val="accent3"/></a:effectRef><a:fontRef idx="minor"><a:schemeClr val="lt1"/></a:fontRef></p:style><p:txBody><a:bodyPr rtlCol="0" anchor="ctr"/><a:lstStyle/><a:p><a:pPr algn="ctr"/><a:r><a:rPr lang="en-US" altLang="zh-CN" err="1"/><a:t>BeanPostProcessor</a:t></a:r><a:endParaRPr lang="zh-CN" altLang="en-US"/></a:p></p:txBody></p:sp><p:sp><p:nvSpPr><p:cNvPr id="16" name="矩形: 圆角 15"><a:extLst><a:ext uri="{FF2B5EF4-FFF2-40B4-BE49-F238E27FC236}"><a16:creationId xmlns:a16="http://schemas.microsoft.com/office/drawing/2014/main" id="{49693D05-B7C0-40BD-BCDB-DC1BFEED56EF}"/></a:ext></a:extLst></p:cNvPr><p:cNvSpPr/><p:nvPr/></p:nvSpPr><p:spPr><a:xfrm><a:off x="4317680" y="1877309"/><a:ext cx="2154983" cy="1551691"/></a:xfrm><a:prstGeom prst="roundRect"><a:avLst/></a:prstGeom><a:solidFill><a:schemeClr val="tx2"><a:lumMod val="20000"/><a:lumOff val="80000"/></a:schemeClr></a:solidFill><a:ln/></p:spPr><p:style><a:lnRef idx="3"><a:schemeClr val="lt1"/></a:lnRef><a:fillRef idx="1"><a:schemeClr val="accent3"/></a:fillRef><a:effectRef idx="1"><a:schemeClr val="accent3"/></a:effectRef><a:fontRef idx="minor"><a:schemeClr val="lt1"/></a:fontRef></p:style><p:txBody><a:bodyPr rtlCol="0" anchor="ctr"/><a:lstStyle/><a:p><a:pPr algn="ctr"/><a:endParaRPr lang="zh-CN" altLang="en-US"/></a:p></p:txBody></p:sp><p:sp><p:nvSpPr><p:cNvPr id="4" name="标题 3"><a:extLst><a:ext uri="{FF2B5EF4-FFF2-40B4-BE49-F238E27FC236}"><a16:creationId xmlns:a16="http://schemas.microsoft.com/office/drawing/2014/main" id="{C6A814B0-ABCD-4FD6-A712-5EDA05485861}"/></a:ext></a:extLst></p:cNvPr><p:cNvSpPr><a:spLocks noGrp="1"/></p:cNvSpPr><p:nvPr><p:ph type="title"/></p:nvPr></p:nvSpPr><p:spPr/><p:txBody><a:bodyPr/><a:lstStyle/><a:p><a:r><a:rPr lang="zh-CN" altLang="en-US"/><a:t>讲哪些内容</a:t></a:r></a:p></p:txBody></p:sp><p:sp><p:nvSpPr><p:cNvPr id="6" name="矩形: 圆角 5"><a:extLst><a:ext uri="{FF2B5EF4-FFF2-40B4-BE49-F238E27FC236}"><a16:creationId xmlns:a16="http://schemas.microsoft.com/office/drawing/2014/main" id="{7D09B0BC-6A4F-4675-86CA-AAB70911287D}"/></a:ext></a:extLst></p:cNvPr><p:cNvSpPr/><p:nvPr/></p:nvSpPr><p:spPr><a:xfrm><a:off x="710880" y="3392119"/><a:ext cx="2154983" cy="517190"/></a:xfrm><a:prstGeom prst="roundRect"><a:avLst/></a:prstGeom><a:ln/></p:spPr><p:style><a:lnRef idx="3"><a:schemeClr val="lt1"/></a:lnRef><a:fillRef idx="1"><a:schemeClr val="accent3"/></a:fillRef><a:effectRef idx="1"><a:schemeClr val="accent3"/></a:effectRef><a:fontRef idx="minor"><a:schemeClr val="lt1"/></a:fontRef></p:style><p:txBody><a:bodyPr rtlCol="0" anchor="ctr"/><a:lstStyle/><a:p><a:pPr algn="ctr"/><a:r><a:rPr lang="en-US" altLang="zh-CN" err="1"/><a:t>ApplicationContext</a:t></a:r><a:endParaRPr lang="zh-CN" altLang="en-US"/></a:p></p:txBody></p:sp><p:sp><p:nvSpPr><p:cNvPr id="17" name="矩形: 圆角 16"><a:extLst><a:ext uri="{FF2B5EF4-FFF2-40B4-BE49-F238E27FC236}"><a16:creationId xmlns:a16="http://schemas.microsoft.com/office/drawing/2014/main" id="{ED0A1C6B-3CC8-4FDA-B102-40B3D48CE582}"/></a:ext></a:extLst></p:cNvPr><p:cNvSpPr/><p:nvPr/></p:nvSpPr><p:spPr><a:xfrm><a:off x="3175000" y="3162300"/><a:ext cx="4368800" cy="747009"/></a:xfrm><a:prstGeom prst="roundRect"><a:avLst/></a:prstGeom><a:solidFill><a:schemeClr val="tx2"><a:lumMod val="40000"/><a:lumOff val="60000"/></a:schemeClr></a:solidFill><a:ln/></p:spPr><p:style><a:lnRef idx="3"><a:schemeClr val="lt1"/></a:lnRef><a:fillRef idx="1"><a:schemeClr val="accent3"/></a:fillRef><a:effectRef idx="1"><a:schemeClr val="accent3"/></a:effectRef><a:fontRef idx="minor"><a:schemeClr val="lt1"/></a:fontRef></p:style><p:txBody><a:bodyPr rtlCol="0" anchor="ctr"/><a:lstStyle/><a:p><a:pPr algn="ctr"/><a:endParaRPr lang="zh-CN" altLang="en-US"/></a:p></p:txBody></p:sp><p:sp><p:nvSpPr><p:cNvPr id="5" name="矩形: 圆角 4"><a:extLst><a:ext uri="{FF2B5EF4-FFF2-40B4-BE49-F238E27FC236}"><a16:creationId xmlns:a16="http://schemas.microsoft.com/office/drawing/2014/main" id="{6F8BFCF4-D013-4FD0-97B3-D44670B7566B}"/></a:ext></a:extLst></p:cNvPr><p:cNvSpPr/><p:nvPr/></p:nvSpPr><p:spPr><a:xfrm><a:off x="710880" y="1193181"/><a:ext cx="1416204" cy="517190"/></a:xfrm><a:prstGeom prst="roundRect"><a:avLst/></a:prstGeom><a:ln/></p:spPr><p:style><a:lnRef idx="3"><a:schemeClr val="lt1"/></a:lnRef><a:fillRef idx="1"><a:schemeClr val="accent3"/></a:fillRef><a:effectRef idx="1"><a:schemeClr val="accent3"/></a:effectRef><a:fontRef idx="minor"><a:schemeClr val="lt1"/></a:fontRef></p:style><p:txBody><a:bodyPr rtlCol="0" anchor="ctr"/><a:lstStyle/><a:p><a:pPr algn="ctr"/><a:r><a:rPr lang="en-US" altLang="zh-CN" err="1"/><a:t>BeanFactory</a:t></a:r><a:endParaRPr lang="zh-CN" altLang="en-US"/></a:p></p:txBody></p:sp><p:sp><p:nvSpPr><p:cNvPr id="20" name="矩形: 圆角 19"><a:extLst><a:ext uri="{FF2B5EF4-FFF2-40B4-BE49-F238E27FC236}"><a16:creationId xmlns:a16="http://schemas.microsoft.com/office/drawing/2014/main" id="{BBD9F050-B290-47A4-AB91-470B750FF857}"/></a:ext></a:extLst></p:cNvPr><p:cNvSpPr/><p:nvPr/></p:nvSpPr><p:spPr><a:xfrm><a:off x="3346284" y="3295312"/><a:ext cx="1219520" cy="449856"/></a:xfrm><a:prstGeom prst="roundRect"><a:avLst/></a:prstGeom><a:solidFill><a:schemeClr val="accent5"><a:lumMod val="60000"/><a:lumOff val="40000"/></a:schemeClr></a:solidFill><a:ln w="38100"><a:solidFill><a:schemeClr val="bg1"/></a:solidFill><a:prstDash val="sysDash"/></a:ln></p:spPr><p:style><a:lnRef idx="1"><a:schemeClr val="accent2"/></a:lnRef><a:fillRef idx="3"><a:schemeClr val="accent2"/></a:fillRef><a:effectRef idx="2"><a:schemeClr val="accent2"/></a:effectRef><a:fontRef idx="minor"><a:schemeClr val="lt1"/></a:fontRef></p:style><p:txBody><a:bodyPr rtlCol="0" anchor="ctr"/><a:lstStyle/><a:p><a:pPr algn="ctr"/><a:r><a:rPr lang="en-US" altLang="zh-CN"/><a:t>Bean </a:t></a:r><a:r><a:rPr lang="zh-CN" altLang="en-US"/><a:t>定义</a:t></a:r></a:p></p:txBody></p:sp><p:sp><p:nvSpPr><p:cNvPr id="21" name="矩形: 圆角 20"><a:extLst><a:ext uri="{FF2B5EF4-FFF2-40B4-BE49-F238E27FC236}"><a16:creationId xmlns:a16="http://schemas.microsoft.com/office/drawing/2014/main" id="{F5ABB3A8-9F0C-4A9F-8785-440C306973B3}"/></a:ext></a:extLst></p:cNvPr><p:cNvSpPr/><p:nvPr/></p:nvSpPr><p:spPr><a:xfrm><a:off x="4775706" y="3295312"/><a:ext cx="1219520" cy="449856"/></a:xfrm><a:prstGeom prst="roundRect"><a:avLst/></a:prstGeom><a:solidFill><a:schemeClr val="accent5"><a:lumMod val="60000"/><a:lumOff val="40000"/></a:schemeClr></a:solidFill><a:ln w="38100"><a:solidFill><a:schemeClr val="bg1"/></a:solidFill><a:prstDash val="sysDash"/></a:ln></p:spPr><p:style><a:lnRef idx="1"><a:schemeClr val="accent2"/></a:lnRef><a:fillRef idx="3"><a:schemeClr val="accent2"/></a:fillRef><a:effectRef idx="2"><a:schemeClr val="accent2"/></a:effectRef><a:fontRef idx="minor"><a:schemeClr val="lt1"/></a:fontRef></p:style><p:txBody><a:bodyPr rtlCol="0" anchor="ctr"/><a:lstStyle/><a:p><a:pPr algn="ctr"/><a:r><a:rPr lang="en-US" altLang="zh-CN"/><a:t>Bean </a:t></a:r><a:r><a:rPr lang="zh-CN" altLang="en-US"/><a:t>定义</a:t></a:r></a:p></p:txBody></p:sp><p:sp><p:nvSpPr><p:cNvPr id="22" name="矩形: 圆角 21"><a:extLst><a:ext uri="{FF2B5EF4-FFF2-40B4-BE49-F238E27FC236}"><a16:creationId xmlns:a16="http://schemas.microsoft.com/office/drawing/2014/main" id="{F3C5CDC6-71B1-4305-88E2-C13B43802AF8}"/></a:ext></a:extLst></p:cNvPr><p:cNvSpPr/><p:nvPr/></p:nvSpPr><p:spPr><a:xfrm><a:off x="6203372" y="3295312"/><a:ext cx="1219520" cy="449856"/></a:xfrm><a:prstGeom prst="roundRect"><a:avLst/></a:prstGeom><a:solidFill><a:schemeClr val="accent5"><a:lumMod val="60000"/><a:lumOff val="40000"/></a:schemeClr></a:solidFill><a:ln w="38100"><a:solidFill><a:schemeClr val="bg1"/></a:solidFill><a:prstDash val="sysDash"/></a:ln></p:spPr><p:style><a:lnRef idx="1"><a:schemeClr val="accent2"/></a:lnRef><a:fillRef idx="3"><a:schemeClr val="accent2"/></a:fillRef><a:effectRef idx="2"><a:schemeClr val="accent2"/></a:effectRef><a:fontRef idx="minor"><a:schemeClr val="lt1"/></a:fontRef></p:style><p:txBody><a:bodyPr rtlCol="0" anchor="ctr"/><a:lstStyle/><a:p><a:pPr algn="ctr"/><a:r><a:rPr lang="en-US" altLang="zh-CN"/><a:t>Bean </a:t></a:r><a:r><a:rPr lang="zh-CN" altLang="en-US"/><a:t>定义</a:t></a:r></a:p></p:txBody></p:sp><p:sp><p:nvSpPr><p:cNvPr id="25" name="矩形: 圆角 24"><a:extLst><a:ext uri="{FF2B5EF4-FFF2-40B4-BE49-F238E27FC236}"><a16:creationId xmlns:a16="http://schemas.microsoft.com/office/drawing/2014/main" id="{C06AA5A2-2506-464B-AB25-8D0C08ADCADF}"/></a:ext></a:extLst></p:cNvPr><p:cNvSpPr/><p:nvPr/></p:nvSpPr><p:spPr><a:xfrm><a:off x="8756496" y="3277209"/><a:ext cx="2856303" cy="517190"/></a:xfrm><a:prstGeom prst="roundRect"><a:avLst/></a:prstGeom><a:ln/></p:spPr><p:style><a:lnRef idx="3"><a:schemeClr val="lt1"/></a:lnRef><a:fillRef idx="1"><a:schemeClr val="accent3"/></a:fillRef><a:effectRef idx="1"><a:schemeClr val="accent3"/></a:effectRef><a:fontRef idx="minor"><a:schemeClr val="lt1"/></a:fontRef></p:style><p:txBody><a:bodyPr rtlCol="0" anchor="ctr"/><a:lstStyle/><a:p><a:pPr algn="ctr"/><a:r><a:rPr lang="en-US" altLang="zh-CN" err="1"/><a:t>BeanFactoryPostProcessor</a:t></a:r><a:endParaRPr lang="zh-CN" altLang="en-US"/></a:p></p:txBody></p:sp><p:cxnSp><p:nvCxnSpPr><p:cNvPr id="26" name="直接箭头连接符 25"><a:extLst><a:ext uri="{FF2B5EF4-FFF2-40B4-BE49-F238E27FC236}"><a16:creationId xmlns:a16="http://schemas.microsoft.com/office/drawing/2014/main" id="{9FFFD47C-3C9E-4C99-B875-929C85AE39B4}"/></a:ext></a:extLst></p:cNvPr><p:cNvCxnSpPr><a:cxnSpLocks/><a:stCxn id="25" idx="1"/><a:endCxn id="17" idx="3"/></p:cNvCxnSpPr><p:nvPr/></p:nvCxnSpPr><p:spPr><a:xfrm flipH="1"><a:off x="7543800" y="3535804"/><a:ext cx="1212696" cy="1"/></a:xfrm><a:prstGeom prst="straightConnector1"><a:avLst/></a:prstGeom><a:ln w="57150"><a:tailEnd type="triangle"/></a:ln></p:spPr><p:style><a:lnRef idx="1"><a:schemeClr val="accent1"/></a:lnRef><a:fillRef idx="0"><a:schemeClr val="accent1"/></a:fillRef><a:effectRef idx="0"><a:schemeClr val="accent1"/></a:effectRef><a:fontRef idx="minor"><a:schemeClr val="tx1"/></a:fontRef></p:style></p:cxnSp><p:sp><p:nvSpPr><p:cNvPr id="35" name="矩形: 圆角 34"><a:extLst><a:ext uri="{FF2B5EF4-FFF2-40B4-BE49-F238E27FC236}"><a16:creationId xmlns:a16="http://schemas.microsoft.com/office/drawing/2014/main" id="{46A5F2F3-2649-41EF-B8CB-3823D2351CAB}"/></a:ext></a:extLst></p:cNvPr><p:cNvSpPr/><p:nvPr/></p:nvSpPr><p:spPr><a:xfrm><a:off x="3346284" y="4330162"/><a:ext cx="1219520" cy="449856"/></a:xfrm><a:prstGeom prst="roundRect"><a:avLst/></a:prstGeom><a:solidFill><a:schemeClr val="accent5"><a:lumMod val="60000"/><a:lumOff val="40000"/></a:schemeClr></a:solidFill><a:ln w="38100"><a:solidFill><a:schemeClr val="bg1"/></a:solidFill><a:prstDash val="solid"/></a:ln></p:spPr><p:style><a:lnRef idx="1"><a:schemeClr val="accent2"/></a:lnRef><a:fillRef idx="3"><a:schemeClr val="accent2"/></a:fillRef><a:effectRef idx="2"><a:schemeClr val="accent2"/></a:effectRef><a:fontRef idx="minor"><a:schemeClr val="lt1"/></a:fontRef></p:style><p:txBody><a:bodyPr rtlCol="0" anchor="ctr"/><a:lstStyle/><a:p><a:pPr algn="ctr"/><a:r><a:rPr lang="en-US" altLang="zh-CN"/><a:t>Bean</a:t></a:r><a:endParaRPr lang="zh-CN" altLang="en-US"/></a:p></p:txBody></p:sp><p:sp><p:nvSpPr><p:cNvPr id="36" name="矩形: 圆角 35"><a:extLst><a:ext uri="{FF2B5EF4-FFF2-40B4-BE49-F238E27FC236}"><a16:creationId xmlns:a16="http://schemas.microsoft.com/office/drawing/2014/main" id="{06A06C78-8F2D-4CDB-97C3-54A745FCE105}"/></a:ext></a:extLst></p:cNvPr><p:cNvSpPr/><p:nvPr/></p:nvSpPr><p:spPr><a:xfrm><a:off x="4775706" y="4330162"/><a:ext cx="1219520" cy="449856"/></a:xfrm><a:prstGeom prst="roundRect"><a:avLst/></a:prstGeom><a:solidFill><a:schemeClr val="accent5"><a:lumMod val="60000"/><a:lumOff val="40000"/></a:schemeClr></a:solidFill><a:ln w="38100"><a:solidFill><a:schemeClr val="bg1"/></a:solidFill><a:prstDash val="solid"/></a:ln></p:spPr><p:style><a:lnRef idx="1"><a:schemeClr val="accent2"/></a:lnRef><a:fillRef idx="3"><a:schemeClr val="accent2"/></a:fillRef><a:effectRef idx="2"><a:schemeClr val="accent2"/></a:effectRef><a:fontRef idx="minor"><a:schemeClr val="lt1"/></a:fontRef></p:style><p:txBody><a:bodyPr rtlCol="0" anchor="ctr"/><a:lstStyle/><a:p><a:pPr algn="ctr"/><a:r><a:rPr lang="en-US" altLang="zh-CN"/><a:t>Bean</a:t></a:r><a:endParaRPr lang="zh-CN" altLang="en-US"/></a:p></p:txBody></p:sp><p:sp><p:nvSpPr><p:cNvPr id="37" name="矩形: 圆角 36"><a:extLst><a:ext uri="{FF2B5EF4-FFF2-40B4-BE49-F238E27FC236}"><a16:creationId xmlns:a16="http://schemas.microsoft.com/office/drawing/2014/main" id="{AC1C0CB8-7738-4CD6-9A7B-3FDCA938E614}"/></a:ext></a:extLst></p:cNvPr><p:cNvSpPr/><p:nvPr/></p:nvSpPr><p:spPr><a:xfrm><a:off x="6203372" y="4330162"/><a:ext cx="1219520" cy="449856"/></a:xfrm><a:prstGeom prst="roundRect"><a:avLst/></a:prstGeom><a:solidFill><a:schemeClr val="accent5"><a:lumMod val="60000"/><a:lumOff val="40000"/></a:schemeClr></a:solidFill><a:ln w="38100"><a:solidFill><a:schemeClr val="bg1"/></a:solidFill><a:prstDash val="solid"/></a:ln></p:spPr><p:style><a:lnRef idx="1"><a:schemeClr val="accent2"/></a:lnRef><a:fillRef idx="3"><a:schemeClr val="accent2"/></a:fillRef><a:effectRef idx="2"><a:schemeClr val="accent2"/></a:effectRef><a:fontRef idx="minor"><a:schemeClr val="lt1"/></a:fontRef></p:style><p:txBody><a:bodyPr rtlCol="0" anchor="ctr"/><a:lstStyle/><a:p><a:pPr algn="ctr"/><a:r><a:rPr lang="en-US" altLang="zh-CN"/><a:t>Bean</a:t></a:r><a:endParaRPr lang="zh-CN" altLang="en-US"/></a:p></p:txBody></p:sp><p:cxnSp><p:nvCxnSpPr><p:cNvPr id="38" name="直接箭头连接符 37"><a:extLst><a:ext uri="{FF2B5EF4-FFF2-40B4-BE49-F238E27FC236}"><a16:creationId xmlns:a16="http://schemas.microsoft.com/office/drawing/2014/main" id="{897C82CB-2659-4CBA-A5C0-D2647BDA178B}"/></a:ext></a:extLst></p:cNvPr><p:cNvCxnSpPr><a:cxnSpLocks/><a:stCxn id="20" idx="2"/><a:endCxn id="35" idx="0"/></p:cNvCxnSpPr><p:nvPr/></p:nvCxnSpPr><p:spPr><a:xfrm><a:off x="3956044" y="3745168"/><a:ext cx="0" cy="584994"/></a:xfrm><a:prstGeom prst="straightConnector1"><a:avLst/></a:prstGeom><a:ln w="57150"><a:tailEnd type="triangle"/></a:ln></p:spPr><p:style><a:lnRef idx="1"><a:schemeClr val="accent1"/></a:lnRef><a:fillRef idx="0"><a:schemeClr val="accent1"/></a:fillRef><a:effectRef idx="0"><a:schemeClr val="accent1"/></a:effectRef><a:fontRef idx="minor"><a:schemeClr val="tx1"/></a:fontRef></p:style></p:cxnSp><p:cxnSp><p:nvCxnSpPr><p:cNvPr id="41" name="直接箭头连接符 40"><a:extLst><a:ext uri="{FF2B5EF4-FFF2-40B4-BE49-F238E27FC236}"><a16:creationId xmlns:a16="http://schemas.microsoft.com/office/drawing/2014/main" id="{E85AACC1-EDB2-4F9D-9BCC-8862B146D15C}"/></a:ext></a:extLst></p:cNvPr><p:cNvCxnSpPr><a:cxnSpLocks/><a:stCxn id="21" idx="2"/><a:endCxn id="36" idx="0"/></p:cNvCxnSpPr><p:nvPr/></p:nvCxnSpPr><p:spPr><a:xfrm><a:off x="5385466" y="3745168"/><a:ext cx="0" cy="584994"/></a:xfrm><a:prstGeom prst="straightConnector1"><a:avLst/></a:prstGeom><a:ln w="57150"><a:tailEnd type="triangle"/></a:ln></p:spPr><p:style><a:lnRef idx="1"><a:schemeClr val="accent1"/></a:lnRef><a:fillRef idx="0"><a:schemeClr val="accent1"/></a:fillRef><a:effectRef idx="0"><a:schemeClr val="accent1"/></a:effectRef><a:fontRef idx="minor"><a:schemeClr val="tx1"/></a:fontRef></p:style></p:cxnSp><p:cxnSp><p:nvCxnSpPr><p:cNvPr id="44" name="直接箭头连接符 43"><a:extLst><a:ext uri="{FF2B5EF4-FFF2-40B4-BE49-F238E27FC236}"><a16:creationId xmlns:a16="http://schemas.microsoft.com/office/drawing/2014/main" id="{46A2BB1D-6B58-4FC1-9C36-0C5B4E11E896}"/></a:ext></a:extLst></p:cNvPr><p:cNvCxnSpPr><a:cxnSpLocks/><a:stCxn id="22" idx="2"/><a:endCxn id="37" idx="0"/></p:cNvCxnSpPr><p:nvPr/></p:nvCxnSpPr><p:spPr><a:xfrm><a:off x="6813132" y="3745168"/><a:ext cx="0" cy="584994"/></a:xfrm><a:prstGeom prst="straightConnector1"><a:avLst/></a:prstGeom><a:ln w="57150"><a:tailEnd type="triangle"/></a:ln></p:spPr><p:style><a:lnRef idx="1"><a:schemeClr val="accent1"/></a:lnRef><a:fillRef idx="0"><a:schemeClr val="accent1"/></a:fillRef><a:effectRef idx="0"><a:schemeClr val="accent1"/></a:effectRef><a:fontRef idx="minor"><a:schemeClr val="tx1"/></a:fontRef></p:style></p:cxnSp><p:sp><p:nvSpPr><p:cNvPr id="49" name="文本框 48"><a:extLst><a:ext uri="{FF2B5EF4-FFF2-40B4-BE49-F238E27FC236}"><a16:creationId xmlns:a16="http://schemas.microsoft.com/office/drawing/2014/main" id="{72D8D0E2-FB4E-4E90-A10A-768B6B67BC49}"/></a:ext></a:extLst></p:cNvPr><p:cNvSpPr txBox="1"/><p:nvPr/></p:nvSpPr><p:spPr><a:xfrm><a:off x="1293086" y="4379908"/><a:ext cx="1210588" cy="400110"/></a:xfrm><a:prstGeom prst="rect"><a:avLst/></a:prstGeom><a:noFill/></p:spPr><p:txBody><a:bodyPr wrap="none" rtlCol="0"><a:spAutoFit/></a:bodyPr><a:lstStyle/><a:p><a:pPr fontAlgn="auto"><a:spcBef><a:spcPts val="0"/></a:spcBef><a:spcAft><a:spcPts val="0"/></a:spcAft></a:pPr><a:r><a:rPr lang="zh-CN" altLang="en-US" sz="2000" b="1"><a:ln w="6600"><a:solidFill><a:schemeClr val="accent2"/></a:solidFill><a:prstDash val="solid"/></a:ln><a:solidFill><a:srgbClr val="FFFFFF"/></a:solidFill><a:effectLst><a:outerShdw dist="38100" dir="2700000" algn="tl" rotWithShape="0"><a:schemeClr val="accent2"/></a:outerShdw></a:effectLst><a:ea typeface="Alibaba PuHuiTi B"/></a:rPr><a:t>创建前后</a:t></a:r></a:p></p:txBody></p:sp><p:cxnSp><p:nvCxnSpPr><p:cNvPr id="51" name="连接符: 曲线 50"><a:extLst><a:ext uri="{FF2B5EF4-FFF2-40B4-BE49-F238E27FC236}"><a16:creationId xmlns:a16="http://schemas.microsoft.com/office/drawing/2014/main" id="{7DF2580F-48EA-443C-A5F8-11DE73F1CB1E}"/></a:ext></a:extLst></p:cNvPr><p:cNvCxnSpPr><a:cxnSpLocks/><a:stCxn id="47" idx="1"/><a:endCxn id="35" idx="0"/></p:cNvCxnSpPr><p:nvPr/></p:nvCxnSpPr><p:spPr><a:xfrm rot="10800000"><a:off x="3956044" y="4330163"/><a:ext cx="4800452" cy="191261"/></a:xfrm><a:prstGeom prst="curvedConnector4"><a:avLst><a:gd name="adj1" fmla="val 526"/><a:gd name="adj2" fmla="val 259364"/></a:avLst></a:prstGeom><a:ln w="50800"><a:tailEnd type="triangle"/></a:ln></p:spPr><p:style><a:lnRef idx="1"><a:schemeClr val="accent1"/></a:lnRef><a:fillRef idx="0"><a:schemeClr val="accent1"/></a:fillRef><a:effectRef idx="0"><a:schemeClr val="accent1"/></a:effectRef><a:fontRef idx="minor"><a:schemeClr val="tx1"/></a:fontRef></p:style></p:cxnSp><p:cxnSp><p:nvCxnSpPr><p:cNvPr id="58" name="连接符: 曲线 57"><a:extLst><a:ext uri="{FF2B5EF4-FFF2-40B4-BE49-F238E27FC236}"><a16:creationId xmlns:a16="http://schemas.microsoft.com/office/drawing/2014/main" id="{6C1A4591-BAA9-41F9-99B2-7CFF38917622}"/></a:ext></a:extLst></p:cNvPr><p:cNvCxnSpPr><a:cxnSpLocks/><a:stCxn id="47" idx="1"/><a:endCxn id="36" idx="0"/></p:cNvCxnSpPr><p:nvPr/></p:nvCxnSpPr><p:spPr><a:xfrm rot="10800000"><a:off x="5385466" y="4330163"/><a:ext cx="3371030" cy="191261"/></a:xfrm><a:prstGeom prst="curvedConnector4"><a:avLst><a:gd name="adj1" fmla="val 645"/><a:gd name="adj2" fmla="val 219523"/></a:avLst></a:prstGeom><a:ln w="50800"><a:tailEnd type="triangle"/></a:ln></p:spPr><p:style><a:lnRef idx="1"><a:schemeClr val="accent1"/></a:lnRef><a:fillRef idx="0"><a:schemeClr val="accent1"/></a:fillRef><a:effectRef idx="0"><a:schemeClr val="accent1"/></a:effectRef><a:fontRef idx="minor"><a:schemeClr val="tx1"/></a:fontRef></p:style></p:cxnSp><p:cxnSp><p:nvCxnSpPr><p:cNvPr id="62" name="连接符: 曲线 61"><a:extLst><a:ext uri="{FF2B5EF4-FFF2-40B4-BE49-F238E27FC236}"><a16:creationId xmlns:a16="http://schemas.microsoft.com/office/drawing/2014/main" id="{D9906E23-EAF6-4E1D-BBA5-68B24A29FFAC}"/></a:ext></a:extLst></p:cNvPr><p:cNvCxnSpPr><a:cxnSpLocks/><a:stCxn id="47" idx="1"/><a:endCxn id="37" idx="0"/></p:cNvCxnSpPr><p:nvPr/></p:nvCxnSpPr><p:spPr><a:xfrm rot="10800000"><a:off x="6813132" y="4330163"/><a:ext cx="1943364" cy="191261"/></a:xfrm><a:prstGeom prst="curvedConnector4"><a:avLst><a:gd name="adj1" fmla="val -324"/><a:gd name="adj2" fmla="val 184540"/></a:avLst></a:prstGeom><a:ln w="50800"><a:tailEnd type="triangle"/></a:ln></p:spPr><p:style><a:lnRef idx="1"><a:schemeClr val="accent1"/></a:lnRef><a:fillRef idx="0"><a:schemeClr val="accent1"/></a:fillRef><a:effectRef idx="0"><a:schemeClr val="accent1"/></a:effectRef><a:fontRef idx="minor"><a:schemeClr val="tx1"/></a:fontRef></p:style></p:cxnSp><p:cxnSp><p:nvCxnSpPr><p:cNvPr id="66" name="连接符: 曲线 65"><a:extLst><a:ext uri="{FF2B5EF4-FFF2-40B4-BE49-F238E27FC236}"><a16:creationId xmlns:a16="http://schemas.microsoft.com/office/drawing/2014/main" id="{00884125-2C79-4378-8301-691E11F7A193}"/></a:ext></a:extLst></p:cNvPr><p:cNvCxnSpPr><a:cxnSpLocks/><a:stCxn id="47" idx="1"/><a:endCxn id="35" idx="2"/></p:cNvCxnSpPr><p:nvPr/></p:nvCxnSpPr><p:spPr><a:xfrm rot="10800000" flipV="1"><a:off x="3956044" y="4521422"/><a:ext cx="4800452" cy="258595"/></a:xfrm><a:prstGeom prst="curvedConnector4"><a:avLst><a:gd name="adj1" fmla="val 229"/><a:gd name="adj2" fmla="val 209962"/></a:avLst></a:prstGeom><a:ln w="50800"><a:tailEnd type="triangle"/></a:ln></p:spPr><p:style><a:lnRef idx="1"><a:schemeClr val="accent1"/></a:lnRef><a:fillRef idx="0"><a:schemeClr val="accent1"/></a:fillRef><a:effectRef idx="0"><a:schemeClr val="accent1"/></a:effectRef><a:fontRef idx="minor"><a:schemeClr val="tx1"/></a:fontRef></p:style></p:cxnSp><p:cxnSp><p:nvCxnSpPr><p:cNvPr id="69" name="连接符: 曲线 68"><a:extLst><a:ext uri="{FF2B5EF4-FFF2-40B4-BE49-F238E27FC236}"><a16:creationId xmlns:a16="http://schemas.microsoft.com/office/drawing/2014/main" id="{F26CEB1A-A5B8-4D1F-B219-A459FD9E90FD}"/></a:ext></a:extLst></p:cNvPr><p:cNvCxnSpPr><a:cxnSpLocks/><a:stCxn id="47" idx="1"/><a:endCxn id="36" idx="2"/></p:cNvCxnSpPr><p:nvPr/></p:nvCxnSpPr><p:spPr><a:xfrm rot="10800000" flipV="1"><a:off x="5385466" y="4521422"/><a:ext cx="3371030" cy="258595"/></a:xfrm><a:prstGeom prst="curvedConnector4"><a:avLst><a:gd name="adj1" fmla="val 645"/><a:gd name="adj2" fmla="val 175464"/></a:avLst></a:prstGeom><a:ln w="50800"><a:tailEnd type="triangle"/></a:ln></p:spPr><p:style><a:lnRef idx="1"><a:schemeClr val="accent1"/></a:lnRef><a:fillRef idx="0"><a:schemeClr val="accent1"/></a:fillRef><a:effectRef idx="0"><a:schemeClr val="accent1"/></a:effectRef><a:fontRef idx="minor"><a:schemeClr val="tx1"/></a:fontRef></p:style></p:cxnSp><p:cxnSp><p:nvCxnSpPr><p:cNvPr id="72" name="连接符: 曲线 71"><a:extLst><a:ext uri="{FF2B5EF4-FFF2-40B4-BE49-F238E27FC236}"><a16:creationId xmlns:a16="http://schemas.microsoft.com/office/drawing/2014/main" id="{02830173-9F9F-457B-AE08-A275A15A46F6}"/></a:ext></a:extLst></p:cNvPr><p:cNvCxnSpPr><a:cxnSpLocks/><a:stCxn id="47" idx="1"/><a:endCxn id="37" idx="2"/></p:cNvCxnSpPr><p:nvPr/></p:nvCxnSpPr><p:spPr><a:xfrm rot="10800000" flipV="1"><a:off x="6813132" y="4521422"/><a:ext cx="1943364" cy="258595"/></a:xfrm><a:prstGeom prst="curvedConnector4"><a:avLst><a:gd name="adj1" fmla="val 330"/><a:gd name="adj2" fmla="val 153904"/></a:avLst></a:prstGeom><a:ln w="50800"><a:tailEnd type="triangle"/></a:ln></p:spPr><p:style><a:lnRef idx="1"><a:schemeClr val="accent1"/></a:lnRef><a:fillRef idx="0"><a:schemeClr val="accent1"/></a:fillRef><a:effectRef idx="0"><a:schemeClr val="accent1"/></a:effectRef><a:fontRef idx="minor"><a:schemeClr val="tx1"/></a:fontRef></p:style></p:cxnSp><p:sp><p:nvSpPr><p:cNvPr id="80" name="文本框 79"><a:extLst><a:ext uri="{FF2B5EF4-FFF2-40B4-BE49-F238E27FC236}"><a16:creationId xmlns:a16="http://schemas.microsoft.com/office/drawing/2014/main" id="{DDDCF01B-1209-449F-BE05-909FE133FC39}"/></a:ext></a:extLst></p:cNvPr><p:cNvSpPr txBox="1"/><p:nvPr/></p:nvSpPr><p:spPr><a:xfrm><a:off x="1293085" y="4379908"/><a:ext cx="1210588" cy="400110"/></a:xfrm><a:prstGeom prst="rect"><a:avLst/></a:prstGeom><a:noFill/></p:spPr><p:txBody><a:bodyPr wrap="none" rtlCol="0"><a:spAutoFit/></a:bodyPr><a:lstStyle/><a:p><a:pPr fontAlgn="auto"><a:spcBef><a:spcPts val="0"/></a:spcBef><a:spcAft><a:spcPts val="0"/></a:spcAft></a:pPr><a:r><a:rPr lang="zh-CN" altLang="en-US" sz="2000" b="1"><a:ln w="6600"><a:solidFill><a:schemeClr val="accent2"/></a:solidFill><a:prstDash val="solid"/></a:ln><a:solidFill><a:srgbClr val="FFFFFF"/></a:solidFill><a:effectLst><a:outerShdw dist="38100" dir="2700000" algn="tl" rotWithShape="0"><a:schemeClr val="accent2"/></a:outerShdw></a:effectLst><a:ea typeface="Alibaba PuHuiTi B"/></a:rPr><a:t>依赖注入</a:t></a:r></a:p></p:txBody></p:sp><p:sp><p:nvSpPr><p:cNvPr id="81" name="文本框 80"><a:extLst><a:ext uri="{FF2B5EF4-FFF2-40B4-BE49-F238E27FC236}"><a16:creationId xmlns:a16="http://schemas.microsoft.com/office/drawing/2014/main" id="{D8A2D2C1-2A2A-493C-B739-4418D830C9F2}"/></a:ext></a:extLst></p:cNvPr><p:cNvSpPr txBox="1"/><p:nvPr/></p:nvSpPr><p:spPr><a:xfrm><a:off x="1183329" y="4379907"/><a:ext cx="1467068" cy="400110"/></a:xfrm><a:prstGeom prst="rect"><a:avLst/></a:prstGeom><a:noFill/></p:spPr><p:txBody><a:bodyPr wrap="none" rtlCol="0"><a:spAutoFit/></a:bodyPr><a:lstStyle/><a:p><a:pPr fontAlgn="auto"><a:spcBef><a:spcPts val="0"/></a:spcBef><a:spcAft><a:spcPts val="0"/></a:spcAft></a:pPr><a:r><a:rPr lang="zh-CN" altLang="en-US" sz="2000" b="1"><a:ln w="6600"><a:solidFill><a:schemeClr val="accent2"/></a:solidFill><a:prstDash val="solid"/></a:ln><a:solidFill><a:srgbClr val="FFFFFF"/></a:solidFill><a:effectLst><a:outerShdw dist="38100" dir="2700000" algn="tl" rotWithShape="0"><a:schemeClr val="accent2"/></a:outerShdw></a:effectLst><a:ea typeface="Alibaba PuHuiTi B"/></a:rPr><a:t>初始化前后</a:t></a:r></a:p></p:txBody></p:sp><p:sp><p:nvSpPr><p:cNvPr id="47" name="矩形: 圆角 46"><a:extLst><a:ext uri="{FF2B5EF4-FFF2-40B4-BE49-F238E27FC236}"><a16:creationId xmlns:a16="http://schemas.microsoft.com/office/drawing/2014/main" id="{E74AFB45-0E36-4B73-94D0-88C563139D72}"/></a:ext></a:extLst></p:cNvPr><p:cNvSpPr/><p:nvPr/></p:nvSpPr><p:spPr><a:xfrm><a:off x="8756496" y="4262828"/><a:ext cx="2856303" cy="517190"/></a:xfrm><a:prstGeom prst="roundRect"><a:avLst/></a:prstGeom><a:ln/></p:spPr><p:style><a:lnRef idx="3"><a:schemeClr val="lt1"/></a:lnRef><a:fillRef idx="1"><a:schemeClr val="accent3"/></a:fillRef><a:effectRef idx="1"><a:schemeClr val="accent3"/></a:effectRef><a:fontRef idx="minor"><a:schemeClr val="lt1"/></a:fontRef></p:style><p:txBody><a:bodyPr rtlCol="0" anchor="ctr"/><a:lstStyle/><a:p><a:pPr algn="ctr"/><a:r><a:rPr lang="en-US" altLang="zh-CN" err="1"/><a:t>BeanPostProcessor</a:t></a:r><a:endParaRPr lang="zh-CN" altLang="en-US"/></a:p></p:txBody></p:sp></p:spTree><p:extLst><p:ext uri="{BB962C8B-B14F-4D97-AF65-F5344CB8AC3E}"><p14:creationId xmlns:p14="http://schemas.microsoft.com/office/powerpoint/2010/main" val="216370415"/></p:ext></p:extLst></p:cSld><p:clrMapOvr><a:masterClrMapping/></p:clrMapOvr><p:timing><p:tnLst><p:par><p:cTn id="1" dur="indefinite" restart="never" nodeType="tmRoot"><p:childTnLst><p:seq concurrent="1" nextAc="seek"><p:cTn id="2" dur="indefinite" nodeType="mainSeq"><p:childTnLst><p:par><p:cTn id="3" fill="hold"><p:stCondLst><p:cond delay="indefinite"/></p:stCondLst><p:childTnLst><p:par><p:cTn id="4" fill="hold"><p:stCondLst><p:cond delay="0"/></p:stCondLst><p:childTnLst><p:par><p:cTn id="5" presetID="42" presetClass="path" presetSubtype="0" accel="50000" decel="50000" fill="hold" grpId="0" nodeType="clickEffect"><p:stCondLst><p:cond delay="0"/></p:stCondLst><p:childTnLst><p:animMotion origin="layout" path="M -4.58333E-6 2.59259E-6 L 0.2961 -0.23982 " pathEditMode="relative" rAng="0" ptsTypes="AA"><p:cBhvr><p:cTn id="6" dur="500" fill="hold"/><p:tgtEl><p:spTgt spid="6"/></p:tgtEl><p:attrNameLst><p:attrName>ppt_x</p:attrName><p:attrName>ppt_y</p:attrName></p:attrNameLst></p:cBhvr><p:rCtr x="14805" y="-11991"/></p:animMotion></p:childTnLst></p:cTn></p:par></p:childTnLst></p:cTn></p:par></p:childTnLst></p:cTn></p:par><p:par><p:cTn id="7" fill="hold"><p:stCondLst><p:cond delay="indefinite"/></p:stCondLst><p:childTnLst><p:par><p:cTn id="8" fill="hold"><p:stCondLst><p:cond delay="0"/></p:stCondLst><p:childTnLst><p:par><p:cTn id="9" presetID="22" presetClass="entr" presetSubtype="1" fill="hold" grpId="0" nodeType="clickEffect"><p:stCondLst><p:cond delay="0"/></p:stCondLst><p:childTnLst><p:set><p:cBhvr><p:cTn id="10" dur="1" fill="hold"><p:stCondLst><p:cond delay="0"/></p:stCondLst></p:cTn><p:tgtEl><p:spTgt spid="16"/></p:tgtEl><p:attrNameLst><p:attrName>style.visibility</p:attrName></p:attrNameLst></p:cBhvr><p:to><p:strVal val="visible"/></p:to></p:set><p:animEffect transition="in" filter="wipe(up)"><p:cBhvr><p:cTn id="11" dur="500"/><p:tgtEl><p:spTgt spid="16"/></p:tgtEl></p:cBhvr></p:animEffect></p:childTnLst></p:cTn></p:par></p:childTnLst></p:cTn></p:par></p:childTnLst></p:cTn></p:par><p:par><p:cTn id="12" fill="hold"><p:stCondLst><p:cond delay="indefinite"/></p:stCondLst><p:childTnLst><p:par><p:cTn id="13" fill="hold"><p:stCondLst><p:cond delay="0"/></p:stCondLst><p:childTnLst><p:par><p:cTn id="14" presetID="42" presetClass="path" presetSubtype="0" accel="50000" decel="50000" fill="hold" grpId="0" nodeType="clickEffect"><p:stCondLst><p:cond delay="0"/></p:stCondLst><p:childTnLst><p:animMotion origin="layout" path="M 3.75E-6 -4.07407E-6 L 0.3263 0.21436 " pathEditMode="relative" rAng="0" ptsTypes="AA"><p:cBhvr><p:cTn id="15" dur="750" fill="hold"/><p:tgtEl><p:spTgt spid="5"/></p:tgtEl><p:attrNameLst><p:attrName>ppt_x</p:attrName><p:attrName>ppt_y</p:attrName></p:attrNameLst></p:cBhvr><p:rCtr x="16315" y="10718"/></p:animMotion></p:childTnLst></p:cTn></p:par></p:childTnLst></p:cTn></p:par></p:childTnLst></p:cTn></p:par><p:par><p:cTn id="16" fill="hold"><p:stCondLst><p:cond delay="indefinite"/></p:stCondLst><p:childTnLst><p:par><p:cTn id="17" fill="hold"><p:stCondLst><p:cond delay="0"/></p:stCondLst><p:childTnLst><p:par><p:cTn id="18" presetID="22" presetClass="entr" presetSubtype="1" fill="hold" grpId="0" nodeType="clickEffect"><p:stCondLst><p:cond delay="0"/></p:stCondLst><p:childTnLst><p:set><p:cBhvr><p:cTn id="19" dur="1" fill="hold"><p:stCondLst><p:cond delay="0"/></p:stCondLst></p:cTn><p:tgtEl><p:spTgt spid="17"/></p:tgtEl><p:attrNameLst><p:attrName>style.visibility</p:attrName></p:attrNameLst></p:cBhvr><p:to><p:strVal val="visible"/></p:to></p:set><p:animEffect transition="in" filter="wipe(up)"><p:cBhvr><p:cTn id="20" dur="500"/><p:tgtEl><p:spTgt spid="17"/></p:tgtEl></p:cBhvr></p:animEffect></p:childTnLst></p:cTn></p:par></p:childTnLst></p:cTn></p:par></p:childTnLst></p:cTn></p:par><p:par><p:cTn id="21" fill="hold"><p:stCondLst><p:cond delay="indefinite"/></p:stCondLst><p:childTnLst><p:par><p:cTn id="22" fill="hold"><p:stCondLst><p:cond delay="0"/></p:stCondLst><p:childTnLst><p:par><p:cTn id="23" presetID="10" presetClass="entr" presetSubtype="0" fill="hold" grpId="0" nodeType="clickEffect"><p:stCondLst><p:cond delay="0"/></p:stCondLst><p:childTnLst><p:set><p:cBhvr><p:cTn id="24" dur="1" fill="hold"><p:stCondLst><p:cond delay="0"/></p:stCondLst></p:cTn><p:tgtEl><p:spTgt spid="20"/></p:tgtEl><p:attrNameLst><p:attrName>style.visibility</p:attrName></p:attrNameLst></p:cBhvr><p:to><p:strVal val="visible"/></p:to></p:set><p:animEffect transition="in" filter="fade"><p:cBhvr><p:cTn id="25" dur="500"/><p:tgtEl><p:spTgt spid="20"/></p:tgtEl></p:cBhvr></p:animEffect></p:childTnLst></p:cTn></p:par></p:childTnLst></p:cTn></p:par></p:childTnLst></p:cTn></p:par><p:par><p:cTn id="26" fill="hold"><p:stCondLst><p:cond delay="indefinite"/></p:stCondLst><p:childTnLst><p:par><p:cTn id="27" fill="hold"><p:stCondLst><p:cond delay="0"/></p:stCondLst><p:childTnLst><p:par><p:cTn id="28" presetID="22" presetClass="entr" presetSubtype="2" fill="hold" grpId="0" nodeType="clickEffect"><p:stCondLst><p:cond delay="0"/></p:stCondLst><p:childTnLst><p:set><p:cBhvr><p:cTn id="29" dur="1" fill="hold"><p:stCondLst><p:cond delay="0"/></p:stCondLst></p:cTn><p:tgtEl><p:spTgt spid="25"/></p:tgtEl><p:attrNameLst><p:attrName>style.visibility</p:attrName></p:attrNameLst></p:cBhvr><p:to><p:strVal val="visible"/></p:to></p:set><p:animEffect transition="in" filter="wipe(right)"><p:cBhvr><p:cTn id="30" dur="500"/><p:tgtEl><p:spTgt spid="25"/></p:tgtEl></p:cBhvr></p:animEffect></p:childTnLst></p:cTn></p:par></p:childTnLst></p:cTn></p:par><p:par><p:cTn id="31" fill="hold"><p:stCondLst><p:cond delay="500"/></p:stCondLst><p:childTnLst><p:par><p:cTn id="32" presetID="22" presetClass="entr" presetSubtype="2" fill="hold" nodeType="afterEffect"><p:stCondLst><p:cond delay="0"/></p:stCondLst><p:childTnLst><p:set><p:cBhvr><p:cTn id="33" dur="1" fill="hold"><p:stCondLst><p:cond delay="0"/></p:stCondLst></p:cTn><p:tgtEl><p:spTgt spid="26"/></p:tgtEl><p:attrNameLst><p:attrName>style.visibility</p:attrName></p:attrNameLst></p:cBhvr><p:to><p:strVal val="visible"/></p:to></p:set><p:animEffect transition="in" filter="wipe(right)"><p:cBhvr><p:cTn id="34" dur="500"/><p:tgtEl><p:spTgt spid="26"/></p:tgtEl></p:cBhvr></p:animEffect></p:childTnLst></p:cTn></p:par></p:childTnLst></p:cTn></p:par><p:par><p:cTn id="35" fill="hold"><p:stCondLst><p:cond delay="1000"/></p:stCondLst><p:childTnLst><p:par><p:cTn id="36" presetID="10" presetClass="entr" presetSubtype="0" fill="hold" grpId="0" nodeType="afterEffect"><p:stCondLst><p:cond delay="0"/></p:stCondLst><p:childTnLst><p:set><p:cBhvr><p:cTn id="37" dur="1" fill="hold"><p:stCondLst><p:cond delay="0"/></p:stCondLst></p:cTn><p:tgtEl><p:spTgt spid="22"/></p:tgtEl><p:attrNameLst><p:attrName>style.visibility</p:attrName></p:attrNameLst></p:cBhvr><p:to><p:strVal val="visible"/></p:to></p:set><p:animEffect transition="in" filter="fade"><p:cBhvr><p:cTn id="38" dur="500"/><p:tgtEl><p:spTgt spid="22"/></p:tgtEl></p:cBhvr></p:animEffect></p:childTnLst></p:cTn></p:par></p:childTnLst></p:cTn></p:par><p:par><p:cTn id="39" fill="hold"><p:stCondLst><p:cond delay="1500"/></p:stCondLst><p:childTnLst><p:par><p:cTn id="40" presetID="10" presetClass="entr" presetSubtype="0" fill="hold" grpId="0" nodeType="afterEffect"><p:stCondLst><p:cond delay="0"/></p:stCondLst><p:childTnLst><p:set><p:cBhvr><p:cTn id="41" dur="1" fill="hold"><p:stCondLst><p:cond delay="0"/></p:stCondLst></p:cTn><p:tgtEl><p:spTgt spid="21"/></p:tgtEl><p:attrNameLst><p:attrName>style.visibility</p:attrName></p:attrNameLst></p:cBhvr><p:to><p:strVal val="visible"/></p:to></p:set><p:animEffect transition="in" filter="fade"><p:cBhvr><p:cTn id="42" dur="500"/><p:tgtEl><p:spTgt spid="21"/></p:tgtEl></p:cBhvr></p:animEffect></p:childTnLst></p:cTn></p:par></p:childTnLst></p:cTn></p:par></p:childTnLst></p:cTn></p:par><p:par><p:cTn id="43" fill="hold"><p:stCondLst><p:cond delay="indefinite"/></p:stCondLst><p:childTnLst><p:par><p:cTn id="44" fill="hold"><p:stCondLst><p:cond delay="0"/></p:stCondLst><p:childTnLst><p:par><p:cTn id="45" presetID="10" presetClass="exit" presetSubtype="0" fill="hold" nodeType="clickEffect"><p:stCondLst><p:cond delay="0"/></p:stCondLst><p:childTnLst><p:animEffect transition="out" filter="fade"><p:cBhvr><p:cTn id="46" dur="500"/><p:tgtEl><p:spTgt spid="26"/></p:tgtEl></p:cBhvr></p:animEffect><p:set><p:cBhvr><p:cTn id="47" dur="1" fill="hold"><p:stCondLst><p:cond delay="499"/></p:stCondLst></p:cTn><p:tgtEl><p:spTgt spid="26"/></p:tgtEl><p:attrNameLst><p:attrName>style.visibility</p:attrName></p:attrNameLst></p:cBhvr><p:to><p:strVal val="hidden"/></p:to></p:set></p:childTnLst></p:cTn></p:par></p:childTnLst></p:cTn></p:par></p:childTnLst></p:cTn></p:par><p:par><p:cTn id="48" fill="hold"><p:stCondLst><p:cond delay="indefinite"/></p:stCondLst><p:childTnLst><p:par><p:cTn id="49" fill="hold"><p:stCondLst><p:cond delay="0"/></p:stCondLst><p:childTnLst><p:par><p:cTn id="50" presetID="22" presetClass="entr" presetSubtype="1" fill="hold" nodeType="clickEffect"><p:stCondLst><p:cond delay="0"/></p:stCondLst><p:childTnLst><p:set><p:cBhvr><p:cTn id="51" dur="1" fill="hold"><p:stCondLst><p:cond delay="0"/></p:stCondLst></p:cTn><p:tgtEl><p:spTgt spid="38"/></p:tgtEl><p:attrNameLst><p:attrName>style.visibility</p:attrName></p:attrNameLst></p:cBhvr><p:to><p:strVal val="visible"/></p:to></p:set><p:animEffect transition="in" filter="wipe(up)"><p:cBhvr><p:cTn id="52" dur="500"/><p:tgtEl><p:spTgt spid="38"/></p:tgtEl></p:cBhvr></p:animEffect></p:childTnLst></p:cTn></p:par></p:childTnLst></p:cTn></p:par><p:par><p:cTn id="53" fill="hold"><p:stCondLst><p:cond delay="500"/></p:stCondLst><p:childTnLst><p:par><p:cTn id="54" presetID="10" presetClass="entr" presetSubtype="0" fill="hold" grpId="0" nodeType="afterEffect"><p:stCondLst><p:cond delay="0"/></p:stCondLst><p:childTnLst><p:set><p:cBhvr><p:cTn id="55" dur="1" fill="hold"><p:stCondLst><p:cond delay="0"/></p:stCondLst></p:cTn><p:tgtEl><p:spTgt spid="35"/></p:tgtEl><p:attrNameLst><p:attrName>style.visibility</p:attrName></p:attrNameLst></p:cBhvr><p:to><p:strVal val="visible"/></p:to></p:set><p:animEffect transition="in" filter="fade"><p:cBhvr><p:cTn id="56" dur="500"/><p:tgtEl><p:spTgt spid="35"/></p:tgtEl></p:cBhvr></p:animEffect></p:childTnLst></p:cTn></p:par></p:childTnLst></p:cTn></p:par><p:par><p:cTn id="57" fill="hold"><p:stCondLst><p:cond delay="1000"/></p:stCondLst><p:childTnLst><p:par><p:cTn id="58" presetID="22" presetClass="entr" presetSubtype="1" fill="hold" nodeType="afterEffect"><p:stCondLst><p:cond delay="0"/></p:stCondLst><p:childTnLst><p:set><p:cBhvr><p:cTn id="59" dur="1" fill="hold"><p:stCondLst><p:cond delay="0"/></p:stCondLst></p:cTn><p:tgtEl><p:spTgt spid="41"/></p:tgtEl><p:attrNameLst><p:attrName>style.visibility</p:attrName></p:attrNameLst></p:cBhvr><p:to><p:strVal val="visible"/></p:to></p:set><p:animEffect transition="in" filter="wipe(up)"><p:cBhvr><p:cTn id="60" dur="500"/><p:tgtEl><p:spTgt spid="41"/></p:tgtEl></p:cBhvr></p:animEffect></p:childTnLst></p:cTn></p:par></p:childTnLst></p:cTn></p:par><p:par><p:cTn id="61" fill="hold"><p:stCondLst><p:cond delay="1500"/></p:stCondLst><p:childTnLst><p:par><p:cTn id="62" presetID="10" presetClass="entr" presetSubtype="0" fill="hold" grpId="0" nodeType="afterEffect"><p:stCondLst><p:cond delay="0"/></p:stCondLst><p:childTnLst><p:set><p:cBhvr><p:cTn id="63" dur="1" fill="hold"><p:stCondLst><p:cond delay="0"/></p:stCondLst></p:cTn><p:tgtEl><p:spTgt spid="36"/></p:tgtEl><p:attrNameLst><p:attrName>style.visibility</p:attrName></p:attrNameLst></p:cBhvr><p:to><p:strVal val="visible"/></p:to></p:set><p:animEffect transition="in" filter="fade"><p:cBhvr><p:cTn id="64" dur="500"/><p:tgtEl><p:spTgt spid="36"/></p:tgtEl></p:cBhvr></p:animEffect></p:childTnLst></p:cTn></p:par></p:childTnLst></p:cTn></p:par><p:par><p:cTn id="65" fill="hold"><p:stCondLst><p:cond delay="2000"/></p:stCondLst><p:childTnLst><p:par><p:cTn id="66" presetID="22" presetClass="entr" presetSubtype="1" fill="hold" nodeType="afterEffect"><p:stCondLst><p:cond delay="0"/></p:stCondLst><p:childTnLst><p:set><p:cBhvr><p:cTn id="67" dur="1" fill="hold"><p:stCondLst><p:cond delay="0"/></p:stCondLst></p:cTn><p:tgtEl><p:spTgt spid="44"/></p:tgtEl><p:attrNameLst><p:attrName>style.visibility</p:attrName></p:attrNameLst></p:cBhvr><p:to><p:strVal val="visible"/></p:to></p:set><p:animEffect transition="in" filter="wipe(up)"><p:cBhvr><p:cTn id="68" dur="500"/><p:tgtEl><p:spTgt spid="44"/></p:tgtEl></p:cBhvr></p:animEffect></p:childTnLst></p:cTn></p:par></p:childTnLst></p:cTn></p:par><p:par><p:cTn id="69" fill="hold"><p:stCondLst><p:cond delay="2500"/></p:stCondLst><p:childTnLst><p:par><p:cTn id="70" presetID="10" presetClass="entr" presetSubtype="0" fill="hold" grpId="0" nodeType="afterEffect"><p:stCondLst><p:cond delay="0"/></p:stCondLst><p:childTnLst><p:set><p:cBhvr><p:cTn id="71" dur="1" fill="hold"><p:stCondLst><p:cond delay="0"/></p:stCondLst></p:cTn><p:tgtEl><p:spTgt spid="37"/></p:tgtEl><p:attrNameLst><p:attrName>style.visibility</p:attrName></p:attrNameLst></p:cBhvr><p:to><p:strVal val="visible"/></p:to></p:set><p:animEffect transition="in" filter="fade"><p:cBhvr><p:cTn id="72" dur="500"/><p:tgtEl><p:spTgt spid="37"/></p:tgtEl></p:cBhvr></p:animEffect></p:childTnLst></p:cTn></p:par></p:childTnLst></p:cTn></p:par></p:childTnLst></p:cTn></p:par><p:par><p:cTn id="73" fill="hold"><p:stCondLst><p:cond delay="indefinite"/></p:stCondLst><p:childTnLst><p:par><p:cTn id="74" fill="hold"><p:stCondLst><p:cond delay="0"/></p:stCondLst><p:childTnLst><p:par><p:cTn id="75" presetID="1" presetClass="exit" presetSubtype="0" fill="hold" nodeType="clickEffect"><p:stCondLst><p:cond delay="0"/></p:stCondLst><p:childTnLst><p:set><p:cBhvr><p:cTn id="76" dur="1" fill="hold"><p:stCondLst><p:cond delay="0"/></p:stCondLst></p:cTn><p:tgtEl><p:spTgt spid="38"/></p:tgtEl><p:attrNameLst><p:attrName>style.visibility</p:attrName></p:attrNameLst></p:cBhvr><p:to><p:strVal val="hidden"/></p:to></p:set></p:childTnLst></p:cTn></p:par><p:par><p:cTn id="77" presetID="1" presetClass="exit" presetSubtype="0" fill="hold" nodeType="withEffect"><p:stCondLst><p:cond delay="0"/></p:stCondLst><p:childTnLst><p:set><p:cBhvr><p:cTn id="78" dur="1" fill="hold"><p:stCondLst><p:cond delay="0"/></p:stCondLst></p:cTn><p:tgtEl><p:spTgt spid="41"/></p:tgtEl><p:attrNameLst><p:attrName>style.visibility</p:attrName></p:attrNameLst></p:cBhvr><p:to><p:strVal val="hidden"/></p:to></p:set></p:childTnLst></p:cTn></p:par><p:par><p:cTn id="79" presetID="1" presetClass="exit" presetSubtype="0" fill="hold" nodeType="withEffect"><p:stCondLst><p:cond delay="0"/></p:stCondLst><p:childTnLst><p:set><p:cBhvr><p:cTn id="80" dur="1" fill="hold"><p:stCondLst><p:cond delay="0"/></p:stCondLst></p:cTn><p:tgtEl><p:spTgt spid="44"/></p:tgtEl><p:attrNameLst><p:attrName>style.visibility</p:attrName></p:attrNameLst></p:cBhvr><p:to><p:strVal val="hidden"/></p:to></p:set></p:childTnLst></p:cTn></p:par></p:childTnLst></p:cTn></p:par></p:childTnLst></p:cTn></p:par><p:par><p:cTn id="81" fill="hold"><p:stCondLst><p:cond delay="indefinite"/></p:stCondLst><p:childTnLst><p:par><p:cTn id="82" fill="hold"><p:stCondLst><p:cond delay="0"/></p:stCondLst><p:childTnLst><p:par><p:cTn id="83" presetID="22" presetClass="entr" presetSubtype="2" fill="hold" grpId="0" nodeType="clickEffect"><p:stCondLst><p:cond delay="0"/></p:stCondLst><p:childTnLst><p:set><p:cBhvr><p:cTn id="84" dur="1" fill="hold"><p:stCondLst><p:cond delay="0"/></p:stCondLst></p:cTn><p:tgtEl><p:spTgt spid="47"/></p:tgtEl><p:attrNameLst><p:attrName>style.visibility</p:attrName></p:attrNameLst></p:cBhvr><p:to><p:strVal val="visible"/></p:to></p:set><p:animEffect transition="in" filter="wipe(right)"><p:cBhvr><p:cTn id="85" dur="500"/><p:tgtEl><p:spTgt spid="47"/></p:tgtEl></p:cBhvr></p:animEffect></p:childTnLst></p:cTn></p:par><p:par><p:cTn id="86" presetID="22" presetClass="entr" presetSubtype="2" fill="hold" grpId="0" nodeType="withEffect"><p:stCondLst><p:cond delay="0"/></p:stCondLst><p:childTnLst><p:set><p:cBhvr><p:cTn id="87" dur="1" fill="hold"><p:stCondLst><p:cond delay="0"/></p:stCondLst></p:cTn><p:tgtEl><p:spTgt spid="78"/></p:tgtEl><p:attrNameLst><p:attrName>style.visibility</p:attrName></p:attrNameLst></p:cBhvr><p:to><p:strVal val="visible"/></p:to></p:set><p:animEffect transition="in" filter="wipe(right)"><p:cBhvr><p:cTn id="88" dur="500"/><p:tgtEl><p:spTgt spid="78"/></p:tgtEl></p:cBhvr></p:animEffect></p:childTnLst></p:cTn></p:par><p:par><p:cTn id="89" presetID="22" presetClass="entr" presetSubtype="2" fill="hold" grpId="0" nodeType="withEffect"><p:stCondLst><p:cond delay="0"/></p:stCondLst><p:childTnLst><p:set><p:cBhvr><p:cTn id="90" dur="1" fill="hold"><p:stCondLst><p:cond delay="0"/></p:stCondLst></p:cTn><p:tgtEl><p:spTgt spid="79"/></p:tgtEl><p:attrNameLst><p:attrName>style.visibility</p:attrName></p:attrNameLst></p:cBhvr><p:to><p:strVal val="visible"/></p:to></p:set><p:animEffect transition="in" filter="wipe(right)"><p:cBhvr><p:cTn id="91" dur="500"/><p:tgtEl><p:spTgt spid="79"/></p:tgtEl></p:cBhvr></p:animEffect></p:childTnLst></p:cTn></p:par></p:childTnLst></p:cTn></p:par></p:childTnLst></p:cTn></p:par><p:par><p:cTn id="92" fill="hold"><p:stCondLst><p:cond delay="indefinite"/></p:stCondLst><p:childTnLst><p:par><p:cTn id="93" fill="hold"><p:stCondLst><p:cond delay="0"/></p:stCondLst><p:childTnLst><p:par><p:cTn id="94" presetID="10" presetClass="entr" presetSubtype="0" fill="hold" grpId="0" nodeType="clickEffect"><p:stCondLst><p:cond delay="0"/></p:stCondLst><p:childTnLst><p:set><p:cBhvr><p:cTn id="95" dur="1" fill="hold"><p:stCondLst><p:cond delay="0"/></p:stCondLst></p:cTn><p:tgtEl><p:spTgt spid="49"/></p:tgtEl><p:attrNameLst><p:attrName>style.visibility</p:attrName></p:attrNameLst></p:cBhvr><p:to><p:strVal val="visible"/></p:to></p:set><p:animEffect transition="in" filter="fade"><p:cBhvr><p:cTn id="96" dur="500"/><p:tgtEl><p:spTgt spid="49"/></p:tgtEl></p:cBhvr></p:animEffect></p:childTnLst></p:cTn></p:par><p:par><p:cTn id="97" presetID="22" presetClass="entr" presetSubtype="2" fill="hold" nodeType="withEffect"><p:stCondLst><p:cond delay="0"/></p:stCondLst><p:childTnLst><p:set><p:cBhvr><p:cTn id="98" dur="1" fill="hold"><p:stCondLst><p:cond delay="0"/></p:stCondLst></p:cTn><p:tgtEl><p:spTgt spid="72"/></p:tgtEl><p:attrNameLst><p:attrName>style.visibility</p:attrName></p:attrNameLst></p:cBhvr><p:to><p:strVal val="visible"/></p:to></p:set><p:animEffect transition="in" filter="wipe(right)"><p:cBhvr><p:cTn id="99" dur="500"/><p:tgtEl><p:spTgt spid="72"/></p:tgtEl></p:cBhvr></p:animEffect></p:childTnLst></p:cTn></p:par><p:par><p:cTn id="100" presetID="22" presetClass="entr" presetSubtype="2" fill="hold" nodeType="withEffect"><p:stCondLst><p:cond delay="0"/></p:stCondLst><p:childTnLst><p:set><p:cBhvr><p:cTn id="101" dur="1" fill="hold"><p:stCondLst><p:cond delay="0"/></p:stCondLst></p:cTn><p:tgtEl><p:spTgt spid="69"/></p:tgtEl><p:attrNameLst><p:attrName>style.visibility</p:attrName></p:attrNameLst></p:cBhvr><p:to><p:strVal val="visible"/></p:to></p:set><p:animEffect transition="in" filter="wipe(right)"><p:cBhvr><p:cTn id="102" dur="500"/><p:tgtEl><p:spTgt spid="69"/></p:tgtEl></p:cBhvr></p:animEffect></p:childTnLst></p:cTn></p:par><p:par><p:cTn id="103" presetID="22" presetClass="entr" presetSubtype="2" fill="hold" nodeType="withEffect"><p:stCondLst><p:cond delay="0"/></p:stCondLst><p:childTnLst><p:set><p:cBhvr><p:cTn id="104" dur="1" fill="hold"><p:stCondLst><p:cond delay="0"/></p:stCondLst></p:cTn><p:tgtEl><p:spTgt spid="66"/></p:tgtEl><p:attrNameLst><p:attrName>style.visibility</p:attrName></p:attrNameLst></p:cBhvr><p:to><p:strVal val="visible"/></p:to></p:set><p:animEffect transition="in" filter="wipe(right)"><p:cBhvr><p:cTn id="105" dur="500"/><p:tgtEl><p:spTgt spid="66"/></p:tgtEl></p:cBhvr></p:animEffect></p:childTnLst></p:cTn></p:par><p:par><p:cTn id="106" presetID="22" presetClass="entr" presetSubtype="2" fill="hold" nodeType="withEffect"><p:stCondLst><p:cond delay="0"/></p:stCondLst><p:childTnLst><p:set><p:cBhvr><p:cTn id="107" dur="1" fill="hold"><p:stCondLst><p:cond delay="0"/></p:stCondLst></p:cTn><p:tgtEl><p:spTgt spid="51"/></p:tgtEl><p:attrNameLst><p:attrName>style.visibility</p:attrName></p:attrNameLst></p:cBhvr><p:to><p:strVal val="visible"/></p:to></p:set><p:animEffect transition="in" filter="wipe(right)"><p:cBhvr><p:cTn id="108" dur="500"/><p:tgtEl><p:spTgt spid="51"/></p:tgtEl></p:cBhvr></p:animEffect></p:childTnLst></p:cTn></p:par><p:par><p:cTn id="109" presetID="22" presetClass="entr" presetSubtype="2" fill="hold" nodeType="withEffect"><p:stCondLst><p:cond delay="0"/></p:stCondLst><p:childTnLst><p:set><p:cBhvr><p:cTn id="110" dur="1" fill="hold"><p:stCondLst><p:cond delay="0"/></p:stCondLst></p:cTn><p:tgtEl><p:spTgt spid="58"/></p:tgtEl><p:attrNameLst><p:attrName>style.visibility</p:attrName></p:attrNameLst></p:cBhvr><p:to><p:strVal val="visible"/></p:to></p:set><p:animEffect transition="in" filter="wipe(right)"><p:cBhvr><p:cTn id="111" dur="500"/><p:tgtEl><p:spTgt spid="58"/></p:tgtEl></p:cBhvr></p:animEffect></p:childTnLst></p:cTn></p:par><p:par><p:cTn id="112" presetID="22" presetClass="entr" presetSubtype="2" fill="hold" nodeType="withEffect"><p:stCondLst><p:cond delay="0"/></p:stCondLst><p:childTnLst><p:set><p:cBhvr><p:cTn id="113" dur="1" fill="hold"><p:stCondLst><p:cond delay="0"/></p:stCondLst></p:cTn><p:tgtEl><p:spTgt spid="62"/></p:tgtEl><p:attrNameLst><p:attrName>style.visibility</p:attrName></p:attrNameLst></p:cBhvr><p:to><p:strVal val="visible"/></p:to></p:set><p:animEffect transition="in" filter="wipe(right)"><p:cBhvr><p:cTn id="114" dur="500"/><p:tgtEl><p:spTgt spid="62"/></p:tgtEl></p:cBhvr></p:animEffect></p:childTnLst></p:cTn></p:par></p:childTnLst></p:cTn></p:par><p:par><p:cTn id="115" fill="hold"><p:stCondLst><p:cond delay="500"/></p:stCondLst><p:childTnLst><p:par><p:cTn id="116" presetID="1" presetClass="emph" presetSubtype="2" fill="hold" nodeType="afterEffect"><p:stCondLst><p:cond delay="0"/></p:stCondLst><p:childTnLst><p:animClr clrSpc="rgb" dir="cw"><p:cBhvr><p:cTn id="117" dur="500" fill="hold"/><p:tgtEl><p:spTgt spid="35"/></p:tgtEl><p:attrNameLst><p:attrName>fillcolor</p:attrName></p:attrNameLst></p:cBhvr><p:to><a:srgbClr val="B2A1C7"/></p:to></p:animClr><p:set><p:cBhvr><p:cTn id="118" dur="500" fill="hold"/><p:tgtEl><p:spTgt spid="35"/></p:tgtEl><p:attrNameLst><p:attrName>fill.type</p:attrName></p:attrNameLst></p:cBhvr><p:to><p:strVal val="solid"/></p:to></p:set><p:set><p:cBhvr><p:cTn id="119" dur="500" fill="hold"/><p:tgtEl><p:spTgt spid="35"/></p:tgtEl><p:attrNameLst><p:attrName>fill.on</p:attrName></p:attrNameLst></p:cBhvr><p:to><p:strVal val="true"/></p:to></p:set></p:childTnLst></p:cTn></p:par></p:childTnLst></p:cTn></p:par><p:par><p:cTn id="120" fill="hold"><p:stCondLst><p:cond delay="1000"/></p:stCondLst><p:childTnLst><p:par><p:cTn id="121" presetID="1" presetClass="emph" presetSubtype="2" fill="hold" nodeType="afterEffect"><p:stCondLst><p:cond delay="0"/></p:stCondLst><p:childTnLst><p:animClr clrSpc="rgb" dir="cw"><p:cBhvr><p:cTn id="122" dur="500" fill="hold"/><p:tgtEl><p:spTgt spid="36"/></p:tgtEl><p:attrNameLst><p:attrName>fillcolor</p:attrName></p:attrNameLst></p:cBhvr><p:to><a:srgbClr val="B2A1C7"/></p:to></p:animClr><p:set><p:cBhvr><p:cTn id="123" dur="500" fill="hold"/><p:tgtEl><p:spTgt spid="36"/></p:tgtEl><p:attrNameLst><p:attrName>fill.type</p:attrName></p:attrNameLst></p:cBhvr><p:to><p:strVal val="solid"/></p:to></p:set><p:set><p:cBhvr><p:cTn id="124" dur="500" fill="hold"/><p:tgtEl><p:spTgt spid="36"/></p:tgtEl><p:attrNameLst><p:attrName>fill.on</p:attrName></p:attrNameLst></p:cBhvr><p:to><p:strVal val="true"/></p:to></p:set></p:childTnLst></p:cTn></p:par></p:childTnLst></p:cTn></p:par><p:par><p:cTn id="125" fill="hold"><p:stCondLst><p:cond delay="1500"/></p:stCondLst><p:childTnLst><p:par><p:cTn id="126" presetID="1" presetClass="emph" presetSubtype="2" fill="hold" nodeType="afterEffect"><p:stCondLst><p:cond delay="0"/></p:stCondLst><p:childTnLst><p:animClr clrSpc="rgb" dir="cw"><p:cBhvr><p:cTn id="127" dur="500" fill="hold"/><p:tgtEl><p:spTgt spid="37"/></p:tgtEl><p:attrNameLst><p:attrName>fillcolor</p:attrName></p:attrNameLst></p:cBhvr><p:to><a:srgbClr val="B2A1C7"/></p:to></p:animClr><p:set><p:cBhvr><p:cTn id="128" dur="500" fill="hold"/><p:tgtEl><p:spTgt spid="37"/></p:tgtEl><p:attrNameLst><p:attrName>fill.type</p:attrName></p:attrNameLst></p:cBhvr><p:to><p:strVal val="solid"/></p:to></p:set><p:set><p:cBhvr><p:cTn id="129" dur="500" fill="hold"/><p:tgtEl><p:spTgt spid="37"/></p:tgtEl><p:attrNameLst><p:attrName>fill.on</p:attrName></p:attrNameLst></p:cBhvr><p:to><p:strVal val="true"/></p:to></p:set></p:childTnLst></p:cTn></p:par></p:childTnLst></p:cTn></p:par></p:childTnLst></p:cTn></p:par><p:par><p:cTn id="130" fill="hold"><p:stCondLst><p:cond delay="indefinite"/></p:stCondLst><p:childTnLst><p:par><p:cTn id="131" fill="hold"><p:stCondLst><p:cond delay="0"/></p:stCondLst><p:childTnLst><p:par><p:cTn id="132" presetID="10" presetClass="exit" presetSubtype="0" fill="hold" grpId="1" nodeType="clickEffect"><p:stCondLst><p:cond delay="0"/></p:stCondLst><p:childTnLst><p:animEffect transition="out" filter="fade"><p:cBhvr><p:cTn id="133" dur="500"/><p:tgtEl><p:spTgt spid="49"/></p:tgtEl></p:cBhvr></p:animEffect><p:set><p:cBhvr><p:cTn id="134" dur="1" fill="hold"><p:stCondLst><p:cond delay="499"/></p:stCondLst></p:cTn><p:tgtEl><p:spTgt spid="49"/></p:tgtEl><p:attrNameLst><p:attrName>style.visibility</p:attrName></p:attrNameLst></p:cBhvr><p:to><p:strVal val="hidden"/></p:to></p:set></p:childTnLst></p:cTn></p:par><p:par><p:cTn id="135" presetID="10" presetClass="exit" presetSubtype="0" fill="hold" nodeType="withEffect"><p:stCondLst><p:cond delay="0"/></p:stCondLst><p:childTnLst><p:animEffect transition="out" filter="fade"><p:cBhvr><p:cTn id="136" dur="500"/><p:tgtEl><p:spTgt spid="72"/></p:tgtEl></p:cBhvr></p:animEffect><p:set><p:cBhvr><p:cTn id="137" dur="1" fill="hold"><p:stCondLst><p:cond delay="499"/></p:stCondLst></p:cTn><p:tgtEl><p:spTgt spid="72"/></p:tgtEl><p:attrNameLst><p:attrName>style.visibility</p:attrName></p:attrNameLst></p:cBhvr><p:to><p:strVal val="hidden"/></p:to></p:set></p:childTnLst></p:cTn></p:par><p:par><p:cTn id="138" presetID="10" presetClass="exit" presetSubtype="0" fill="hold" nodeType="withEffect"><p:stCondLst><p:cond delay="0"/></p:stCondLst><p:childTnLst><p:animEffect transition="out" filter="fade"><p:cBhvr><p:cTn id="139" dur="500"/><p:tgtEl><p:spTgt spid="69"/></p:tgtEl></p:cBhvr></p:animEffect><p:set><p:cBhvr><p:cTn id="140" dur="1" fill="hold"><p:stCondLst><p:cond delay="499"/></p:stCondLst></p:cTn><p:tgtEl><p:spTgt spid="69"/></p:tgtEl><p:attrNameLst><p:attrName>style.visibility</p:attrName></p:attrNameLst></p:cBhvr><p:to><p:strVal val="hidden"/></p:to></p:set></p:childTnLst></p:cTn></p:par><p:par><p:cTn id="141" presetID="10" presetClass="exit" presetSubtype="0" fill="hold" nodeType="withEffect"><p:stCondLst><p:cond delay="0"/></p:stCondLst><p:childTnLst><p:animEffect transition="out" filter="fade"><p:cBhvr><p:cTn id="142" dur="500"/><p:tgtEl><p:spTgt spid="66"/></p:tgtEl></p:cBhvr></p:animEffect><p:set><p:cBhvr><p:cTn id="143" dur="1" fill="hold"><p:stCondLst><p:cond delay="499"/></p:stCondLst></p:cTn><p:tgtEl><p:spTgt spid="66"/></p:tgtEl><p:attrNameLst><p:attrName>style.visibility</p:attrName></p:attrNameLst></p:cBhvr><p:to><p:strVal val="hidden"/></p:to></p:set></p:childTnLst></p:cTn></p:par><p:par><p:cTn id="144" presetID="10" presetClass="exit" presetSubtype="0" fill="hold" nodeType="withEffect"><p:stCondLst><p:cond delay="0"/></p:stCondLst><p:childTnLst><p:animEffect transition="out" filter="fade"><p:cBhvr><p:cTn id="145" dur="500"/><p:tgtEl><p:spTgt spid="51"/></p:tgtEl></p:cBhvr></p:animEffect><p:set><p:cBhvr><p:cTn id="146" dur="1" fill="hold"><p:stCondLst><p:cond delay="499"/></p:stCondLst></p:cTn><p:tgtEl><p:spTgt spid="51"/></p:tgtEl><p:attrNameLst><p:attrName>style.visibility</p:attrName></p:attrNameLst></p:cBhvr><p:to><p:strVal val="hidden"/></p:to></p:set></p:childTnLst></p:cTn></p:par><p:par><p:cTn id="147" presetID="10" presetClass="exit" presetSubtype="0" fill="hold" nodeType="withEffect"><p:stCondLst><p:cond delay="0"/></p:stCondLst><p:childTnLst><p:animEffect transition="out" filter="fade"><p:cBhvr><p:cTn id="148" dur="500"/><p:tgtEl><p:spTgt spid="58"/></p:tgtEl></p:cBhvr></p:animEffect><p:set><p:cBhvr><p:cTn id="149" dur="1" fill="hold"><p:stCondLst><p:cond delay="499"/></p:stCondLst></p:cTn><p:tgtEl><p:spTgt spid="58"/></p:tgtEl><p:attrNameLst><p:attrName>style.visibility</p:attrName></p:attrNameLst></p:cBhvr><p:to><p:strVal val="hidden"/></p:to></p:set></p:childTnLst></p:cTn></p:par><p:par><p:cTn id="150" presetID="10" presetClass="exit" presetSubtype="0" fill="hold" nodeType="withEffect"><p:stCondLst><p:cond delay="0"/></p:stCondLst><p:childTnLst><p:animEffect transition="out" filter="fade"><p:cBhvr><p:cTn id="151" dur="500"/><p:tgtEl><p:spTgt spid="62"/></p:tgtEl></p:cBhvr></p:animEffect><p:set><p:cBhvr><p:cTn id="152" dur="1" fill="hold"><p:stCondLst><p:cond delay="499"/></p:stCondLst></p:cTn><p:tgtEl><p:spTgt spid="62"/></p:tgtEl><p:attrNameLst><p:attrName>style.visibility</p:attrName></p:attrNameLst></p:cBhvr><p:to><p:strVal val="hidden"/></p:to></p:set></p:childTnLst></p:cTn></p:par></p:childTnLst></p:cTn></p:par></p:childTnLst></p:cTn></p:par><p:par><p:cTn id="153" fill="hold"><p:stCondLst><p:cond delay="indefinite"/></p:stCondLst><p:childTnLst><p:par><p:cTn id="154" fill="hold"><p:stCondLst><p:cond delay="0"/></p:stCondLst><p:childTnLst><p:par><p:cTn id="155" presetID="10" presetClass="entr" presetSubtype="0" fill="hold" grpId="1" nodeType="clickEffect"><p:stCondLst><p:cond delay="0"/></p:stCondLst><p:childTnLst><p:set><p:cBhvr><p:cTn id="156" dur="1" fill="hold"><p:stCondLst><p:cond delay="0"/></p:stCondLst></p:cTn><p:tgtEl><p:spTgt spid="80"/></p:tgtEl><p:attrNameLst><p:attrName>style.visibility</p:attrName></p:attrNameLst></p:cBhvr><p:to><p:strVal val="visible"/></p:to></p:set><p:animEffect transition="in" filter="fade"><p:cBhvr><p:cTn id="157" dur="500"/><p:tgtEl><p:spTgt spid="80"/></p:tgtEl></p:cBhvr></p:animEffect></p:childTnLst></p:cTn></p:par><p:par><p:cTn id="158" presetID="10" presetClass="entr" presetSubtype="0" fill="hold" nodeType="withEffect"><p:stCondLst><p:cond delay="0"/></p:stCondLst><p:childTnLst><p:set><p:cBhvr><p:cTn id="159" dur="1" fill="hold"><p:stCondLst><p:cond delay="0"/></p:stCondLst></p:cTn><p:tgtEl><p:spTgt spid="72"/></p:tgtEl><p:attrNameLst><p:attrName>style.visibility</p:attrName></p:attrNameLst></p:cBhvr><p:to><p:strVal val="visible"/></p:to></p:set><p:animEffect transition="in" filter="fade"><p:cBhvr><p:cTn id="160" dur="500"/><p:tgtEl><p:spTgt spid="72"/></p:tgtEl></p:cBhvr></p:animEffect></p:childTnLst></p:cTn></p:par><p:par><p:cTn id="161" presetID="10" presetClass="entr" presetSubtype="0" fill="hold" nodeType="withEffect"><p:stCondLst><p:cond delay="0"/></p:stCondLst><p:childTnLst><p:set><p:cBhvr><p:cTn id="162" dur="1" fill="hold"><p:stCondLst><p:cond delay="0"/></p:stCondLst></p:cTn><p:tgtEl><p:spTgt spid="69"/></p:tgtEl><p:attrNameLst><p:attrName>style.visibility</p:attrName></p:attrNameLst></p:cBhvr><p:to><p:strVal val="visible"/></p:to></p:set><p:animEffect transition="in" filter="fade"><p:cBhvr><p:cTn id="163" dur="500"/><p:tgtEl><p:spTgt spid="69"/></p:tgtEl></p:cBhvr></p:animEffect></p:childTnLst></p:cTn></p:par><p:par><p:cTn id="164" presetID="10" presetClass="entr" presetSubtype="0" fill="hold" nodeType="withEffect"><p:stCondLst><p:cond delay="0"/></p:stCondLst><p:childTnLst><p:set><p:cBhvr><p:cTn id="165" dur="1" fill="hold"><p:stCondLst><p:cond delay="0"/></p:stCondLst></p:cTn><p:tgtEl><p:spTgt spid="66"/></p:tgtEl><p:attrNameLst><p:attrName>style.visibility</p:attrName></p:attrNameLst></p:cBhvr><p:to><p:strVal val="visible"/></p:to></p:set><p:animEffect transition="in" filter="fade"><p:cBhvr><p:cTn id="166" dur="500"/><p:tgtEl><p:spTgt spid="66"/></p:tgtEl></p:cBhvr></p:animEffect></p:childTnLst></p:cTn></p:par></p:childTnLst></p:cTn></p:par><p:par><p:cTn id="167" fill="hold"><p:stCondLst><p:cond delay="500"/></p:stCondLst><p:childTnLst><p:par><p:cTn id="168" presetID="1" presetClass="emph" presetSubtype="2" fill="hold" nodeType="afterEffect"><p:stCondLst><p:cond delay="0"/></p:stCondLst><p:childTnLst><p:animClr clrSpc="rgb" dir="cw"><p:cBhvr><p:cTn id="169" dur="500" fill="hold"/><p:tgtEl><p:spTgt spid="35"/></p:tgtEl><p:attrNameLst><p:attrName>fillcolor</p:attrName></p:attrNameLst></p:cBhvr><p:to><a:srgbClr val="FAC08F"/></p:to></p:animClr><p:set><p:cBhvr><p:cTn id="170" dur="500" fill="hold"/><p:tgtEl><p:spTgt spid="35"/></p:tgtEl><p:attrNameLst><p:attrName>fill.type</p:attrName></p:attrNameLst></p:cBhvr><p:to><p:strVal val="solid"/></p:to></p:set><p:set><p:cBhvr><p:cTn id="171" dur="500" fill="hold"/><p:tgtEl><p:spTgt spid="35"/></p:tgtEl><p:attrNameLst><p:attrName>fill.on</p:attrName></p:attrNameLst></p:cBhvr><p:to><p:strVal val="true"/></p:to></p:set></p:childTnLst></p:cTn></p:par></p:childTnLst></p:cTn></p:par><p:par><p:cTn id="172" fill="hold"><p:stCondLst><p:cond delay="1000"/></p:stCondLst><p:childTnLst><p:par><p:cTn id="173" presetID="1" presetClass="emph" presetSubtype="2" fill="hold" nodeType="afterEffect"><p:stCondLst><p:cond delay="0"/></p:stCondLst><p:childTnLst><p:animClr clrSpc="rgb" dir="cw"><p:cBhvr><p:cTn id="174" dur="500" fill="hold"/><p:tgtEl><p:spTgt spid="36"/></p:tgtEl><p:attrNameLst><p:attrName>fillcolor</p:attrName></p:attrNameLst></p:cBhvr><p:to><a:srgbClr val="FAC08F"/></p:to></p:animClr><p:set><p:cBhvr><p:cTn id="175" dur="500" fill="hold"/><p:tgtEl><p:spTgt spid="36"/></p:tgtEl><p:attrNameLst><p:attrName>fill.type</p:attrName></p:attrNameLst></p:cBhvr><p:to><p:strVal val="solid"/></p:to></p:set><p:set><p:cBhvr><p:cTn id="176" dur="500" fill="hold"/><p:tgtEl><p:spTgt spid="36"/></p:tgtEl><p:attrNameLst><p:attrName>fill.on</p:attrName></p:attrNameLst></p:cBhvr><p:to><p:strVal val="true"/></p:to></p:set></p:childTnLst></p:cTn></p:par></p:childTnLst></p:cTn></p:par><p:par><p:cTn id="177" fill="hold"><p:stCondLst><p:cond delay="1500"/></p:stCondLst><p:childTnLst><p:par><p:cTn id="178" presetID="1" presetClass="emph" presetSubtype="2" fill="hold" nodeType="afterEffect"><p:stCondLst><p:cond delay="0"/></p:stCondLst><p:childTnLst><p:animClr clrSpc="rgb" dir="cw"><p:cBhvr><p:cTn id="179" dur="500" fill="hold"/><p:tgtEl><p:spTgt spid="37"/></p:tgtEl><p:attrNameLst><p:attrName>fillcolor</p:attrName></p:attrNameLst></p:cBhvr><p:to><a:srgbClr val="FAC08F"/></p:to></p:animClr><p:set><p:cBhvr><p:cTn id="180" dur="500" fill="hold"/><p:tgtEl><p:spTgt spid="37"/></p:tgtEl><p:attrNameLst><p:attrName>fill.type</p:attrName></p:attrNameLst></p:cBhvr><p:to><p:strVal val="solid"/></p:to></p:set><p:set><p:cBhvr><p:cTn id="181" dur="500" fill="hold"/><p:tgtEl><p:spTgt spid="37"/></p:tgtEl><p:attrNameLst><p:attrName>fill.on</p:attrName></p:attrNameLst></p:cBhvr><p:to><p:strVal val="true"/></p:to></p:set></p:childTnLst></p:cTn></p:par></p:childTnLst></p:cTn></p:par></p:childTnLst></p:cTn></p:par><p:par><p:cTn id="182" fill="hold"><p:stCondLst><p:cond delay="indefinite"/></p:stCondLst><p:childTnLst><p:par><p:cTn id="183" fill="hold"><p:stCondLst><p:cond delay="0"/></p:stCondLst><p:childTnLst><p:par><p:cTn id="184" presetID="10" presetClass="exit" presetSubtype="0" fill="hold" grpId="2" nodeType="clickEffect"><p:stCondLst><p:cond delay="0"/></p:stCondLst><p:childTnLst><p:animEffect transition="out" filter="fade"><p:cBhvr><p:cTn id="185" dur="500"/><p:tgtEl><p:spTgt spid="80"/></p:tgtEl></p:cBhvr></p:animEffect><p:set><p:cBhvr><p:cTn id="186" dur="1" fill="hold"><p:stCondLst><p:cond delay="499"/></p:stCondLst></p:cTn><p:tgtEl><p:spTgt spid="80"/></p:tgtEl><p:attrNameLst><p:attrName>style.visibility</p:attrName></p:attrNameLst></p:cBhvr><p:to><p:strVal val="hidden"/></p:to></p:set></p:childTnLst></p:cTn></p:par><p:par><p:cTn id="187" presetID="10" presetClass="exit" presetSubtype="0" fill="hold" nodeType="withEffect"><p:stCondLst><p:cond delay="0"/></p:stCondLst><p:childTnLst><p:animEffect transition="out" filter="fade"><p:cBhvr><p:cTn id="188" dur="500"/><p:tgtEl><p:spTgt spid="72"/></p:tgtEl></p:cBhvr></p:animEffect><p:set><p:cBhvr><p:cTn id="189" dur="1" fill="hold"><p:stCondLst><p:cond delay="499"/></p:stCondLst></p:cTn><p:tgtEl><p:spTgt spid="72"/></p:tgtEl><p:attrNameLst><p:attrName>style.visibility</p:attrName></p:attrNameLst></p:cBhvr><p:to><p:strVal val="hidden"/></p:to></p:set></p:childTnLst></p:cTn></p:par><p:par><p:cTn id="190" presetID="10" presetClass="exit" presetSubtype="0" fill="hold" nodeType="withEffect"><p:stCondLst><p:cond delay="0"/></p:stCondLst><p:childTnLst><p:animEffect transition="out" filter="fade"><p:cBhvr><p:cTn id="191" dur="500"/><p:tgtEl><p:spTgt spid="69"/></p:tgtEl></p:cBhvr></p:animEffect><p:set><p:cBhvr><p:cTn id="192" dur="1" fill="hold"><p:stCondLst><p:cond delay="499"/></p:stCondLst></p:cTn><p:tgtEl><p:spTgt spid="69"/></p:tgtEl><p:attrNameLst><p:attrName>style.visibility</p:attrName></p:attrNameLst></p:cBhvr><p:to><p:strVal val="hidden"/></p:to></p:set></p:childTnLst></p:cTn></p:par><p:par><p:cTn id="193" presetID="10" presetClass="exit" presetSubtype="0" fill="hold" nodeType="withEffect"><p:stCondLst><p:cond delay="0"/></p:stCondLst><p:childTnLst><p:animEffect transition="out" filter="fade"><p:cBhvr><p:cTn id="194" dur="500"/><p:tgtEl><p:spTgt spid="66"/></p:tgtEl></p:cBhvr></p:animEffect><p:set><p:cBhvr><p:cTn id="195" dur="1" fill="hold"><p:stCondLst><p:cond delay="499"/></p:stCondLst></p:cTn><p:tgtEl><p:spTgt spid="66"/></p:tgtEl><p:attrNameLst><p:attrName>style.visibility</p:attrName></p:attrNameLst></p:cBhvr><p:to><p:strVal val="hidden"/></p:to></p:set></p:childTnLst></p:cTn></p:par></p:childTnLst></p:cTn></p:par></p:childTnLst></p:cTn></p:par><p:par><p:cTn id="196" fill="hold"><p:stCondLst><p:cond delay="indefinite"/></p:stCondLst><p:childTnLst><p:par><p:cTn id="197" fill="hold"><p:stCondLst><p:cond delay="0"/></p:stCondLst><p:childTnLst><p:par><p:cTn id="198" presetID="10" presetClass="entr" presetSubtype="0" fill="hold" grpId="0" nodeType="clickEffect"><p:stCondLst><p:cond delay="0"/></p:stCondLst><p:childTnLst><p:set><p:cBhvr><p:cTn id="199" dur="1" fill="hold"><p:stCondLst><p:cond delay="0"/></p:stCondLst></p:cTn><p:tgtEl><p:spTgt spid="81"/></p:tgtEl><p:attrNameLst><p:attrName>style.visibility</p:attrName></p:attrNameLst></p:cBhvr><p:to><p:strVal val="visible"/></p:to></p:set><p:animEffect transition="in" filter="fade"><p:cBhvr><p:cTn id="200" dur="500"/><p:tgtEl><p:spTgt spid="81"/></p:tgtEl></p:cBhvr></p:animEffect></p:childTnLst></p:cTn></p:par><p:par><p:cTn id="201" presetID="10" presetClass="entr" presetSubtype="0" fill="hold" nodeType="withEffect"><p:stCondLst><p:cond delay="0"/></p:stCondLst><p:childTnLst><p:set><p:cBhvr><p:cTn id="202" dur="1" fill="hold"><p:stCondLst><p:cond delay="0"/></p:stCondLst></p:cTn><p:tgtEl><p:spTgt spid="72"/></p:tgtEl><p:attrNameLst><p:attrName>style.visibility</p:attrName></p:attrNameLst></p:cBhvr><p:to><p:strVal val="visible"/></p:to></p:set><p:animEffect transition="in" filter="fade"><p:cBhvr><p:cTn id="203" dur="500"/><p:tgtEl><p:spTgt spid="72"/></p:tgtEl></p:cBhvr></p:animEffect></p:childTnLst></p:cTn></p:par><p:par><p:cTn id="204" presetID="10" presetClass="entr" presetSubtype="0" fill="hold" nodeType="withEffect"><p:stCondLst><p:cond delay="0"/></p:stCondLst><p:childTnLst><p:set><p:cBhvr><p:cTn id="205" dur="1" fill="hold"><p:stCondLst><p:cond delay="0"/></p:stCondLst></p:cTn><p:tgtEl><p:spTgt spid="69"/></p:tgtEl><p:attrNameLst><p:attrName>style.visibility</p:attrName></p:attrNameLst></p:cBhvr><p:to><p:strVal val="visible"/></p:to></p:set><p:animEffect transition="in" filter="fade"><p:cBhvr><p:cTn id="206" dur="500"/><p:tgtEl><p:spTgt spid="69"/></p:tgtEl></p:cBhvr></p:animEffect></p:childTnLst></p:cTn></p:par><p:par><p:cTn id="207" presetID="10" presetClass="entr" presetSubtype="0" fill="hold" nodeType="withEffect"><p:stCondLst><p:cond delay="0"/></p:stCondLst><p:childTnLst><p:set><p:cBhvr><p:cTn id="208" dur="1" fill="hold"><p:stCondLst><p:cond delay="0"/></p:stCondLst></p:cTn><p:tgtEl><p:spTgt spid="66"/></p:tgtEl><p:attrNameLst><p:attrName>style.visibility</p:attrName></p:attrNameLst></p:cBhvr><p:to><p:strVal val="visible"/></p:to></p:set><p:animEffect transition="in" filter="fade"><p:cBhvr><p:cTn id="209" dur="500"/><p:tgtEl><p:spTgt spid="66"/></p:tgtEl></p:cBhvr></p:animEffect></p:childTnLst></p:cTn></p:par><p:par><p:cTn id="210" presetID="10" presetClass="entr" presetSubtype="0" fill="hold" nodeType="withEffect"><p:stCondLst><p:cond delay="0"/></p:stCondLst><p:childTnLst><p:set><p:cBhvr><p:cTn id="211" dur="1" fill="hold"><p:stCondLst><p:cond delay="0"/></p:stCondLst></p:cTn><p:tgtEl><p:spTgt spid="51"/></p:tgtEl><p:attrNameLst><p:attrName>style.visibility</p:attrName></p:attrNameLst></p:cBhvr><p:to><p:strVal val="visible"/></p:to></p:set><p:animEffect transition="in" filter="fade"><p:cBhvr><p:cTn id="212" dur="500"/><p:tgtEl><p:spTgt spid="51"/></p:tgtEl></p:cBhvr></p:animEffect></p:childTnLst></p:cTn></p:par><p:par><p:cTn id="213" presetID="10" presetClass="entr" presetSubtype="0" fill="hold" nodeType="withEffect"><p:stCondLst><p:cond delay="0"/></p:stCondLst><p:childTnLst><p:set><p:cBhvr><p:cTn id="214" dur="1" fill="hold"><p:stCondLst><p:cond delay="0"/></p:stCondLst></p:cTn><p:tgtEl><p:spTgt spid="58"/></p:tgtEl><p:attrNameLst><p:attrName>style.visibility</p:attrName></p:attrNameLst></p:cBhvr><p:to><p:strVal val="visible"/></p:to></p:set><p:animEffect transition="in" filter="fade"><p:cBhvr><p:cTn id="215" dur="500"/><p:tgtEl><p:spTgt spid="58"/></p:tgtEl></p:cBhvr></p:animEffect></p:childTnLst></p:cTn></p:par><p:par><p:cTn id="216" presetID="10" presetClass="entr" presetSubtype="0" fill="hold" nodeType="withEffect"><p:stCondLst><p:cond delay="0"/></p:stCondLst><p:childTnLst><p:set><p:cBhvr><p:cTn id="217" dur="1" fill="hold"><p:stCondLst><p:cond delay="0"/></p:stCondLst></p:cTn><p:tgtEl><p:spTgt spid="62"/></p:tgtEl><p:attrNameLst><p:attrName>style.visibility</p:attrName></p:attrNameLst></p:cBhvr><p:to><p:strVal val="visible"/></p:to></p:set><p:animEffect transition="in" filter="fade"><p:cBhvr><p:cTn id="218" dur="500"/><p:tgtEl><p:spTgt spid="62"/></p:tgtEl></p:cBhvr></p:animEffect></p:childTnLst></p:cTn></p:par></p:childTnLst></p:cTn></p:par><p:par><p:cTn id="219" fill="hold"><p:stCondLst><p:cond delay="500"/></p:stCondLst><p:childTnLst><p:par><p:cTn id="220" presetID="1" presetClass="emph" presetSubtype="2" fill="hold" nodeType="afterEffect"><p:stCondLst><p:cond delay="0"/></p:stCondLst><p:childTnLst><p:animClr clrSpc="rgb" dir="cw"><p:cBhvr><p:cTn id="221" dur="500" fill="hold"/><p:tgtEl><p:spTgt spid="35"/></p:tgtEl><p:attrNameLst><p:attrName>fillcolor</p:attrName></p:attrNameLst></p:cBhvr><p:to><a:srgbClr val="D99694"/></p:to></p:animClr><p:set><p:cBhvr><p:cTn id="222" dur="500" fill="hold"/><p:tgtEl><p:spTgt spid="35"/></p:tgtEl><p:attrNameLst><p:attrName>fill.type</p:attrName></p:attrNameLst></p:cBhvr><p:to><p:strVal val="solid"/></p:to></p:set><p:set><p:cBhvr><p:cTn id="223" dur="500" fill="hold"/><p:tgtEl><p:spTgt spid="35"/></p:tgtEl><p:attrNameLst><p:attrName>fill.on</p:attrName></p:attrNameLst></p:cBhvr><p:to><p:strVal val="true"/></p:to></p:set></p:childTnLst></p:cTn></p:par></p:childTnLst></p:cTn></p:par><p:par><p:cTn id="224" fill="hold"><p:stCondLst><p:cond delay="1000"/></p:stCondLst><p:childTnLst><p:par><p:cTn id="225" presetID="1" presetClass="emph" presetSubtype="2" fill="hold" nodeType="afterEffect"><p:stCondLst><p:cond delay="0"/></p:stCondLst><p:childTnLst><p:animClr clrSpc="rgb" dir="cw"><p:cBhvr><p:cTn id="226" dur="500" fill="hold"/><p:tgtEl><p:spTgt spid="36"/></p:tgtEl><p:attrNameLst><p:attrName>fillcolor</p:attrName></p:attrNameLst></p:cBhvr><p:to><a:srgbClr val="D99694"/></p:to></p:animClr><p:set><p:cBhvr><p:cTn id="227" dur="500" fill="hold"/><p:tgtEl><p:spTgt spid="36"/></p:tgtEl><p:attrNameLst><p:attrName>fill.type</p:attrName></p:attrNameLst></p:cBhvr><p:to><p:strVal val="solid"/></p:to></p:set><p:set><p:cBhvr><p:cTn id="228" dur="500" fill="hold"/><p:tgtEl><p:spTgt spid="36"/></p:tgtEl><p:attrNameLst><p:attrName>fill.on</p:attrName></p:attrNameLst></p:cBhvr><p:to><p:strVal val="true"/></p:to></p:set></p:childTnLst></p:cTn></p:par></p:childTnLst></p:cTn></p:par><p:par><p:cTn id="229" fill="hold"><p:stCondLst><p:cond delay="1500"/></p:stCondLst><p:childTnLst><p:par><p:cTn id="230" presetID="1" presetClass="emph" presetSubtype="2" fill="hold" nodeType="afterEffect"><p:stCondLst><p:cond delay="0"/></p:stCondLst><p:childTnLst><p:animClr clrSpc="rgb" dir="cw"><p:cBhvr><p:cTn id="231" dur="500" fill="hold"/><p:tgtEl><p:spTgt spid="37"/></p:tgtEl><p:attrNameLst><p:attrName>fillcolor</p:attrName></p:attrNameLst></p:cBhvr><p:to><a:srgbClr val="D99694"/></p:to></p:animClr><p:set><p:cBhvr><p:cTn id="232" dur="500" fill="hold"/><p:tgtEl><p:spTgt spid="37"/></p:tgtEl><p:attrNameLst><p:attrName>fill.type</p:attrName></p:attrNameLst></p:cBhvr><p:to><p:strVal val="solid"/></p:to></p:set><p:set><p:cBhvr><p:cTn id="233" dur="500" fill="hold"/><p:tgtEl><p:spTgt spid="37"/></p:tgtEl><p:attrNameLst><p:attrName>fill.on</p:attrName></p:attrNameLst></p:cBhvr><p:to><p:strVal val="true"/></p:to></p:set></p:childTnLst></p:cTn></p:par></p:childTnLst></p:cTn></p:par></p:childTnLst></p:cTn></p:par><p:par><p:cTn id="234" fill="hold"><p:stCondLst><p:cond delay="indefinite"/></p:stCondLst><p:childTnLst><p:par><p:cTn id="235" fill="hold"><p:stCondLst><p:cond delay="0"/></p:stCondLst><p:childTnLst><p:par><p:cTn id="236" presetID="10" presetClass="exit" presetSubtype="0" fill="hold" grpId="1" nodeType="clickEffect"><p:stCondLst><p:cond delay="0"/></p:stCondLst><p:childTnLst><p:animEffect transition="out" filter="fade"><p:cBhvr><p:cTn id="237" dur="500"/><p:tgtEl><p:spTgt spid="81"/></p:tgtEl></p:cBhvr></p:animEffect><p:set><p:cBhvr><p:cTn id="238" dur="1" fill="hold"><p:stCondLst><p:cond delay="499"/></p:stCondLst></p:cTn><p:tgtEl><p:spTgt spid="81"/></p:tgtEl><p:attrNameLst><p:attrName>style.visibility</p:attrName></p:attrNameLst></p:cBhvr><p:to><p:strVal val="hidden"/></p:to></p:set></p:childTnLst></p:cTn></p:par><p:par><p:cTn id="239" presetID="10" presetClass="exit" presetSubtype="0" fill="hold" nodeType="withEffect"><p:stCondLst><p:cond delay="0"/></p:stCondLst><p:childTnLst><p:animEffect transition="out" filter="fade"><p:cBhvr><p:cTn id="240" dur="500"/><p:tgtEl><p:spTgt spid="72"/></p:tgtEl></p:cBhvr></p:animEffect><p:set><p:cBhvr><p:cTn id="241" dur="1" fill="hold"><p:stCondLst><p:cond delay="499"/></p:stCondLst></p:cTn><p:tgtEl><p:spTgt spid="72"/></p:tgtEl><p:attrNameLst><p:attrName>style.visibility</p:attrName></p:attrNameLst></p:cBhvr><p:to><p:strVal val="hidden"/></p:to></p:set></p:childTnLst></p:cTn></p:par><p:par><p:cTn id="242" presetID="10" presetClass="exit" presetSubtype="0" fill="hold" nodeType="withEffect"><p:stCondLst><p:cond delay="0"/></p:stCondLst><p:childTnLst><p:animEffect transition="out" filter="fade"><p:cBhvr><p:cTn id="243" dur="500"/><p:tgtEl><p:spTgt spid="69"/></p:tgtEl></p:cBhvr></p:animEffect><p:set><p:cBhvr><p:cTn id="244" dur="1" fill="hold"><p:stCondLst><p:cond delay="499"/></p:stCondLst></p:cTn><p:tgtEl><p:spTgt spid="69"/></p:tgtEl><p:attrNameLst><p:attrName>style.visibility</p:attrName></p:attrNameLst></p:cBhvr><p:to><p:strVal val="hidden"/></p:to></p:set></p:childTnLst></p:cTn></p:par><p:par><p:cTn id="245" presetID="10" presetClass="exit" presetSubtype="0" fill="hold" nodeType="withEffect"><p:stCondLst><p:cond delay="0"/></p:stCondLst><p:childTnLst><p:animEffect transition="out" filter="fade"><p:cBhvr><p:cTn id="246" dur="500"/><p:tgtEl><p:spTgt spid="66"/></p:tgtEl></p:cBhvr></p:animEffect><p:set><p:cBhvr><p:cTn id="247" dur="1" fill="hold"><p:stCondLst><p:cond delay="499"/></p:stCondLst></p:cTn><p:tgtEl><p:spTgt spid="66"/></p:tgtEl><p:attrNameLst><p:attrName>style.visibility</p:attrName></p:attrNameLst></p:cBhvr><p:to><p:strVal val="hidden"/></p:to></p:set></p:childTnLst></p:cTn></p:par><p:par><p:cTn id="248" presetID="10" presetClass="exit" presetSubtype="0" fill="hold" nodeType="withEffect"><p:stCondLst><p:cond delay="0"/></p:stCondLst><p:childTnLst><p:animEffect transition="out" filter="fade"><p:cBhvr><p:cTn id="249" dur="500"/><p:tgtEl><p:spTgt spid="51"/></p:tgtEl></p:cBhvr></p:animEffect><p:set><p:cBhvr><p:cTn id="250" dur="1" fill="hold"><p:stCondLst><p:cond delay="499"/></p:stCondLst></p:cTn><p:tgtEl><p:spTgt spid="51"/></p:tgtEl><p:attrNameLst><p:attrName>style.visibility</p:attrName></p:attrNameLst></p:cBhvr><p:to><p:strVal val="hidden"/></p:to></p:set></p:childTnLst></p:cTn></p:par><p:par><p:cTn id="251" presetID="10" presetClass="exit" presetSubtype="0" fill="hold" nodeType="withEffect"><p:stCondLst><p:cond delay="0"/></p:stCondLst><p:childTnLst><p:animEffect transition="out" filter="fade"><p:cBhvr><p:cTn id="252" dur="500"/><p:tgtEl><p:spTgt spid="58"/></p:tgtEl></p:cBhvr></p:animEffect><p:set><p:cBhvr><p:cTn id="253" dur="1" fill="hold"><p:stCondLst><p:cond delay="499"/></p:stCondLst></p:cTn><p:tgtEl><p:spTgt spid="58"/></p:tgtEl><p:attrNameLst><p:attrName>style.visibility</p:attrName></p:attrNameLst></p:cBhvr><p:to><p:strVal val="hidden"/></p:to></p:set></p:childTnLst></p:cTn></p:par><p:par><p:cTn id="254" presetID="10" presetClass="exit" presetSubtype="0" fill="hold" nodeType="withEffect"><p:stCondLst><p:cond delay="0"/></p:stCondLst><p:childTnLst><p:animEffect transition="out" filter="fade"><p:cBhvr><p:cTn id="255" dur="500"/><p:tgtEl><p:spTgt spid="62"/></p:tgtEl></p:cBhvr></p:animEffect><p:set><p:cBhvr><p:cTn id="256" dur="1" fill="hold"><p:stCondLst><p:cond delay="499"/></p:stCondLst></p:cTn><p:tgtEl><p:spTgt spid="62"/></p:tgtEl><p:attrNameLst><p:attrName>style.visibility</p:attrName></p:attrNameLst></p:cBhvr><p:to><p:strVal val="hidden"/></p:to></p:set></p:childTnLst></p:cTn></p:par></p:childTnLst></p:cTn></p:par></p:childTnLst></p:cTn></p:par><p:par><p:cTn id="257" fill="hold"><p:stCondLst><p:cond delay="indefinite"/></p:stCondLst><p:childTnLst><p:par><p:cTn id="258" fill="hold"><p:stCondLst><p:cond delay="0"/></p:stCondLst><p:childTnLst><p:par><p:cTn id="259" presetID="22" presetClass="entr" presetSubtype="1" fill="hold" grpId="0" nodeType="clickEffect"><p:stCondLst><p:cond delay="0"/></p:stCondLst><p:childTnLst><p:set><p:cBhvr><p:cTn id="260" dur="1" fill="hold"><p:stCondLst><p:cond delay="0"/></p:stCondLst></p:cTn><p:tgtEl><p:spTgt spid="88"/></p:tgtEl><p:attrNameLst><p:attrName>style.visibility</p:attrName></p:attrNameLst></p:cBhvr><p:to><p:strVal val="visible"/></p:to></p:set><p:animEffect transition="in" filter="wipe(up)"><p:cBhvr><p:cTn id="261" dur="500"/><p:tgtEl><p:spTgt spid="88"/></p:tgtEl></p:cBhvr></p:animEffect></p:childTnLst></p:cTn></p:par></p:childTnLst></p:cTn></p:par></p:childTnLst></p:cTn></p:par><p:par><p:cTn id="262" fill="hold"><p:stCondLst><p:cond delay="indefinite"/></p:stCondLst><p:childTnLst><p:par><p:cTn id="263" fill="hold"><p:stCondLst><p:cond delay="0"/></p:stCondLst><p:childTnLst><p:par><p:cTn id="264" presetID="10" presetClass="exit" presetSubtype="0" fill="hold" grpId="1" nodeType="clickEffect"><p:stCondLst><p:cond delay="0"/></p:stCondLst><p:childTnLst><p:animEffect transition="out" filter="fade"><p:cBhvr><p:cTn id="265" dur="500"/><p:tgtEl><p:spTgt spid="6"/></p:tgtEl></p:cBhvr></p:animEffect><p:set><p:cBhvr><p:cTn id="266" dur="1" fill="hold"><p:stCondLst><p:cond delay="499"/></p:stCondLst></p:cTn><p:tgtEl><p:spTgt spid="6"/></p:tgtEl><p:attrNameLst><p:attrName>style.visibility</p:attrName></p:attrNameLst></p:cBhvr><p:to><p:strVal val="hidden"/></p:to></p:set></p:childTnLst></p:cTn></p:par><p:par><p:cTn id="267" presetID="10" presetClass="exit" presetSubtype="0" fill="hold" grpId="1" nodeType="withEffect"><p:stCondLst><p:cond delay="0"/></p:stCondLst><p:childTnLst><p:animEffect transition="out" filter="fade"><p:cBhvr><p:cTn id="268" dur="500"/><p:tgtEl><p:spTgt spid="16"/></p:tgtEl></p:cBhvr></p:animEffect><p:set><p:cBhvr><p:cTn id="269" dur="1" fill="hold"><p:stCondLst><p:cond delay="499"/></p:stCondLst></p:cTn><p:tgtEl><p:spTgt spid="16"/></p:tgtEl><p:attrNameLst><p:attrName>style.visibility</p:attrName></p:attrNameLst></p:cBhvr><p:to><p:strVal val="hidden"/></p:to></p:set></p:childTnLst></p:cTn></p:par><p:par><p:cTn id="270" presetID="10" presetClass="exit" presetSubtype="0" fill="hold" grpId="1" nodeType="withEffect"><p:stCondLst><p:cond delay="0"/></p:stCondLst><p:childTnLst><p:animEffect transition="out" filter="fade"><p:cBhvr><p:cTn id="271" dur="500"/><p:tgtEl><p:spTgt spid="5"/></p:tgtEl></p:cBhvr></p:animEffect><p:set><p:cBhvr><p:cTn id="272" dur="1" fill="hold"><p:stCondLst><p:cond delay="499"/></p:stCondLst></p:cTn><p:tgtEl><p:spTgt spid="5"/></p:tgtEl><p:attrNameLst><p:attrName>style.visibility</p:attrName></p:attrNameLst></p:cBhvr><p:to><p:strVal val="hidden"/></p:to></p:set></p:childTnLst></p:cTn></p:par><p:par><p:cTn id="273" presetID="10" presetClass="exit" presetSubtype="0" fill="hold" grpId="1" nodeType="withEffect"><p:stCondLst><p:cond delay="0"/></p:stCondLst><p:childTnLst><p:animEffect transition="out" filter="fade"><p:cBhvr><p:cTn id="274" dur="500"/><p:tgtEl><p:spTgt spid="17"/></p:tgtEl></p:cBhvr></p:animEffect><p:set><p:cBhvr><p:cTn id="275" dur="1" fill="hold"><p:stCondLst><p:cond delay="499"/></p:stCondLst></p:cTn><p:tgtEl><p:spTgt spid="17"/></p:tgtEl><p:attrNameLst><p:attrName>style.visibility</p:attrName></p:attrNameLst></p:cBhvr><p:to><p:strVal val="hidden"/></p:to></p:set></p:childTnLst></p:cTn></p:par><p:par><p:cTn id="276" presetID="10" presetClass="exit" presetSubtype="0" fill="hold" grpId="1" nodeType="withEffect"><p:stCondLst><p:cond delay="0"/></p:stCondLst><p:childTnLst><p:animEffect transition="out" filter="fade"><p:cBhvr><p:cTn id="277" dur="500"/><p:tgtEl><p:spTgt spid="20"/></p:tgtEl></p:cBhvr></p:animEffect><p:set><p:cBhvr><p:cTn id="278" dur="1" fill="hold"><p:stCondLst><p:cond delay="499"/></p:stCondLst></p:cTn><p:tgtEl><p:spTgt spid="20"/></p:tgtEl><p:attrNameLst><p:attrName>style.visibility</p:attrName></p:attrNameLst></p:cBhvr><p:to><p:strVal val="hidden"/></p:to></p:set></p:childTnLst></p:cTn></p:par><p:par><p:cTn id="279" presetID="10" presetClass="exit" presetSubtype="0" fill="hold" grpId="1" nodeType="withEffect"><p:stCondLst><p:cond delay="0"/></p:stCondLst><p:childTnLst><p:animEffect transition="out" filter="fade"><p:cBhvr><p:cTn id="280" dur="500"/><p:tgtEl><p:spTgt spid="22"/></p:tgtEl></p:cBhvr></p:animEffect><p:set><p:cBhvr><p:cTn id="281" dur="1" fill="hold"><p:stCondLst><p:cond delay="499"/></p:stCondLst></p:cTn><p:tgtEl><p:spTgt spid="22"/></p:tgtEl><p:attrNameLst><p:attrName>style.visibility</p:attrName></p:attrNameLst></p:cBhvr><p:to><p:strVal val="hidden"/></p:to></p:set></p:childTnLst></p:cTn></p:par><p:par><p:cTn id="282" presetID="10" presetClass="exit" presetSubtype="0" fill="hold" grpId="1" nodeType="withEffect"><p:stCondLst><p:cond delay="0"/></p:stCondLst><p:childTnLst><p:animEffect transition="out" filter="fade"><p:cBhvr><p:cTn id="283" dur="500"/><p:tgtEl><p:spTgt spid="21"/></p:tgtEl></p:cBhvr></p:animEffect><p:set><p:cBhvr><p:cTn id="284" dur="1" fill="hold"><p:stCondLst><p:cond delay="499"/></p:stCondLst></p:cTn><p:tgtEl><p:spTgt spid="21"/></p:tgtEl><p:attrNameLst><p:attrName>style.visibility</p:attrName></p:attrNameLst></p:cBhvr><p:to><p:strVal val="hidden"/></p:to></p:set></p:childTnLst></p:cTn></p:par><p:par><p:cTn id="285" presetID="10" presetClass="exit" presetSubtype="0" fill="hold" grpId="1" nodeType="withEffect"><p:stCondLst><p:cond delay="0"/></p:stCondLst><p:childTnLst><p:animEffect transition="out" filter="fade"><p:cBhvr><p:cTn id="286" dur="500"/><p:tgtEl><p:spTgt spid="35"/></p:tgtEl></p:cBhvr></p:animEffect><p:set><p:cBhvr><p:cTn id="287" dur="1" fill="hold"><p:stCondLst><p:cond delay="499"/></p:stCondLst></p:cTn><p:tgtEl><p:spTgt spid="35"/></p:tgtEl><p:attrNameLst><p:attrName>style.visibility</p:attrName></p:attrNameLst></p:cBhvr><p:to><p:strVal val="hidden"/></p:to></p:set></p:childTnLst></p:cTn></p:par><p:par><p:cTn id="288" presetID="10" presetClass="exit" presetSubtype="0" fill="hold" grpId="1" nodeType="withEffect"><p:stCondLst><p:cond delay="0"/></p:stCondLst><p:childTnLst><p:animEffect transition="out" filter="fade"><p:cBhvr><p:cTn id="289" dur="500"/><p:tgtEl><p:spTgt spid="36"/></p:tgtEl></p:cBhvr></p:animEffect><p:set><p:cBhvr><p:cTn id="290" dur="1" fill="hold"><p:stCondLst><p:cond delay="499"/></p:stCondLst></p:cTn><p:tgtEl><p:spTgt spid="36"/></p:tgtEl><p:attrNameLst><p:attrName>style.visibility</p:attrName></p:attrNameLst></p:cBhvr><p:to><p:strVal val="hidden"/></p:to></p:set></p:childTnLst></p:cTn></p:par><p:par><p:cTn id="291" presetID="10" presetClass="exit" presetSubtype="0" fill="hold" grpId="1" nodeType="withEffect"><p:stCondLst><p:cond delay="0"/></p:stCondLst><p:childTnLst><p:animEffect transition="out" filter="fade"><p:cBhvr><p:cTn id="292" dur="500"/><p:tgtEl><p:spTgt spid="37"/></p:tgtEl></p:cBhvr></p:animEffect><p:set><p:cBhvr><p:cTn id="293" dur="1" fill="hold"><p:stCondLst><p:cond delay="499"/></p:stCondLst></p:cTn><p:tgtEl><p:spTgt spid="37"/></p:tgtEl><p:attrNameLst><p:attrName>style.visibility</p:attrName></p:attrNameLst></p:cBhvr><p:to><p:strVal val="hidden"/></p:to></p:set></p:childTnLst></p:cTn></p:par><p:par><p:cTn id="294" presetID="10" presetClass="exit" presetSubtype="0" fill="hold" grpId="1" nodeType="withEffect"><p:stCondLst><p:cond delay="0"/></p:stCondLst><p:childTnLst><p:animEffect transition="out" filter="fade"><p:cBhvr><p:cTn id="295" dur="500"/><p:tgtEl><p:spTgt spid="88"/></p:tgtEl></p:cBhvr></p:animEffect><p:set><p:cBhvr><p:cTn id="296" dur="1" fill="hold"><p:stCondLst><p:cond delay="499"/></p:stCondLst></p:cTn><p:tgtEl><p:spTgt spid="88"/></p:tgtEl><p:attrNameLst><p:attrName>style.visibility</p:attrName></p:attrNameLst></p:cBhvr><p:to><p:strVal val="hidden"/></p:to></p:set></p:childTnLst></p:cTn></p:par></p:childTnLst></p:cTn></p:par></p:childTnLst></p:cTn></p:par></p:childTnLst></p:cTn><p:prevCondLst><p:cond evt="onPrev" delay="0"><p:tgtEl><p:sldTgt/></p:tgtEl></p:cond></p:prevCondLst><p:nextCondLst><p:cond evt="onNext" delay="0"><p:tgtEl><p:sldTgt/></p:tgtEl></p:cond></p:nextCondLst></p:seq></p:childTnLst></p:cTn></p:par></p:tnLst><p:bldLst><p:bldP spid="88" grpId="0" animBg="1"/><p:bldP spid="88" grpId="1" animBg="1"/><p:bldP spid="79" grpId="0" animBg="1"/><p:bldP spid="78" grpId="0" animBg="1"/><p:bldP spid="16" grpId="0" animBg="1"/><p:bldP spid="16" grpId="1" animBg="1"/><p:bldP spid="6" grpId="0" animBg="1"/><p:bldP spid="6" grpId="1" animBg="1"/><p:bldP spid="17" grpId="0" animBg="1"/><p:bldP spid="17" grpId="1" animBg="1"/><p:bldP spid="5" grpId="0" animBg="1"/><p:bldP spid="5" grpId="1" animBg="1"/><p:bldP spid="20" grpId="0" animBg="1"/><p:bldP spid="20" grpId="1" animBg="1"/><p:bldP spid="21" grpId="0" animBg="1"/><p:bldP spid="21" grpId="1" animBg="1"/><p:bldP spid="22" grpId="0" animBg="1"/><p:bldP spid="22" grpId="1" animBg="1"/><p:bldP spid="25" grpId="0" animBg="1"/><p:bldP spid="35" grpId="0" animBg="1"/><p:bldP spid="35" grpId="1" animBg="1"/><p:bldP spid="36" grpId="0" animBg="1"/><p:bldP spid="36" grpId="1" animBg="1"/><p:bldP spid="37" grpId="0" animBg="1"/><p:bldP spid="37" grpId="1" animBg="1"/><p:bldP spid="49" grpId="0"/><p:bldP spid="49" grpId="1"/><p:bldP spid="80" grpId="1"/><p:bldP spid="80" grpId="2"/><p:bldP spid="81" grpId="0"/><p:bldP spid="81" grpId="1"/><p:bldP spid="47" grpId="0" animBg="1"/></p:bldLst></p:timing></p:sld>