<?xml version="1.0" encoding="UTF-8" standalone="yes"?>
<p:sld xmlns:a="http://schemas.openxmlformats.org/drawingml/2006/main" xmlns:r="http://schemas.openxmlformats.org/officeDocument/2006/relationships" xmlns:p="http://schemas.openxmlformats.org/presentationml/2006/main"><p:cSld><p:spTree><p:nvGrpSpPr><p:cNvPr id="1" name=""/><p:cNvGrpSpPr/><p:nvPr/></p:nvGrpSpPr><p:grpSpPr><a:xfrm><a:off x="0" y="0"/><a:ext cx="0" cy="0"/><a:chOff x="0" y="0"/><a:chExt cx="0" cy="0"/></a:xfrm></p:grpSpPr><p:sp><p:nvSpPr><p:cNvPr id="3" name="文本占位符 2"><a:extLst><a:ext uri="{FF2B5EF4-FFF2-40B4-BE49-F238E27FC236}"><a16:creationId xmlns:a16="http://schemas.microsoft.com/office/drawing/2014/main" id="{4E98F63F-500E-442B-B5BB-B492A1515589}"/></a:ext></a:extLst></p:cNvPr><p:cNvSpPr><a:spLocks noGrp="1"/></p:cNvSpPr><p:nvPr><p:ph type="body" sz="quarter" idx="10"/></p:nvPr></p:nvSpPr><p:spPr><a:xfrm><a:off x="5126584" y="1148576"/><a:ext cx="6582196" cy="4998224"/></a:xfrm></p:spPr><p:txBody><a:bodyPr/><a:lstStyle/><a:p><a:pPr marL="0" lvl="0" indent="0"><a:lnSpc><a:spcPct val="100000"/></a:lnSpc><a:spcBef><a:spcPct val="0"/></a:spcBef><a:buNone/></a:pPr><a:endParaRPr lang="zh-CN" altLang="zh-CN" sz="3200"><a:solidFill><a:schemeClr val="tx1"/></a:solidFill><a:latin typeface="Arial" panose="020B0604020202020204" pitchFamily="34" charset="0"/></a:endParaRPr></a:p><a:p><a:pPr marL="0" lvl="0" indent="0"><a:lnSpc><a:spcPct val="100000"/></a:lnSpc><a:spcBef><a:spcPct val="0"/></a:spcBef><a:buFontTx/><a:buAutoNum type="arabicPeriod"/></a:pPr><a:r><a:rPr lang="en-US" altLang="zh-CN"><a:solidFill><a:srgbClr val="333333"/></a:solidFill><a:latin typeface="Open Sans" panose="020B0606030504020204" pitchFamily="34" charset="0"/><a:cs typeface="Open Sans" panose="020B0606030504020204" pitchFamily="34" charset="0"/></a:rPr><a:t> </a:t></a:r><a:r><a:rPr lang="zh-CN" altLang="zh-CN"><a:solidFill><a:srgbClr val="333333"/></a:solidFill><a:latin typeface="Open Sans" panose="020B0606030504020204" pitchFamily="34" charset="0"/><a:cs typeface="Open Sans" panose="020B0606030504020204" pitchFamily="34" charset="0"/></a:rPr><a:t>了解欲研究的组件（类）基本使用</a:t></a:r><a:endParaRPr lang="en-US" altLang="zh-CN"><a:solidFill><a:srgbClr val="333333"/></a:solidFill><a:latin typeface="Open Sans" panose="020B0606030504020204" pitchFamily="34" charset="0"/><a:cs typeface="Open Sans" panose="020B0606030504020204" pitchFamily="34" charset="0"/></a:endParaRPr></a:p><a:p><a:pPr marL="0" lvl="0" indent="0"><a:lnSpc><a:spcPct val="100000"/></a:lnSpc><a:spcBef><a:spcPct val="0"/></a:spcBef><a:buFontTx/><a:buAutoNum type="arabicPeriod"/></a:pPr><a:endParaRPr lang="zh-CN" altLang="zh-CN"><a:solidFill><a:srgbClr val="333333"/></a:solidFill><a:latin typeface="Open Sans" panose="020B0606030504020204" pitchFamily="34" charset="0"/><a:cs typeface="Open Sans" panose="020B0606030504020204" pitchFamily="34" charset="0"/></a:endParaRPr></a:p><a:p><a:pPr marL="0" lvl="0" indent="0"><a:lnSpc><a:spcPct val="100000"/></a:lnSpc><a:spcBef><a:spcPct val="0"/></a:spcBef><a:buFontTx/><a:buAutoNum type="arabicPeriod" startAt="2"/></a:pPr><a:r><a:rPr lang="en-US" altLang="zh-CN"><a:solidFill><a:srgbClr val="333333"/></a:solidFill><a:latin typeface="Open Sans" panose="020B0606030504020204" pitchFamily="34" charset="0"/><a:cs typeface="Open Sans" panose="020B0606030504020204" pitchFamily="34" charset="0"/></a:rPr><a:t> </a:t></a:r><a:r><a:rPr lang="zh-CN" altLang="zh-CN"><a:solidFill><a:srgbClr val="333333"/></a:solidFill><a:latin typeface="Open Sans" panose="020B0606030504020204" pitchFamily="34" charset="0"/><a:cs typeface="Open Sans" panose="020B0606030504020204" pitchFamily="34" charset="0"/></a:rPr><a:t>用单元测试研究组件的特性</a:t></a:r><a:endParaRPr lang="en-US" altLang="zh-CN"><a:solidFill><a:srgbClr val="333333"/></a:solidFill><a:latin typeface="Open Sans" panose="020B0606030504020204" pitchFamily="34" charset="0"/><a:cs typeface="Open Sans" panose="020B0606030504020204" pitchFamily="34" charset="0"/></a:endParaRPr></a:p><a:p><a:pPr marL="0" lvl="0" indent="0"><a:lnSpc><a:spcPct val="100000"/></a:lnSpc><a:spcBef><a:spcPct val="0"/></a:spcBef><a:buFontTx/><a:buAutoNum type="arabicPeriod" startAt="2"/></a:pPr><a:endParaRPr lang="zh-CN" altLang="zh-CN"><a:solidFill><a:srgbClr val="333333"/></a:solidFill><a:latin typeface="Open Sans" panose="020B0606030504020204" pitchFamily="34" charset="0"/><a:cs typeface="Open Sans" panose="020B0606030504020204" pitchFamily="34" charset="0"/></a:endParaRPr></a:p><a:p><a:pPr marL="0" lvl="0" indent="0"><a:lnSpc><a:spcPct val="100000"/></a:lnSpc><a:spcBef><a:spcPct val="0"/></a:spcBef><a:buFontTx/><a:buAutoNum type="arabicPeriod" startAt="3"/></a:pPr><a:r><a:rPr lang="en-US" altLang="zh-CN"><a:solidFill><a:srgbClr val="333333"/></a:solidFill><a:latin typeface="Open Sans" panose="020B0606030504020204" pitchFamily="34" charset="0"/><a:cs typeface="Open Sans" panose="020B0606030504020204" pitchFamily="34" charset="0"/></a:rPr><a:t> </a:t></a:r><a:r><a:rPr lang="zh-CN" altLang="zh-CN"><a:solidFill><a:srgbClr val="333333"/></a:solidFill><a:latin typeface="Open Sans" panose="020B0606030504020204" pitchFamily="34" charset="0"/><a:cs typeface="Open Sans" panose="020B0606030504020204" pitchFamily="34" charset="0"/></a:rPr><a:t>试着自己实现类似功能</a:t></a:r><a:r><a:rPr lang="zh-CN" altLang="en-US"><a:solidFill><a:srgbClr val="333333"/></a:solidFill><a:latin typeface="Open Sans" panose="020B0606030504020204" pitchFamily="34" charset="0"/><a:cs typeface="Open Sans" panose="020B0606030504020204" pitchFamily="34" charset="0"/></a:rPr><a:t>（选讲）</a:t></a:r><a:endParaRPr lang="en-US" altLang="zh-CN"><a:solidFill><a:srgbClr val="333333"/></a:solidFill><a:latin typeface="Open Sans" panose="020B0606030504020204" pitchFamily="34" charset="0"/><a:cs typeface="Open Sans" panose="020B0606030504020204" pitchFamily="34" charset="0"/></a:endParaRPr></a:p><a:p><a:pPr marL="0" lvl="0" indent="0"><a:lnSpc><a:spcPct val="100000"/></a:lnSpc><a:spcBef><a:spcPct val="0"/></a:spcBef><a:buFontTx/><a:buAutoNum type="arabicPeriod" startAt="3"/></a:pPr><a:endParaRPr lang="zh-CN" altLang="zh-CN"><a:solidFill><a:srgbClr val="333333"/></a:solidFill><a:latin typeface="Open Sans" panose="020B0606030504020204" pitchFamily="34" charset="0"/><a:cs typeface="Open Sans" panose="020B0606030504020204" pitchFamily="34" charset="0"/></a:endParaRPr></a:p><a:p><a:pPr marL="0" lvl="0" indent="0"><a:lnSpc><a:spcPct val="100000"/></a:lnSpc><a:spcBef><a:spcPct val="0"/></a:spcBef><a:buFontTx/><a:buAutoNum type="arabicPeriod" startAt="4"/></a:pPr><a:r><a:rPr lang="zh-CN" altLang="en-US"><a:solidFill><a:srgbClr val="333333"/></a:solidFill><a:latin typeface="Open Sans" panose="020B0606030504020204" pitchFamily="34" charset="0"/><a:cs typeface="Open Sans" panose="020B0606030504020204" pitchFamily="34" charset="0"/></a:rPr><a:t> 最后再</a:t></a:r><a:r><a:rPr lang="zh-CN" altLang="zh-CN"><a:solidFill><a:srgbClr val="333333"/></a:solidFill><a:latin typeface="Open Sans" panose="020B0606030504020204" pitchFamily="34" charset="0"/><a:cs typeface="Open Sans" panose="020B0606030504020204" pitchFamily="34" charset="0"/></a:rPr><a:t>深入阅读该组件的源码</a:t></a:r><a:r><a:rPr lang="zh-CN" altLang="en-US"><a:solidFill><a:srgbClr val="333333"/></a:solidFill><a:latin typeface="Open Sans" panose="020B0606030504020204" pitchFamily="34" charset="0"/><a:cs typeface="Open Sans" panose="020B0606030504020204" pitchFamily="34" charset="0"/></a:rPr><a:t>（避免讲）</a:t></a:r><a:endParaRPr lang="zh-CN" altLang="zh-CN"><a:solidFill><a:srgbClr val="333333"/></a:solidFill><a:latin typeface="Open Sans" panose="020B0606030504020204" pitchFamily="34" charset="0"/><a:cs typeface="Open Sans" panose="020B0606030504020204" pitchFamily="34" charset="0"/></a:endParaRPr></a:p><a:p><a:pPr marL="0" lvl="0" indent="0"><a:lnSpc><a:spcPct val="100000"/></a:lnSpc><a:spcBef><a:spcPct val="0"/></a:spcBef><a:buNone/></a:pPr><a:endParaRPr lang="zh-CN" altLang="zh-CN" sz="3200"><a:solidFill><a:schemeClr val="tx1"/></a:solidFill><a:latin typeface="Arial" panose="020B0604020202020204" pitchFamily="34" charset="0"/></a:endParaRPr></a:p><a:p><a:endParaRPr lang="zh-CN" altLang="en-US"/></a:p></p:txBody></p:sp><p:sp><p:nvSpPr><p:cNvPr id="2" name="标题 1"/><p:cNvSpPr><a:spLocks noGrp="1"/></p:cNvSpPr><p:nvPr><p:ph type="title"/></p:nvPr></p:nvSpPr><p:spPr/><p:txBody><a:bodyPr/><a:lstStyle/><a:p><a:r><a:rPr kumimoji="1" lang="zh-CN" altLang="en-US"/><a:t>我的课程怎么讲？</a:t></a:r></a:p></p:txBody></p:sp></p:spTree><p:extLst><p:ext uri="{BB962C8B-B14F-4D97-AF65-F5344CB8AC3E}"><p14:creationId xmlns:p14="http://schemas.microsoft.com/office/powerpoint/2010/main" val="3920235778"/></p:ext></p:extLst></p:cSld><p:clrMapOvr><a:masterClrMapping/></p:clrMapOvr><p:timing><p:tnLst><p:par><p:cTn id="1" dur="indefinite" restart="never" nodeType="tmRoot"><p:childTnLst><p:seq concurrent="1" nextAc="seek"><p:cTn id="2" dur="indefinite" nodeType="mainSeq"><p:childTnLst><p:par><p:cTn id="3" fill="hold"><p:stCondLst><p:cond delay="indefinite"/></p:stCondLst><p:childTnLst><p:par><p:cTn id="4" fill="hold"><p:stCondLst><p:cond delay="0"/></p:stCondLst><p:childTnLst><p:par><p:cTn id="5" presetID="10" presetClass="entr" presetSubtype="0" fill="hold" nodeType="clickEffect"><p:stCondLst><p:cond delay="0"/></p:stCondLst><p:childTnLst><p:set><p:cBhvr><p:cTn id="6" dur="1" fill="hold"><p:stCondLst><p:cond delay="0"/></p:stCondLst></p:cTn><p:tgtEl><p:spTgt spid="3"><p:txEl><p:pRg st="1" end="1"/></p:txEl></p:spTgt></p:tgtEl><p:attrNameLst><p:attrName>style.visibility</p:attrName></p:attrNameLst></p:cBhvr><p:to><p:strVal val="visible"/></p:to></p:set><p:animEffect transition="in" filter="fade"><p:cBhvr><p:cTn id="7" dur="500"/><p:tgtEl><p:spTgt spid="3"><p:txEl><p:pRg st="1" end="1"/></p:txEl></p:spTgt></p:tgtEl></p:cBhvr></p:animEffect></p:childTnLst></p:cTn></p:par></p:childTnLst></p:cTn></p:par></p:childTnLst></p:cTn></p:par><p:par><p:cTn id="8" fill="hold"><p:stCondLst><p:cond delay="indefinite"/></p:stCondLst><p:childTnLst><p:par><p:cTn id="9" fill="hold"><p:stCondLst><p:cond delay="0"/></p:stCondLst><p:childTnLst><p:par><p:cTn id="10" presetID="10" presetClass="entr" presetSubtype="0" fill="hold" nodeType="clickEffect"><p:stCondLst><p:cond delay="0"/></p:stCondLst><p:childTnLst><p:set><p:cBhvr><p:cTn id="11" dur="1" fill="hold"><p:stCondLst><p:cond delay="0"/></p:stCondLst></p:cTn><p:tgtEl><p:spTgt spid="3"><p:txEl><p:pRg st="3" end="3"/></p:txEl></p:spTgt></p:tgtEl><p:attrNameLst><p:attrName>style.visibility</p:attrName></p:attrNameLst></p:cBhvr><p:to><p:strVal val="visible"/></p:to></p:set><p:animEffect transition="in" filter="fade"><p:cBhvr><p:cTn id="12" dur="500"/><p:tgtEl><p:spTgt spid="3"><p:txEl><p:pRg st="3" end="3"/></p:txEl></p:spTgt></p:tgtEl></p:cBhvr></p:animEffect></p:childTnLst></p:cTn></p:par></p:childTnLst></p:cTn></p:par></p:childTnLst></p:cTn></p:par><p:par><p:cTn id="13" fill="hold"><p:stCondLst><p:cond delay="indefinite"/></p:stCondLst><p:childTnLst><p:par><p:cTn id="14" fill="hold"><p:stCondLst><p:cond delay="0"/></p:stCondLst><p:childTnLst><p:par><p:cTn id="15" presetID="10" presetClass="entr" presetSubtype="0" fill="hold" nodeType="clickEffect"><p:stCondLst><p:cond delay="0"/></p:stCondLst><p:childTnLst><p:set><p:cBhvr><p:cTn id="16" dur="1" fill="hold"><p:stCondLst><p:cond delay="0"/></p:stCondLst></p:cTn><p:tgtEl><p:spTgt spid="3"><p:txEl><p:pRg st="5" end="5"/></p:txEl></p:spTgt></p:tgtEl><p:attrNameLst><p:attrName>style.visibility</p:attrName></p:attrNameLst></p:cBhvr><p:to><p:strVal val="visible"/></p:to></p:set><p:animEffect transition="in" filter="fade"><p:cBhvr><p:cTn id="17" dur="500"/><p:tgtEl><p:spTgt spid="3"><p:txEl><p:pRg st="5" end="5"/></p:txEl></p:spTgt></p:tgtEl></p:cBhvr></p:animEffect></p:childTnLst></p:cTn></p:par></p:childTnLst></p:cTn></p:par></p:childTnLst></p:cTn></p:par><p:par><p:cTn id="18" fill="hold"><p:stCondLst><p:cond delay="indefinite"/></p:stCondLst><p:childTnLst><p:par><p:cTn id="19" fill="hold"><p:stCondLst><p:cond delay="0"/></p:stCondLst><p:childTnLst><p:par><p:cTn id="20" presetID="10" presetClass="entr" presetSubtype="0" fill="hold" nodeType="clickEffect"><p:stCondLst><p:cond delay="0"/></p:stCondLst><p:childTnLst><p:set><p:cBhvr><p:cTn id="21" dur="1" fill="hold"><p:stCondLst><p:cond delay="0"/></p:stCondLst></p:cTn><p:tgtEl><p:spTgt spid="3"><p:txEl><p:pRg st="7" end="7"/></p:txEl></p:spTgt></p:tgtEl><p:attrNameLst><p:attrName>style.visibility</p:attrName></p:attrNameLst></p:cBhvr><p:to><p:strVal val="visible"/></p:to></p:set><p:animEffect transition="in" filter="fade"><p:cBhvr><p:cTn id="22" dur="500"/><p:tgtEl><p:spTgt spid="3"><p:txEl><p:pRg st="7" end="7"/></p:txEl></p:spTgt></p:tgtEl></p:cBhvr></p:animEffect></p:childTnLst></p:cTn></p:par></p:childTnLst></p:cTn></p:par></p:childTnLst></p:cTn></p:par></p:childTnLst></p:cTn><p:prevCondLst><p:cond evt="onPrev" delay="0"><p:tgtEl><p:sldTgt/></p:tgtEl></p:cond></p:prevCondLst><p:nextCondLst><p:cond evt="onNext" delay="0"><p:tgtEl><p:sldTgt/></p:tgtEl></p:cond></p:nextCondLst></p:seq></p:childTnLst></p:cTn></p:par></p:tnLst></p:timing></p:sld>