<?xml version="1.0" encoding="UTF-8" standalone="yes"?>
<p:sld xmlns:a="http://schemas.openxmlformats.org/drawingml/2006/main" xmlns:r="http://schemas.openxmlformats.org/officeDocument/2006/relationships" xmlns:p="http://schemas.openxmlformats.org/presentationml/2006/main"><p:cSld><p:spTree><p:nvGrpSpPr><p:cNvPr id="1" name=""/><p:cNvGrpSpPr/><p:nvPr/></p:nvGrpSpPr><p:grpSpPr><a:xfrm><a:off x="0" y="0"/><a:ext cx="0" cy="0"/><a:chOff x="0" y="0"/><a:chExt cx="0" cy="0"/></a:xfrm></p:grpSpPr><p:sp><p:nvSpPr><p:cNvPr id="4" name="标题 3"><a:extLst><a:ext uri="{FF2B5EF4-FFF2-40B4-BE49-F238E27FC236}"><a16:creationId xmlns:a16="http://schemas.microsoft.com/office/drawing/2014/main" id="{C6A814B0-ABCD-4FD6-A712-5EDA05485861}"/></a:ext></a:extLst></p:cNvPr><p:cNvSpPr><a:spLocks noGrp="1"/></p:cNvSpPr><p:nvPr><p:ph type="title"/></p:nvPr></p:nvSpPr><p:spPr/><p:txBody><a:bodyPr/><a:lstStyle/><a:p><a:r><a:rPr lang="zh-CN" altLang="en-US"/><a:t>讲哪些内容</a:t></a:r></a:p></p:txBody></p:sp><p:sp><p:nvSpPr><p:cNvPr id="8" name="矩形: 圆角 7"><a:extLst><a:ext uri="{FF2B5EF4-FFF2-40B4-BE49-F238E27FC236}"><a16:creationId xmlns:a16="http://schemas.microsoft.com/office/drawing/2014/main" id="{ABA1875B-DCCE-4985-944F-758310770E5E}"/></a:ext></a:extLst></p:cNvPr><p:cNvSpPr/><p:nvPr/></p:nvSpPr><p:spPr><a:xfrm><a:off x="5287494" y="2731123"/><a:ext cx="1491464" cy="449856"/></a:xfrm><a:prstGeom prst="roundRect"><a:avLst/></a:prstGeom><a:solidFill><a:schemeClr val="accent5"><a:lumMod val="60000"/><a:lumOff val="40000"/></a:schemeClr></a:solidFill><a:ln w="38100"><a:solidFill><a:schemeClr val="bg1"/></a:solidFill><a:prstDash val="solid"/></a:ln></p:spPr><p:style><a:lnRef idx="1"><a:schemeClr val="accent2"/></a:lnRef><a:fillRef idx="3"><a:schemeClr val="accent2"/></a:fillRef><a:effectRef idx="2"><a:schemeClr val="accent2"/></a:effectRef><a:fontRef idx="minor"><a:schemeClr val="lt1"/></a:fontRef></p:style><p:txBody><a:bodyPr rtlCol="0" anchor="ctr"/><a:lstStyle/><a:p><a:pPr algn="ctr"/><a:r><a:rPr lang="en-US" altLang="zh-CN"/><a:t>ProxyFactory</a:t></a:r><a:endParaRPr lang="zh-CN" altLang="en-US"/></a:p></p:txBody></p:sp><p:sp><p:nvSpPr><p:cNvPr id="10" name="矩形: 圆角 9"><a:extLst><a:ext uri="{FF2B5EF4-FFF2-40B4-BE49-F238E27FC236}"><a16:creationId xmlns:a16="http://schemas.microsoft.com/office/drawing/2014/main" id="{FD2F53E0-501D-46A2-B5EF-D9BD4DA836FB}"/></a:ext></a:extLst></p:cNvPr><p:cNvSpPr/><p:nvPr/></p:nvSpPr><p:spPr><a:xfrm><a:off x="710880" y="4336973"/><a:ext cx="2074641" cy="517190"/></a:xfrm><a:prstGeom prst="roundRect"><a:avLst/></a:prstGeom><a:ln/></p:spPr><p:style><a:lnRef idx="3"><a:schemeClr val="lt1"/></a:lnRef><a:fillRef idx="1"><a:schemeClr val="accent3"/></a:fillRef><a:effectRef idx="1"><a:schemeClr val="accent3"/></a:effectRef><a:fontRef idx="minor"><a:schemeClr val="lt1"/></a:fontRef></p:style><p:txBody><a:bodyPr rtlCol="0" anchor="ctr"/><a:lstStyle/><a:p><a:pPr algn="ctr"/><a:r><a:rPr lang="en-US" altLang="zh-CN"/><a:t>MethodInvocation</a:t></a:r><a:endParaRPr lang="zh-CN" altLang="en-US"/></a:p></p:txBody></p:sp><p:cxnSp><p:nvCxnSpPr><p:cNvPr id="11" name="直接箭头连接符 10"><a:extLst><a:ext uri="{FF2B5EF4-FFF2-40B4-BE49-F238E27FC236}"><a16:creationId xmlns:a16="http://schemas.microsoft.com/office/drawing/2014/main" id="{995F7A00-4419-4CE9-A86D-573436C5DD9B}"/></a:ext></a:extLst></p:cNvPr><p:cNvCxnSpPr><a:cxnSpLocks/><a:stCxn id="7" idx="2"/><a:endCxn id="9" idx="0"/></p:cNvCxnSpPr><p:nvPr/></p:nvCxnSpPr><p:spPr><a:xfrm flipH="1"><a:off x="1748203" y="1312248"/><a:ext cx="1" cy="549756"/></a:xfrm><a:prstGeom prst="straightConnector1"><a:avLst/></a:prstGeom><a:ln w="28575"><a:tailEnd type="triangle"/></a:ln></p:spPr><p:style><a:lnRef idx="1"><a:schemeClr val="accent1"/></a:lnRef><a:fillRef idx="0"><a:schemeClr val="accent1"/></a:fillRef><a:effectRef idx="0"><a:schemeClr val="accent1"/></a:effectRef><a:fontRef idx="minor"><a:schemeClr val="tx1"/></a:fontRef></p:style></p:cxnSp><p:sp><p:nvSpPr><p:cNvPr id="15" name="文本框 14"><a:extLst><a:ext uri="{FF2B5EF4-FFF2-40B4-BE49-F238E27FC236}"><a16:creationId xmlns:a16="http://schemas.microsoft.com/office/drawing/2014/main" id="{6D3F6B5B-DC44-48F4-8B43-6F598DB61AC6}"/></a:ext></a:extLst></p:cNvPr><p:cNvSpPr txBox="1"/><p:nvPr/></p:nvSpPr><p:spPr><a:xfrm><a:off x="1826612" y="1412634"/><a:ext cx="1056700" cy="338554"/></a:xfrm><a:prstGeom prst="rect"><a:avLst/></a:prstGeom><a:noFill/></p:spPr><p:txBody><a:bodyPr wrap="square" rtlCol="0"><a:spAutoFit/></a:bodyPr><a:lstStyle/><a:p><a:pPr fontAlgn="auto"><a:spcBef><a:spcPts val="0"/></a:spcBef><a:spcAft><a:spcPts val="0"/></a:spcAft></a:pPr><a:r><a:rPr lang="zh-CN" altLang="en-US" sz="1600" b="1"><a:ln w="6600"><a:solidFill><a:schemeClr val="accent2"/></a:solidFill><a:prstDash val="solid"/></a:ln><a:solidFill><a:srgbClr val="FFFFFF"/></a:solidFill><a:effectLst><a:outerShdw dist="38100" dir="2700000" algn="tl" rotWithShape="0"><a:schemeClr val="accent2"/></a:outerShdw></a:effectLst><a:ea typeface="Alibaba PuHuiTi B"/></a:rPr><a:t>调用 </a:t></a:r><a:r><a:rPr lang="en-US" altLang="zh-CN" sz="1600" b="1"><a:ln w="6600"><a:solidFill><a:schemeClr val="accent2"/></a:solidFill><a:prstDash val="solid"/></a:ln><a:solidFill><a:srgbClr val="FFFFFF"/></a:solidFill><a:effectLst><a:outerShdw dist="38100" dir="2700000" algn="tl" rotWithShape="0"><a:schemeClr val="accent2"/></a:outerShdw></a:effectLst><a:ea typeface="Alibaba PuHuiTi B"/></a:rPr><a:t>foo()</a:t></a:r><a:endParaRPr lang="zh-CN" altLang="en-US" sz="1600" b="1"><a:ln w="6600"><a:solidFill><a:schemeClr val="accent2"/></a:solidFill><a:prstDash val="solid"/></a:ln><a:solidFill><a:srgbClr val="FFFFFF"/></a:solidFill><a:effectLst><a:outerShdw dist="38100" dir="2700000" algn="tl" rotWithShape="0"><a:schemeClr val="accent2"/></a:outerShdw></a:effectLst><a:ea typeface="Alibaba PuHuiTi B"/></a:endParaRPr></a:p></p:txBody></p:sp><p:cxnSp><p:nvCxnSpPr><p:cNvPr id="16" name="直接箭头连接符 15"><a:extLst><a:ext uri="{FF2B5EF4-FFF2-40B4-BE49-F238E27FC236}"><a16:creationId xmlns:a16="http://schemas.microsoft.com/office/drawing/2014/main" id="{142EECE0-D667-49B6-BE22-DD1298DE1D6E}"/></a:ext></a:extLst></p:cNvPr><p:cNvCxnSpPr><a:cxnSpLocks/><a:stCxn id="9" idx="2"/></p:cNvCxnSpPr><p:nvPr/></p:nvCxnSpPr><p:spPr><a:xfrm><a:off x="1748203" y="2379194"/><a:ext cx="0" cy="588399"/></a:xfrm><a:prstGeom prst="straightConnector1"><a:avLst/></a:prstGeom><a:ln w="28575"><a:tailEnd type="triangle"/></a:ln></p:spPr><p:style><a:lnRef idx="1"><a:schemeClr val="accent1"/></a:lnRef><a:fillRef idx="0"><a:schemeClr val="accent1"/></a:fillRef><a:effectRef idx="0"><a:schemeClr val="accent1"/></a:effectRef><a:fontRef idx="minor"><a:schemeClr val="tx1"/></a:fontRef></p:style></p:cxnSp><p:sp><p:nvSpPr><p:cNvPr id="19" name="文本框 18"><a:extLst><a:ext uri="{FF2B5EF4-FFF2-40B4-BE49-F238E27FC236}"><a16:creationId xmlns:a16="http://schemas.microsoft.com/office/drawing/2014/main" id="{8B0E31DF-99AE-449F-B6B9-EBA82FD690D6}"/></a:ext></a:extLst></p:cNvPr><p:cNvSpPr txBox="1"/><p:nvPr/></p:nvSpPr><p:spPr><a:xfrm><a:off x="1865117" y="2483598"/><a:ext cx="1338828" cy="338554"/></a:xfrm><a:prstGeom prst="rect"><a:avLst/></a:prstGeom><a:noFill/></p:spPr><p:txBody><a:bodyPr wrap="none" rtlCol="0"><a:spAutoFit/></a:bodyPr><a:lstStyle/><a:p><a:pPr fontAlgn="auto"><a:spcBef><a:spcPts val="0"/></a:spcBef><a:spcAft><a:spcPts val="0"/></a:spcAft></a:pPr><a:r><a:rPr lang="zh-CN" altLang="en-US" sz="1600" b="1"><a:ln w="6600"><a:solidFill><a:schemeClr val="accent2"/></a:solidFill><a:prstDash val="solid"/></a:ln><a:solidFill><a:srgbClr val="FFFFFF"/></a:solidFill><a:effectLst><a:outerShdw dist="38100" dir="2700000" algn="tl" rotWithShape="0"><a:schemeClr val="accent2"/></a:outerShdw></a:effectLst><a:ea typeface="Alibaba PuHuiTi B"/></a:rPr><a:t>调用 </a:t></a:r><a:r><a:rPr lang="en-US" altLang="zh-CN" sz="1600" b="1"><a:ln w="6600"><a:solidFill><a:schemeClr val="accent2"/></a:solidFill><a:prstDash val="solid"/></a:ln><a:solidFill><a:srgbClr val="FFFFFF"/></a:solidFill><a:effectLst><a:outerShdw dist="38100" dir="2700000" algn="tl" rotWithShape="0"><a:schemeClr val="accent2"/></a:outerShdw></a:effectLst><a:ea typeface="Alibaba PuHuiTi B"/></a:rPr><a:t>invoke()</a:t></a:r><a:endParaRPr lang="zh-CN" altLang="en-US" sz="1600" b="1"><a:ln w="6600"><a:solidFill><a:schemeClr val="accent2"/></a:solidFill><a:prstDash val="solid"/></a:ln><a:solidFill><a:srgbClr val="FFFFFF"/></a:solidFill><a:effectLst><a:outerShdw dist="38100" dir="2700000" algn="tl" rotWithShape="0"><a:schemeClr val="accent2"/></a:outerShdw></a:effectLst><a:ea typeface="Alibaba PuHuiTi B"/></a:endParaRPr></a:p></p:txBody></p:sp><p:cxnSp><p:nvCxnSpPr><p:cNvPr id="27" name="连接符: 肘形 26"><a:extLst><a:ext uri="{FF2B5EF4-FFF2-40B4-BE49-F238E27FC236}"><a16:creationId xmlns:a16="http://schemas.microsoft.com/office/drawing/2014/main" id="{0439426E-3DC0-480E-914B-886AABBBBD13}"/></a:ext></a:extLst></p:cNvPr><p:cNvCxnSpPr><a:cxnSpLocks/><a:endCxn id="41" idx="3"/></p:cNvCxnSpPr><p:nvPr/></p:nvCxnSpPr><p:spPr><a:xfrm flipH="1"><a:off x="2357959" y="2967593"/><a:ext cx="4420999" cy="613496"/></a:xfrm><a:prstGeom prst="bentConnector3"><a:avLst><a:gd name="adj1" fmla="val -5171"/></a:avLst></a:prstGeom><a:ln w="28575"><a:tailEnd type="triangle"/></a:ln></p:spPr><p:style><a:lnRef idx="1"><a:schemeClr val="accent1"/></a:lnRef><a:fillRef idx="0"><a:schemeClr val="accent1"/></a:fillRef><a:effectRef idx="0"><a:schemeClr val="accent1"/></a:effectRef><a:fontRef idx="minor"><a:schemeClr val="tx1"/></a:fontRef></p:style></p:cxnSp><p:cxnSp><p:nvCxnSpPr><p:cNvPr id="32" name="直接箭头连接符 31"><a:extLst><a:ext uri="{FF2B5EF4-FFF2-40B4-BE49-F238E27FC236}"><a16:creationId xmlns:a16="http://schemas.microsoft.com/office/drawing/2014/main" id="{A50F3C1D-D26D-452C-A52F-3D82718636CE}"/></a:ext></a:extLst></p:cNvPr><p:cNvCxnSpPr><a:cxnSpLocks/></p:cNvCxnSpPr><p:nvPr/></p:nvCxnSpPr><p:spPr><a:xfrm><a:off x="1748199" y="2967593"/><a:ext cx="3539295" cy="0"/></a:xfrm><a:prstGeom prst="straightConnector1"><a:avLst/></a:prstGeom><a:ln w="28575"><a:tailEnd type="triangle"/></a:ln></p:spPr><p:style><a:lnRef idx="1"><a:schemeClr val="accent1"/></a:lnRef><a:fillRef idx="0"><a:schemeClr val="accent1"/></a:fillRef><a:effectRef idx="0"><a:schemeClr val="accent1"/></a:effectRef><a:fontRef idx="minor"><a:schemeClr val="tx1"/></a:fontRef></p:style></p:cxnSp><p:sp><p:nvSpPr><p:cNvPr id="35" name="文本框 34"><a:extLst><a:ext uri="{FF2B5EF4-FFF2-40B4-BE49-F238E27FC236}"><a16:creationId xmlns:a16="http://schemas.microsoft.com/office/drawing/2014/main" id="{046B532A-3097-4C09-B37E-9AB8593F849C}"/></a:ext></a:extLst></p:cNvPr><p:cNvSpPr txBox="1"/><p:nvPr/></p:nvSpPr><p:spPr><a:xfrm><a:off x="2732045" y="3209796"/><a:ext cx="2281074" cy="338554"/></a:xfrm><a:prstGeom prst="rect"><a:avLst/></a:prstGeom><a:noFill/></p:spPr><p:txBody><a:bodyPr wrap="none" rtlCol="0"><a:spAutoFit/></a:bodyPr><a:lstStyle/><a:p><a:pPr fontAlgn="auto"><a:spcBef><a:spcPts val="0"/></a:spcBef><a:spcAft><a:spcPts val="0"/></a:spcAft></a:pPr><a:r><a:rPr lang="zh-CN" altLang="en-US" sz="1600" b="1"><a:ln w="6600"><a:solidFill><a:schemeClr val="accent2"/></a:solidFill><a:prstDash val="solid"/></a:ln><a:solidFill><a:srgbClr val="FFFFFF"/></a:solidFill><a:effectLst><a:outerShdw dist="38100" dir="2700000" algn="tl" rotWithShape="0"><a:schemeClr val="accent2"/></a:outerShdw></a:effectLst><a:ea typeface="Alibaba PuHuiTi B"/></a:rPr><a:t>获取 </a:t></a:r><a:r><a:rPr lang="en-US" altLang="zh-CN" sz="1600" b="1"><a:ln w="6600"><a:solidFill><a:schemeClr val="accent2"/></a:solidFill><a:prstDash val="solid"/></a:ln><a:solidFill><a:srgbClr val="FFFFFF"/></a:solidFill><a:effectLst><a:outerShdw dist="38100" dir="2700000" algn="tl" rotWithShape="0"><a:schemeClr val="accent2"/></a:outerShdw></a:effectLst><a:ea typeface="Alibaba PuHuiTi B"/></a:rPr><a:t>MethodInterceptor</a:t></a:r><a:endParaRPr lang="zh-CN" altLang="en-US" sz="1600" b="1"><a:ln w="6600"><a:solidFill><a:schemeClr val="accent2"/></a:solidFill><a:prstDash val="solid"/></a:ln><a:solidFill><a:srgbClr val="FFFFFF"/></a:solidFill><a:effectLst><a:outerShdw dist="38100" dir="2700000" algn="tl" rotWithShape="0"><a:schemeClr val="accent2"/></a:outerShdw></a:effectLst><a:ea typeface="Alibaba PuHuiTi B"/></a:endParaRPr></a:p></p:txBody></p:sp><p:sp><p:nvSpPr><p:cNvPr id="36" name="文本框 35"><a:extLst><a:ext uri="{FF2B5EF4-FFF2-40B4-BE49-F238E27FC236}"><a16:creationId xmlns:a16="http://schemas.microsoft.com/office/drawing/2014/main" id="{AFF93A03-9E12-4E93-8F18-4646247E208B}"/></a:ext></a:extLst></p:cNvPr><p:cNvSpPr txBox="1"/><p:nvPr/></p:nvSpPr><p:spPr><a:xfrm><a:off x="1826612" y="3911518"/><a:ext cx="1210588" cy="338554"/></a:xfrm><a:prstGeom prst="rect"><a:avLst/></a:prstGeom><a:noFill/></p:spPr><p:txBody><a:bodyPr wrap="none" rtlCol="0"><a:spAutoFit/></a:bodyPr><a:lstStyle/><a:p><a:pPr fontAlgn="auto"><a:spcBef><a:spcPts val="0"/></a:spcBef><a:spcAft><a:spcPts val="0"/></a:spcAft></a:pPr><a:r><a:rPr lang="zh-CN" altLang="en-US" sz="1600" b="1"><a:ln w="6600"><a:solidFill><a:schemeClr val="accent2"/></a:solidFill><a:prstDash val="solid"/></a:ln><a:solidFill><a:srgbClr val="FFFFFF"/></a:solidFill><a:effectLst><a:outerShdw dist="38100" dir="2700000" algn="tl" rotWithShape="0"><a:schemeClr val="accent2"/></a:outerShdw></a:effectLst><a:ea typeface="Alibaba PuHuiTi B"/></a:rPr><a:t>创建调用链</a:t></a:r></a:p></p:txBody></p:sp><p:cxnSp><p:nvCxnSpPr><p:cNvPr id="39" name="直接箭头连接符 38"><a:extLst><a:ext uri="{FF2B5EF4-FFF2-40B4-BE49-F238E27FC236}"><a16:creationId xmlns:a16="http://schemas.microsoft.com/office/drawing/2014/main" id="{06A62481-79E4-44C1-AF76-0EA42AE70BD2}"/></a:ext></a:extLst></p:cNvPr><p:cNvCxnSpPr><a:cxnSpLocks/><a:stCxn id="41" idx="2"/><a:endCxn id="10" idx="0"/></p:cNvCxnSpPr><p:nvPr/></p:nvCxnSpPr><p:spPr><a:xfrm><a:off x="1748199" y="3806017"/><a:ext cx="2" cy="530956"/></a:xfrm><a:prstGeom prst="straightConnector1"><a:avLst/></a:prstGeom><a:ln w="28575"><a:tailEnd type="triangle"/></a:ln></p:spPr><p:style><a:lnRef idx="1"><a:schemeClr val="accent1"/></a:lnRef><a:fillRef idx="0"><a:schemeClr val="accent1"/></a:fillRef><a:effectRef idx="0"><a:schemeClr val="accent1"/></a:effectRef><a:fontRef idx="minor"><a:schemeClr val="tx1"/></a:fontRef></p:style></p:cxnSp><p:sp><p:nvSpPr><p:cNvPr id="7" name="矩形: 圆角 6"><a:extLst><a:ext uri="{FF2B5EF4-FFF2-40B4-BE49-F238E27FC236}"><a16:creationId xmlns:a16="http://schemas.microsoft.com/office/drawing/2014/main" id="{AA333636-BEED-40E3-A34A-A6C8602E1281}"/></a:ext></a:extLst></p:cNvPr><p:cNvSpPr/><p:nvPr/></p:nvSpPr><p:spPr><a:xfrm><a:off x="1138443" y="862392"/><a:ext cx="1219521" cy="449856"/></a:xfrm><a:prstGeom prst="roundRect"><a:avLst/></a:prstGeom><a:solidFill><a:schemeClr val="accent5"><a:lumMod val="60000"/><a:lumOff val="40000"/></a:schemeClr></a:solidFill><a:ln w="38100"><a:solidFill><a:schemeClr val="bg1"/></a:solidFill><a:prstDash val="solid"/></a:ln></p:spPr><p:style><a:lnRef idx="1"><a:schemeClr val="accent2"/></a:lnRef><a:fillRef idx="3"><a:schemeClr val="accent2"/></a:fillRef><a:effectRef idx="2"><a:schemeClr val="accent2"/></a:effectRef><a:fontRef idx="minor"><a:schemeClr val="lt1"/></a:fontRef></p:style><p:txBody><a:bodyPr rtlCol="0" anchor="ctr"/><a:lstStyle/><a:p><a:pPr algn="ctr"/><a:r><a:rPr lang="en-US" altLang="zh-CN"/><a:t>Proxy</a:t></a:r><a:endParaRPr lang="zh-CN" altLang="en-US"/></a:p></p:txBody></p:sp><p:sp><p:nvSpPr><p:cNvPr id="9" name="矩形: 圆角 8"><a:extLst><a:ext uri="{FF2B5EF4-FFF2-40B4-BE49-F238E27FC236}"><a16:creationId xmlns:a16="http://schemas.microsoft.com/office/drawing/2014/main" id="{4216E8A7-535A-4A23-B1C4-107BA7F7D1D7}"/></a:ext></a:extLst></p:cNvPr><p:cNvSpPr/><p:nvPr/></p:nvSpPr><p:spPr><a:xfrm><a:off x="710882" y="1862004"/><a:ext cx="2074641" cy="517190"/></a:xfrm><a:prstGeom prst="roundRect"><a:avLst/></a:prstGeom><a:ln/></p:spPr><p:style><a:lnRef idx="3"><a:schemeClr val="lt1"/></a:lnRef><a:fillRef idx="1"><a:schemeClr val="accent3"/></a:fillRef><a:effectRef idx="1"><a:schemeClr val="accent3"/></a:effectRef><a:fontRef idx="minor"><a:schemeClr val="lt1"/></a:fontRef></p:style><p:txBody><a:bodyPr rtlCol="0" anchor="ctr"/><a:lstStyle/><a:p><a:pPr algn="ctr"/><a:r><a:rPr lang="en-US" altLang="zh-CN"/><a:t>InvocationHandler</a:t></a:r><a:endParaRPr lang="zh-CN" altLang="en-US"/></a:p></p:txBody></p:sp><p:sp><p:nvSpPr><p:cNvPr id="41" name="矩形: 圆角 40"><a:extLst><a:ext uri="{FF2B5EF4-FFF2-40B4-BE49-F238E27FC236}"><a16:creationId xmlns:a16="http://schemas.microsoft.com/office/drawing/2014/main" id="{1206D3E1-8399-4FF6-9631-2BE079619826}"/></a:ext></a:extLst></p:cNvPr><p:cNvSpPr/><p:nvPr/></p:nvSpPr><p:spPr><a:xfrm><a:off x="1138438" y="3356161"/><a:ext cx="1219521" cy="449856"/></a:xfrm><a:prstGeom prst="roundRect"><a:avLst/></a:prstGeom><a:solidFill><a:schemeClr val="accent5"><a:lumMod val="60000"/><a:lumOff val="40000"/></a:schemeClr></a:solidFill><a:ln w="38100"><a:solidFill><a:schemeClr val="bg1"/></a:solidFill><a:prstDash val="solid"/></a:ln></p:spPr><p:style><a:lnRef idx="1"><a:schemeClr val="accent2"/></a:lnRef><a:fillRef idx="3"><a:schemeClr val="accent2"/></a:fillRef><a:effectRef idx="2"><a:schemeClr val="accent2"/></a:effectRef><a:fontRef idx="minor"><a:schemeClr val="lt1"/></a:fontRef></p:style><p:txBody><a:bodyPr rtlCol="0" anchor="ctr"/><a:lstStyle/><a:p><a:pPr algn="ctr"/><a:r><a:rPr lang="en-US" altLang="zh-CN"/><a:t>Target</a:t></a:r><a:endParaRPr lang="zh-CN" altLang="en-US"/></a:p></p:txBody></p:sp><p:sp><p:nvSpPr><p:cNvPr id="48" name="文本框 47"><a:extLst><a:ext uri="{FF2B5EF4-FFF2-40B4-BE49-F238E27FC236}"><a16:creationId xmlns:a16="http://schemas.microsoft.com/office/drawing/2014/main" id="{4497F1C4-7112-4AF0-ADD6-80965CFF03D3}"/></a:ext></a:extLst></p:cNvPr><p:cNvSpPr txBox="1"/><p:nvPr/></p:nvSpPr><p:spPr><a:xfrm><a:off x="2825195" y="4217910"/><a:ext cx="1007712" cy="338554"/></a:xfrm><a:prstGeom prst="rect"><a:avLst/></a:prstGeom><a:noFill/></p:spPr><p:txBody><a:bodyPr wrap="none" rtlCol="0"><a:spAutoFit/></a:bodyPr><a:lstStyle/><a:p><a:pPr fontAlgn="auto"><a:spcBef><a:spcPts val="0"/></a:spcBef><a:spcAft><a:spcPts val="0"/></a:spcAft></a:pPr><a:r><a:rPr lang="en-US" altLang="zh-CN" sz="1600" b="1"><a:ln w="6600"><a:solidFill><a:schemeClr val="accent2"/></a:solidFill><a:prstDash val="solid"/></a:ln><a:solidFill><a:srgbClr val="FFFFFF"/></a:solidFill><a:effectLst><a:outerShdw dist="38100" dir="2700000" algn="tl" rotWithShape="0"><a:schemeClr val="accent2"/></a:outerShdw></a:effectLst><a:ea typeface="Alibaba PuHuiTi B"/></a:rPr><a:t>proceed()</a:t></a:r><a:endParaRPr lang="zh-CN" altLang="en-US" sz="1600" b="1"><a:ln w="6600"><a:solidFill><a:schemeClr val="accent2"/></a:solidFill><a:prstDash val="solid"/></a:ln><a:solidFill><a:srgbClr val="FFFFFF"/></a:solidFill><a:effectLst><a:outerShdw dist="38100" dir="2700000" algn="tl" rotWithShape="0"><a:schemeClr val="accent2"/></a:outerShdw></a:effectLst><a:ea typeface="Alibaba PuHuiTi B"/></a:endParaRPr></a:p></p:txBody></p:sp><p:sp><p:nvSpPr><p:cNvPr id="52" name="矩形: 圆角 51"><a:extLst><a:ext uri="{FF2B5EF4-FFF2-40B4-BE49-F238E27FC236}"><a16:creationId xmlns:a16="http://schemas.microsoft.com/office/drawing/2014/main" id="{3395A3C4-70B7-4588-89D5-B4203F164D53}"/></a:ext></a:extLst></p:cNvPr><p:cNvSpPr/><p:nvPr/></p:nvSpPr><p:spPr><a:xfrm><a:off x="3986690" y="4415031"/><a:ext cx="3607909" cy="2208939"/></a:xfrm><a:prstGeom prst="roundRect"><a:avLst/></a:prstGeom><a:solidFill><a:schemeClr val="tx2"><a:lumMod val="20000"/><a:lumOff val="80000"/></a:schemeClr></a:solidFill><a:ln w="38100"><a:solidFill><a:schemeClr val="bg1"/></a:solidFill><a:prstDash val="solid"/></a:ln></p:spPr><p:style><a:lnRef idx="1"><a:schemeClr val="accent2"/></a:lnRef><a:fillRef idx="3"><a:schemeClr val="accent2"/></a:fillRef><a:effectRef idx="2"><a:schemeClr val="accent2"/></a:effectRef><a:fontRef idx="minor"><a:schemeClr val="lt1"/></a:fontRef></p:style><p:txBody><a:bodyPr vert="horz" rtlCol="0" anchor="ctr"/><a:lstStyle/><a:p><a:endParaRPr lang="zh-CN" altLang="en-US"/></a:p></p:txBody></p:sp><p:sp><p:nvSpPr><p:cNvPr id="53" name="矩形: 圆角 52"><a:extLst><a:ext uri="{FF2B5EF4-FFF2-40B4-BE49-F238E27FC236}"><a16:creationId xmlns:a16="http://schemas.microsoft.com/office/drawing/2014/main" id="{24D14911-6F36-4F8D-A68C-40333CB7EC87}"/></a:ext></a:extLst></p:cNvPr><p:cNvSpPr/><p:nvPr/></p:nvSpPr><p:spPr><a:xfrm><a:off x="4378534" y="5008910"/><a:ext cx="2985636" cy="1034901"/></a:xfrm><a:prstGeom prst="roundRect"><a:avLst/></a:prstGeom><a:solidFill><a:schemeClr val="tx2"><a:lumMod val="40000"/><a:lumOff val="60000"/></a:schemeClr></a:solidFill><a:ln w="38100"><a:solidFill><a:schemeClr val="bg1"/></a:solidFill><a:prstDash val="solid"/></a:ln></p:spPr><p:style><a:lnRef idx="1"><a:schemeClr val="accent2"/></a:lnRef><a:fillRef idx="3"><a:schemeClr val="accent2"/></a:fillRef><a:effectRef idx="2"><a:schemeClr val="accent2"/></a:effectRef><a:fontRef idx="minor"><a:schemeClr val="lt1"/></a:fontRef></p:style><p:txBody><a:bodyPr vert="horz" rtlCol="0" anchor="ctr"/><a:lstStyle/><a:p><a:endParaRPr lang="zh-CN" altLang="en-US"/></a:p></p:txBody></p:sp><p:sp><p:nvSpPr><p:cNvPr id="56" name="文本框 55"><a:extLst><a:ext uri="{FF2B5EF4-FFF2-40B4-BE49-F238E27FC236}"><a16:creationId xmlns:a16="http://schemas.microsoft.com/office/drawing/2014/main" id="{FB2C0F23-4A91-4952-8D13-88A3DF6C4524}"/></a:ext></a:extLst></p:cNvPr><p:cNvSpPr txBox="1"/><p:nvPr/></p:nvSpPr><p:spPr><a:xfrm><a:off x="4119999" y="4698999"/><a:ext cx="2128402" cy="1600438"/></a:xfrm><a:prstGeom prst="rect"><a:avLst/></a:prstGeom><a:noFill/></p:spPr><p:txBody><a:bodyPr wrap="square" rtlCol="0"><a:spAutoFit/></a:bodyPr><a:lstStyle/><a:p><a:pPr fontAlgn="auto"><a:spcBef><a:spcPts val="0"/></a:spcBef><a:spcAft><a:spcPts val="0"/></a:spcAft></a:pPr><a:r><a:rPr lang="en-US" altLang="zh-CN" sz="1400" b="1"><a:ln w="6600"><a:solidFill><a:schemeClr val="accent2"/></a:solidFill><a:prstDash val="solid"/></a:ln><a:solidFill><a:srgbClr val="FFFFFF"/></a:solidFill><a:effectLst><a:outerShdw dist="38100" dir="2700000" algn="tl" rotWithShape="0"><a:schemeClr val="accent2"/></a:outerShdw></a:effectLst><a:ea typeface="Alibaba PuHuiTi B"/></a:rPr><a:t>mi.proceed(</a:t></a:r></a:p><a:p><a:pPr fontAlgn="auto"><a:spcBef><a:spcPts val="0"/></a:spcBef><a:spcAft><a:spcPts val="0"/></a:spcAft></a:pPr><a:endParaRPr lang="en-US" altLang="zh-CN" sz="1400" b="1"><a:ln w="6600"><a:solidFill><a:schemeClr val="accent2"/></a:solidFill><a:prstDash val="solid"/></a:ln><a:solidFill><a:srgbClr val="FFFFFF"/></a:solidFill><a:effectLst><a:outerShdw dist="38100" dir="2700000" algn="tl" rotWithShape="0"><a:schemeClr val="accent2"/></a:outerShdw></a:effectLst><a:ea typeface="Alibaba PuHuiTi B"/></a:endParaRPr></a:p><a:p><a:pPr fontAlgn="auto"><a:spcBef><a:spcPts val="0"/></a:spcBef><a:spcAft><a:spcPts val="0"/></a:spcAft></a:pPr><a:endParaRPr lang="en-US" altLang="zh-CN" sz="1400" b="1"><a:ln w="6600"><a:solidFill><a:schemeClr val="accent2"/></a:solidFill><a:prstDash val="solid"/></a:ln><a:solidFill><a:srgbClr val="FFFFFF"/></a:solidFill><a:effectLst><a:outerShdw dist="38100" dir="2700000" algn="tl" rotWithShape="0"><a:schemeClr val="accent2"/></a:outerShdw></a:effectLst><a:ea typeface="Alibaba PuHuiTi B"/></a:endParaRPr></a:p><a:p><a:pPr fontAlgn="auto"><a:spcBef><a:spcPts val="0"/></a:spcBef><a:spcAft><a:spcPts val="0"/></a:spcAft></a:pPr><a:endParaRPr lang="en-US" altLang="zh-CN" sz="1400" b="1"><a:ln w="6600"><a:solidFill><a:schemeClr val="accent2"/></a:solidFill><a:prstDash val="solid"/></a:ln><a:solidFill><a:srgbClr val="FFFFFF"/></a:solidFill><a:effectLst><a:outerShdw dist="38100" dir="2700000" algn="tl" rotWithShape="0"><a:schemeClr val="accent2"/></a:outerShdw></a:effectLst><a:ea typeface="Alibaba PuHuiTi B"/></a:endParaRPr></a:p><a:p><a:pPr fontAlgn="auto"><a:spcBef><a:spcPts val="0"/></a:spcBef><a:spcAft><a:spcPts val="0"/></a:spcAft></a:pPr><a:endParaRPr lang="en-US" altLang="zh-CN" sz="1400" b="1"><a:ln w="6600"><a:solidFill><a:schemeClr val="accent2"/></a:solidFill><a:prstDash val="solid"/></a:ln><a:solidFill><a:srgbClr val="FFFFFF"/></a:solidFill><a:effectLst><a:outerShdw dist="38100" dir="2700000" algn="tl" rotWithShape="0"><a:schemeClr val="accent2"/></a:outerShdw></a:effectLst><a:ea typeface="Alibaba PuHuiTi B"/></a:endParaRPr></a:p><a:p><a:pPr fontAlgn="auto"><a:spcBef><a:spcPts val="0"/></a:spcBef><a:spcAft><a:spcPts val="0"/></a:spcAft></a:pPr><a:endParaRPr lang="en-US" altLang="zh-CN" sz="1400" b="1"><a:ln w="6600"><a:solidFill><a:schemeClr val="accent2"/></a:solidFill><a:prstDash val="solid"/></a:ln><a:solidFill><a:srgbClr val="FFFFFF"/></a:solidFill><a:effectLst><a:outerShdw dist="38100" dir="2700000" algn="tl" rotWithShape="0"><a:schemeClr val="accent2"/></a:outerShdw></a:effectLst><a:ea typeface="Alibaba PuHuiTi B"/></a:endParaRPr></a:p><a:p><a:pPr fontAlgn="auto"><a:spcBef><a:spcPts val="0"/></a:spcBef><a:spcAft><a:spcPts val="0"/></a:spcAft></a:pPr><a:r><a:rPr lang="en-US" altLang="zh-CN" sz="1400" b="1"><a:ln w="6600"><a:solidFill><a:schemeClr val="accent2"/></a:solidFill><a:prstDash val="solid"/></a:ln><a:solidFill><a:srgbClr val="FFFFFF"/></a:solidFill><a:effectLst><a:outerShdw dist="38100" dir="2700000" algn="tl" rotWithShape="0"><a:schemeClr val="accent2"/></a:outerShdw></a:effectLst><a:ea typeface="Alibaba PuHuiTi B"/></a:rPr><a:t>)</a:t></a:r><a:endParaRPr lang="zh-CN" altLang="en-US" sz="1400" b="1"><a:ln w="6600"><a:solidFill><a:schemeClr val="accent2"/></a:solidFill><a:prstDash val="solid"/></a:ln><a:solidFill><a:srgbClr val="FFFFFF"/></a:solidFill><a:effectLst><a:outerShdw dist="38100" dir="2700000" algn="tl" rotWithShape="0"><a:schemeClr val="accent2"/></a:outerShdw></a:effectLst><a:ea typeface="Alibaba PuHuiTi B"/></a:endParaRPr></a:p></p:txBody></p:sp><p:sp><p:nvSpPr><p:cNvPr id="57" name="文本框 56"><a:extLst><a:ext uri="{FF2B5EF4-FFF2-40B4-BE49-F238E27FC236}"><a16:creationId xmlns:a16="http://schemas.microsoft.com/office/drawing/2014/main" id="{D88735FE-FDE4-40EA-B2C1-C4A17B3809A3}"/></a:ext></a:extLst></p:cNvPr><p:cNvSpPr txBox="1"/><p:nvPr/></p:nvSpPr><p:spPr><a:xfrm><a:off x="4438156" y="5334580"/><a:ext cx="2926014" cy="307777"/></a:xfrm><a:prstGeom prst="rect"><a:avLst/></a:prstGeom><a:noFill/></p:spPr><p:txBody><a:bodyPr wrap="square" rtlCol="0"><a:spAutoFit/></a:bodyPr><a:lstStyle/><a:p><a:pPr fontAlgn="auto"><a:spcBef><a:spcPts val="0"/></a:spcBef><a:spcAft><a:spcPts val="0"/></a:spcAft></a:pPr><a:r><a:rPr lang="en-US" altLang="zh-CN" sz="1400" b="1"><a:ln w="6600"><a:solidFill><a:schemeClr val="accent2"/></a:solidFill><a:prstDash val="solid"/></a:ln><a:solidFill><a:srgbClr val="FFFFFF"/></a:solidFill><a:effectLst><a:outerShdw dist="38100" dir="2700000" algn="tl" rotWithShape="0"><a:schemeClr val="accent2"/></a:outerShdw></a:effectLst><a:ea typeface="Alibaba PuHuiTi B"/></a:rPr><a:t>mi.proceed(                                            )</a:t></a:r><a:endParaRPr lang="zh-CN" altLang="en-US" sz="1400" b="1"><a:ln w="6600"><a:solidFill><a:schemeClr val="accent2"/></a:solidFill><a:prstDash val="solid"/></a:ln><a:solidFill><a:srgbClr val="FFFFFF"/></a:solidFill><a:effectLst><a:outerShdw dist="38100" dir="2700000" algn="tl" rotWithShape="0"><a:schemeClr val="accent2"/></a:outerShdw></a:effectLst><a:ea typeface="Alibaba PuHuiTi B"/></a:endParaRPr></a:p></p:txBody></p:sp><p:cxnSp><p:nvCxnSpPr><p:cNvPr id="58" name="直接箭头连接符 57"><a:extLst><a:ext uri="{FF2B5EF4-FFF2-40B4-BE49-F238E27FC236}"><a16:creationId xmlns:a16="http://schemas.microsoft.com/office/drawing/2014/main" id="{F7A068C9-5957-4DA4-B524-4AE647B1146F}"/></a:ext></a:extLst></p:cNvPr><p:cNvCxnSpPr><a:cxnSpLocks/><a:stCxn id="10" idx="3"/></p:cNvCxnSpPr><p:nvPr/></p:nvCxnSpPr><p:spPr><a:xfrm><a:off x="2785521" y="4595568"/><a:ext cx="1201169" cy="0"/></a:xfrm><a:prstGeom prst="straightConnector1"><a:avLst/></a:prstGeom><a:ln w="28575"><a:tailEnd type="triangle"/></a:ln></p:spPr><p:style><a:lnRef idx="1"><a:schemeClr val="accent1"/></a:lnRef><a:fillRef idx="0"><a:schemeClr val="accent1"/></a:fillRef><a:effectRef idx="0"><a:schemeClr val="accent1"/></a:effectRef><a:fontRef idx="minor"><a:schemeClr val="tx1"/></a:fontRef></p:style></p:cxnSp><p:sp><p:nvSpPr><p:cNvPr id="54" name="矩形: 圆角 53"><a:extLst><a:ext uri="{FF2B5EF4-FFF2-40B4-BE49-F238E27FC236}"><a16:creationId xmlns:a16="http://schemas.microsoft.com/office/drawing/2014/main" id="{5FF0D113-BC5C-4E0B-852A-59477552F527}"/></a:ext></a:extLst></p:cNvPr><p:cNvSpPr/><p:nvPr/></p:nvSpPr><p:spPr><a:xfrm><a:off x="5597751" y="5365611"/><a:ext cx="1385404" cy="307777"/></a:xfrm><a:prstGeom prst="roundRect"><a:avLst/></a:prstGeom><a:solidFill><a:schemeClr val="tx2"><a:lumMod val="60000"/><a:lumOff val="40000"/></a:schemeClr></a:solidFill><a:ln w="38100"><a:solidFill><a:schemeClr val="bg1"/></a:solidFill><a:prstDash val="solid"/></a:ln></p:spPr><p:style><a:lnRef idx="1"><a:schemeClr val="accent2"/></a:lnRef><a:fillRef idx="3"><a:schemeClr val="accent2"/></a:fillRef><a:effectRef idx="2"><a:schemeClr val="accent2"/></a:effectRef><a:fontRef idx="minor"><a:schemeClr val="lt1"/></a:fontRef></p:style><p:txBody><a:bodyPr rtlCol="0" anchor="ctr"/><a:lstStyle/><a:p><a:pPr algn="ctr"/><a:r><a:rPr lang="en-US" altLang="zh-CN" sz="1400"/><a:t>target.foo()</a:t></a:r><a:endParaRPr lang="zh-CN" altLang="en-US" sz="1400"/></a:p></p:txBody></p:sp><p:sp><p:nvSpPr><p:cNvPr id="104" name="文本框 103"><a:extLst><a:ext uri="{FF2B5EF4-FFF2-40B4-BE49-F238E27FC236}"><a16:creationId xmlns:a16="http://schemas.microsoft.com/office/drawing/2014/main" id="{4365E767-1BEF-48F7-A012-D631E542592C}"/></a:ext></a:extLst></p:cNvPr><p:cNvSpPr txBox="1"/><p:nvPr/></p:nvSpPr><p:spPr><a:xfrm><a:off x="4438156" y="5611026"/><a:ext cx="770691" cy="307777"/></a:xfrm><a:prstGeom prst="rect"><a:avLst/></a:prstGeom><a:noFill/></p:spPr><p:txBody><a:bodyPr wrap="square" rtlCol="0"><a:spAutoFit/></a:bodyPr><a:lstStyle/><a:p><a:pPr fontAlgn="auto"><a:spcBef><a:spcPts val="0"/></a:spcBef><a:spcAft><a:spcPts val="0"/></a:spcAft></a:pPr><a:r><a:rPr lang="zh-CN" altLang="en-US" sz="1400" b="1"><a:ln w="6600"><a:solidFill><a:schemeClr val="accent2"/></a:solidFill><a:prstDash val="solid"/></a:ln><a:solidFill><a:srgbClr val="FFFFFF"/></a:solidFill><a:effectLst><a:outerShdw dist="38100" dir="2700000" algn="tl" rotWithShape="0"><a:schemeClr val="accent2"/></a:outerShdw></a:effectLst><a:ea typeface="Alibaba PuHuiTi B"/></a:rPr><a:t>后增强</a:t></a:r><a:endParaRPr lang="en-US" altLang="zh-CN" sz="1400" b="1"><a:ln w="6600"><a:solidFill><a:schemeClr val="accent2"/></a:solidFill><a:prstDash val="solid"/></a:ln><a:solidFill><a:srgbClr val="FFFFFF"/></a:solidFill><a:effectLst><a:outerShdw dist="38100" dir="2700000" algn="tl" rotWithShape="0"><a:schemeClr val="accent2"/></a:outerShdw></a:effectLst><a:ea typeface="Alibaba PuHuiTi B"/></a:endParaRPr></a:p></p:txBody></p:sp><p:sp><p:nvSpPr><p:cNvPr id="106" name="文本框 105"><a:extLst><a:ext uri="{FF2B5EF4-FFF2-40B4-BE49-F238E27FC236}"><a16:creationId xmlns:a16="http://schemas.microsoft.com/office/drawing/2014/main" id="{8799467C-7510-4385-AEE7-FA77D2D14442}"/></a:ext></a:extLst></p:cNvPr><p:cNvSpPr txBox="1"/><p:nvPr/></p:nvSpPr><p:spPr><a:xfrm><a:off x="4119999" y="6224809"/><a:ext cx="770691" cy="307777"/></a:xfrm><a:prstGeom prst="rect"><a:avLst/></a:prstGeom><a:noFill/></p:spPr><p:txBody><a:bodyPr wrap="square" rtlCol="0"><a:spAutoFit/></a:bodyPr><a:lstStyle/><a:p><a:pPr fontAlgn="auto"><a:spcBef><a:spcPts val="0"/></a:spcBef><a:spcAft><a:spcPts val="0"/></a:spcAft></a:pPr><a:r><a:rPr lang="zh-CN" altLang="en-US" sz="1400" b="1"><a:ln w="6600"><a:solidFill><a:schemeClr val="accent2"/></a:solidFill><a:prstDash val="solid"/></a:ln><a:solidFill><a:srgbClr val="FFFFFF"/></a:solidFill><a:effectLst><a:outerShdw dist="38100" dir="2700000" algn="tl" rotWithShape="0"><a:schemeClr val="accent2"/></a:outerShdw></a:effectLst><a:ea typeface="Alibaba PuHuiTi B"/></a:rPr><a:t>后增强</a:t></a:r><a:endParaRPr lang="en-US" altLang="zh-CN" sz="1400" b="1"><a:ln w="6600"><a:solidFill><a:schemeClr val="accent2"/></a:solidFill><a:prstDash val="solid"/></a:ln><a:solidFill><a:srgbClr val="FFFFFF"/></a:solidFill><a:effectLst><a:outerShdw dist="38100" dir="2700000" algn="tl" rotWithShape="0"><a:schemeClr val="accent2"/></a:outerShdw></a:effectLst><a:ea typeface="Alibaba PuHuiTi B"/></a:endParaRPr></a:p></p:txBody></p:sp><p:sp><p:nvSpPr><p:cNvPr id="111" name="文本框 110"><a:extLst><a:ext uri="{FF2B5EF4-FFF2-40B4-BE49-F238E27FC236}"><a16:creationId xmlns:a16="http://schemas.microsoft.com/office/drawing/2014/main" id="{085AA6EA-200A-4A7B-86FF-BE2EBF24F496}"/></a:ext></a:extLst></p:cNvPr><p:cNvSpPr txBox="1"/><p:nvPr/></p:nvSpPr><p:spPr><a:xfrm><a:off x="4119999" y="4477547"/><a:ext cx="770691" cy="307777"/></a:xfrm><a:prstGeom prst="rect"><a:avLst/></a:prstGeom><a:noFill/></p:spPr><p:txBody><a:bodyPr wrap="square" rtlCol="0"><a:spAutoFit/></a:bodyPr><a:lstStyle/><a:p><a:pPr fontAlgn="auto"><a:spcBef><a:spcPts val="0"/></a:spcBef><a:spcAft><a:spcPts val="0"/></a:spcAft></a:pPr><a:r><a:rPr lang="zh-CN" altLang="en-US" sz="1400" b="1"><a:ln w="6600"><a:solidFill><a:schemeClr val="accent2"/></a:solidFill><a:prstDash val="solid"/></a:ln><a:solidFill><a:srgbClr val="FFFFFF"/></a:solidFill><a:effectLst><a:outerShdw dist="38100" dir="2700000" algn="tl" rotWithShape="0"><a:schemeClr val="accent2"/></a:outerShdw></a:effectLst><a:ea typeface="Alibaba PuHuiTi B"/></a:rPr><a:t>前增强</a:t></a:r><a:endParaRPr lang="en-US" altLang="zh-CN" sz="1400" b="1"><a:ln w="6600"><a:solidFill><a:schemeClr val="accent2"/></a:solidFill><a:prstDash val="solid"/></a:ln><a:solidFill><a:srgbClr val="FFFFFF"/></a:solidFill><a:effectLst><a:outerShdw dist="38100" dir="2700000" algn="tl" rotWithShape="0"><a:schemeClr val="accent2"/></a:outerShdw></a:effectLst><a:ea typeface="Alibaba PuHuiTi B"/></a:endParaRPr></a:p></p:txBody></p:sp><p:sp><p:nvSpPr><p:cNvPr id="112" name="文本框 111"><a:extLst><a:ext uri="{FF2B5EF4-FFF2-40B4-BE49-F238E27FC236}"><a16:creationId xmlns:a16="http://schemas.microsoft.com/office/drawing/2014/main" id="{E6D1718E-58AB-4D4C-BF46-E4756D202584}"/></a:ext></a:extLst></p:cNvPr><p:cNvSpPr txBox="1"/><p:nvPr/></p:nvSpPr><p:spPr><a:xfrm><a:off x="4438155" y="5090192"/><a:ext cx="770691" cy="307777"/></a:xfrm><a:prstGeom prst="rect"><a:avLst/></a:prstGeom><a:noFill/></p:spPr><p:txBody><a:bodyPr wrap="square" rtlCol="0"><a:spAutoFit/></a:bodyPr><a:lstStyle/><a:p><a:pPr fontAlgn="auto"><a:spcBef><a:spcPts val="0"/></a:spcBef><a:spcAft><a:spcPts val="0"/></a:spcAft></a:pPr><a:r><a:rPr lang="zh-CN" altLang="en-US" sz="1400" b="1"><a:ln w="6600"><a:solidFill><a:schemeClr val="accent2"/></a:solidFill><a:prstDash val="solid"/></a:ln><a:solidFill><a:srgbClr val="FFFFFF"/></a:solidFill><a:effectLst><a:outerShdw dist="38100" dir="2700000" algn="tl" rotWithShape="0"><a:schemeClr val="accent2"/></a:outerShdw></a:effectLst><a:ea typeface="Alibaba PuHuiTi B"/></a:rPr><a:t>前增强</a:t></a:r><a:endParaRPr lang="en-US" altLang="zh-CN" sz="1400" b="1"><a:ln w="6600"><a:solidFill><a:schemeClr val="accent2"/></a:solidFill><a:prstDash val="solid"/></a:ln><a:solidFill><a:srgbClr val="FFFFFF"/></a:solidFill><a:effectLst><a:outerShdw dist="38100" dir="2700000" algn="tl" rotWithShape="0"><a:schemeClr val="accent2"/></a:outerShdw></a:effectLst><a:ea typeface="Alibaba PuHuiTi B"/></a:endParaRPr></a:p></p:txBody></p:sp></p:spTree><p:extLst><p:ext uri="{BB962C8B-B14F-4D97-AF65-F5344CB8AC3E}"><p14:creationId xmlns:p14="http://schemas.microsoft.com/office/powerpoint/2010/main" val="3748608995"/></p:ext></p:extLst></p:cSld><p:clrMapOvr><a:masterClrMapping/></p:clrMapOvr><mc:AlternateContent xmlns:mc="http://schemas.openxmlformats.org/markup-compatibility/2006" xmlns:p159="http://schemas.microsoft.com/office/powerpoint/2015/09/main"><mc:Choice Requires="p159"><p:transition spd="slow"><p159:morph option="byObject"/></p:transition></mc:Choice><mc:Fallback xmlns=""><p:transition spd="slow"><p:fade/></p:transition></mc:Fallback></mc:AlternateContent><p:timing><p:tnLst><p:par><p:cTn id="1" dur="indefinite" restart="never" nodeType="tmRoot"><p:childTnLst><p:seq concurrent="1" nextAc="seek"><p:cTn id="2" dur="indefinite" nodeType="mainSeq"><p:childTnLst><p:par><p:cTn id="3" fill="hold"><p:stCondLst><p:cond delay="indefinite"/></p:stCondLst><p:childTnLst><p:par><p:cTn id="4" fill="hold"><p:stCondLst><p:cond delay="0"/></p:stCondLst><p:childTnLst><p:par><p:cTn id="5" presetID="22" presetClass="entr" presetSubtype="1" fill="hold" nodeType="clickEffect"><p:stCondLst><p:cond delay="0"/></p:stCondLst><p:childTnLst><p:set><p:cBhvr><p:cTn id="6" dur="1" fill="hold"><p:stCondLst><p:cond delay="0"/></p:stCondLst></p:cTn><p:tgtEl><p:spTgt spid="11"/></p:tgtEl><p:attrNameLst><p:attrName>style.visibility</p:attrName></p:attrNameLst></p:cBhvr><p:to><p:strVal val="visible"/></p:to></p:set><p:animEffect transition="in" filter="wipe(up)"><p:cBhvr><p:cTn id="7" dur="500"/><p:tgtEl><p:spTgt spid="11"/></p:tgtEl></p:cBhvr></p:animEffect></p:childTnLst></p:cTn></p:par><p:par><p:cTn id="8" presetID="10" presetClass="entr" presetSubtype="0" fill="hold" grpId="0" nodeType="withEffect"><p:stCondLst><p:cond delay="0"/></p:stCondLst><p:childTnLst><p:set><p:cBhvr><p:cTn id="9" dur="1" fill="hold"><p:stCondLst><p:cond delay="0"/></p:stCondLst></p:cTn><p:tgtEl><p:spTgt spid="15"/></p:tgtEl><p:attrNameLst><p:attrName>style.visibility</p:attrName></p:attrNameLst></p:cBhvr><p:to><p:strVal val="visible"/></p:to></p:set><p:animEffect transition="in" filter="fade"><p:cBhvr><p:cTn id="10" dur="500"/><p:tgtEl><p:spTgt spid="15"/></p:tgtEl></p:cBhvr></p:animEffect></p:childTnLst></p:cTn></p:par></p:childTnLst></p:cTn></p:par></p:childTnLst></p:cTn></p:par><p:par><p:cTn id="11" fill="hold"><p:stCondLst><p:cond delay="indefinite"/></p:stCondLst><p:childTnLst><p:par><p:cTn id="12" fill="hold"><p:stCondLst><p:cond delay="0"/></p:stCondLst><p:childTnLst><p:par><p:cTn id="13" presetID="22" presetClass="entr" presetSubtype="1" fill="hold" nodeType="clickEffect"><p:stCondLst><p:cond delay="0"/></p:stCondLst><p:childTnLst><p:set><p:cBhvr><p:cTn id="14" dur="1" fill="hold"><p:stCondLst><p:cond delay="0"/></p:stCondLst></p:cTn><p:tgtEl><p:spTgt spid="16"/></p:tgtEl><p:attrNameLst><p:attrName>style.visibility</p:attrName></p:attrNameLst></p:cBhvr><p:to><p:strVal val="visible"/></p:to></p:set><p:animEffect transition="in" filter="wipe(up)"><p:cBhvr><p:cTn id="15" dur="500"/><p:tgtEl><p:spTgt spid="16"/></p:tgtEl></p:cBhvr></p:animEffect></p:childTnLst></p:cTn></p:par><p:par><p:cTn id="16" presetID="10" presetClass="entr" presetSubtype="0" fill="hold" grpId="0" nodeType="withEffect"><p:stCondLst><p:cond delay="0"/></p:stCondLst><p:childTnLst><p:set><p:cBhvr><p:cTn id="17" dur="1" fill="hold"><p:stCondLst><p:cond delay="0"/></p:stCondLst></p:cTn><p:tgtEl><p:spTgt spid="19"/></p:tgtEl><p:attrNameLst><p:attrName>style.visibility</p:attrName></p:attrNameLst></p:cBhvr><p:to><p:strVal val="visible"/></p:to></p:set><p:animEffect transition="in" filter="fade"><p:cBhvr><p:cTn id="18" dur="500"/><p:tgtEl><p:spTgt spid="19"/></p:tgtEl></p:cBhvr></p:animEffect></p:childTnLst></p:cTn></p:par></p:childTnLst></p:cTn></p:par></p:childTnLst></p:cTn></p:par><p:par><p:cTn id="19" fill="hold"><p:stCondLst><p:cond delay="indefinite"/></p:stCondLst><p:childTnLst><p:par><p:cTn id="20" fill="hold"><p:stCondLst><p:cond delay="0"/></p:stCondLst><p:childTnLst><p:par><p:cTn id="21" presetID="22" presetClass="entr" presetSubtype="8" fill="hold" nodeType="clickEffect"><p:stCondLst><p:cond delay="0"/></p:stCondLst><p:childTnLst><p:set><p:cBhvr><p:cTn id="22" dur="1" fill="hold"><p:stCondLst><p:cond delay="0"/></p:stCondLst></p:cTn><p:tgtEl><p:spTgt spid="32"/></p:tgtEl><p:attrNameLst><p:attrName>style.visibility</p:attrName></p:attrNameLst></p:cBhvr><p:to><p:strVal val="visible"/></p:to></p:set><p:animEffect transition="in" filter="wipe(left)"><p:cBhvr><p:cTn id="23" dur="500"/><p:tgtEl><p:spTgt spid="32"/></p:tgtEl></p:cBhvr></p:animEffect></p:childTnLst></p:cTn></p:par></p:childTnLst></p:cTn></p:par><p:par><p:cTn id="24" fill="hold"><p:stCondLst><p:cond delay="500"/></p:stCondLst><p:childTnLst><p:par><p:cTn id="25" presetID="22" presetClass="entr" presetSubtype="2" fill="hold" nodeType="afterEffect"><p:stCondLst><p:cond delay="0"/></p:stCondLst><p:childTnLst><p:set><p:cBhvr><p:cTn id="26" dur="1" fill="hold"><p:stCondLst><p:cond delay="0"/></p:stCondLst></p:cTn><p:tgtEl><p:spTgt spid="27"/></p:tgtEl><p:attrNameLst><p:attrName>style.visibility</p:attrName></p:attrNameLst></p:cBhvr><p:to><p:strVal val="visible"/></p:to></p:set><p:animEffect transition="in" filter="wipe(right)"><p:cBhvr><p:cTn id="27" dur="500"/><p:tgtEl><p:spTgt spid="27"/></p:tgtEl></p:cBhvr></p:animEffect></p:childTnLst></p:cTn></p:par><p:par><p:cTn id="28" presetID="10" presetClass="entr" presetSubtype="0" fill="hold" grpId="0" nodeType="withEffect"><p:stCondLst><p:cond delay="0"/></p:stCondLst><p:childTnLst><p:set><p:cBhvr><p:cTn id="29" dur="1" fill="hold"><p:stCondLst><p:cond delay="0"/></p:stCondLst></p:cTn><p:tgtEl><p:spTgt spid="35"/></p:tgtEl><p:attrNameLst><p:attrName>style.visibility</p:attrName></p:attrNameLst></p:cBhvr><p:to><p:strVal val="visible"/></p:to></p:set><p:animEffect transition="in" filter="fade"><p:cBhvr><p:cTn id="30" dur="500"/><p:tgtEl><p:spTgt spid="35"/></p:tgtEl></p:cBhvr></p:animEffect></p:childTnLst></p:cTn></p:par></p:childTnLst></p:cTn></p:par></p:childTnLst></p:cTn></p:par><p:par><p:cTn id="31" fill="hold"><p:stCondLst><p:cond delay="indefinite"/></p:stCondLst><p:childTnLst><p:par><p:cTn id="32" fill="hold"><p:stCondLst><p:cond delay="0"/></p:stCondLst><p:childTnLst><p:par><p:cTn id="33" presetID="10" presetClass="entr" presetSubtype="0" fill="hold" grpId="0" nodeType="clickEffect"><p:stCondLst><p:cond delay="0"/></p:stCondLst><p:childTnLst><p:set><p:cBhvr><p:cTn id="34" dur="1" fill="hold"><p:stCondLst><p:cond delay="0"/></p:stCondLst></p:cTn><p:tgtEl><p:spTgt spid="41"/></p:tgtEl><p:attrNameLst><p:attrName>style.visibility</p:attrName></p:attrNameLst></p:cBhvr><p:to><p:strVal val="visible"/></p:to></p:set><p:animEffect transition="in" filter="fade"><p:cBhvr><p:cTn id="35" dur="500"/><p:tgtEl><p:spTgt spid="41"/></p:tgtEl></p:cBhvr></p:animEffect></p:childTnLst></p:cTn></p:par></p:childTnLst></p:cTn></p:par></p:childTnLst></p:cTn></p:par><p:par><p:cTn id="36" fill="hold"><p:stCondLst><p:cond delay="indefinite"/></p:stCondLst><p:childTnLst><p:par><p:cTn id="37" fill="hold"><p:stCondLst><p:cond delay="0"/></p:stCondLst><p:childTnLst><p:par><p:cTn id="38" presetID="10" presetClass="entr" presetSubtype="0" fill="hold" grpId="0" nodeType="clickEffect"><p:stCondLst><p:cond delay="0"/></p:stCondLst><p:childTnLst><p:set><p:cBhvr><p:cTn id="39" dur="1" fill="hold"><p:stCondLst><p:cond delay="0"/></p:stCondLst></p:cTn><p:tgtEl><p:spTgt spid="36"/></p:tgtEl><p:attrNameLst><p:attrName>style.visibility</p:attrName></p:attrNameLst></p:cBhvr><p:to><p:strVal val="visible"/></p:to></p:set><p:animEffect transition="in" filter="fade"><p:cBhvr><p:cTn id="40" dur="500"/><p:tgtEl><p:spTgt spid="36"/></p:tgtEl></p:cBhvr></p:animEffect></p:childTnLst></p:cTn></p:par><p:par><p:cTn id="41" presetID="22" presetClass="entr" presetSubtype="1" fill="hold" nodeType="withEffect"><p:stCondLst><p:cond delay="0"/></p:stCondLst><p:childTnLst><p:set><p:cBhvr><p:cTn id="42" dur="1" fill="hold"><p:stCondLst><p:cond delay="0"/></p:stCondLst></p:cTn><p:tgtEl><p:spTgt spid="39"/></p:tgtEl><p:attrNameLst><p:attrName>style.visibility</p:attrName></p:attrNameLst></p:cBhvr><p:to><p:strVal val="visible"/></p:to></p:set><p:animEffect transition="in" filter="wipe(up)"><p:cBhvr><p:cTn id="43" dur="500"/><p:tgtEl><p:spTgt spid="39"/></p:tgtEl></p:cBhvr></p:animEffect></p:childTnLst></p:cTn></p:par></p:childTnLst></p:cTn></p:par></p:childTnLst></p:cTn></p:par><p:par><p:cTn id="44" fill="hold"><p:stCondLst><p:cond delay="indefinite"/></p:stCondLst><p:childTnLst><p:par><p:cTn id="45" fill="hold"><p:stCondLst><p:cond delay="0"/></p:stCondLst><p:childTnLst><p:par><p:cTn id="46" presetID="22" presetClass="entr" presetSubtype="8" fill="hold" nodeType="clickEffect"><p:stCondLst><p:cond delay="0"/></p:stCondLst><p:childTnLst><p:set><p:cBhvr><p:cTn id="47" dur="1" fill="hold"><p:stCondLst><p:cond delay="0"/></p:stCondLst></p:cTn><p:tgtEl><p:spTgt spid="58"/></p:tgtEl><p:attrNameLst><p:attrName>style.visibility</p:attrName></p:attrNameLst></p:cBhvr><p:to><p:strVal val="visible"/></p:to></p:set><p:animEffect transition="in" filter="wipe(left)"><p:cBhvr><p:cTn id="48" dur="500"/><p:tgtEl><p:spTgt spid="58"/></p:tgtEl></p:cBhvr></p:animEffect></p:childTnLst></p:cTn></p:par><p:par><p:cTn id="49" presetID="10" presetClass="entr" presetSubtype="0" fill="hold" grpId="0" nodeType="withEffect"><p:stCondLst><p:cond delay="0"/></p:stCondLst><p:childTnLst><p:set><p:cBhvr><p:cTn id="50" dur="1" fill="hold"><p:stCondLst><p:cond delay="0"/></p:stCondLst></p:cTn><p:tgtEl><p:spTgt spid="48"/></p:tgtEl><p:attrNameLst><p:attrName>style.visibility</p:attrName></p:attrNameLst></p:cBhvr><p:to><p:strVal val="visible"/></p:to></p:set><p:animEffect transition="in" filter="fade"><p:cBhvr><p:cTn id="51" dur="500"/><p:tgtEl><p:spTgt spid="48"/></p:tgtEl></p:cBhvr></p:animEffect></p:childTnLst></p:cTn></p:par></p:childTnLst></p:cTn></p:par></p:childTnLst></p:cTn></p:par><p:par><p:cTn id="52" fill="hold"><p:stCondLst><p:cond delay="indefinite"/></p:stCondLst><p:childTnLst><p:par><p:cTn id="53" fill="hold"><p:stCondLst><p:cond delay="0"/></p:stCondLst><p:childTnLst><p:par><p:cTn id="54" presetID="10" presetClass="entr" presetSubtype="0" fill="hold" grpId="0" nodeType="clickEffect"><p:stCondLst><p:cond delay="0"/></p:stCondLst><p:childTnLst><p:set><p:cBhvr><p:cTn id="55" dur="1" fill="hold"><p:stCondLst><p:cond delay="0"/></p:stCondLst></p:cTn><p:tgtEl><p:spTgt spid="52"/></p:tgtEl><p:attrNameLst><p:attrName>style.visibility</p:attrName></p:attrNameLst></p:cBhvr><p:to><p:strVal val="visible"/></p:to></p:set><p:animEffect transition="in" filter="fade"><p:cBhvr><p:cTn id="56" dur="500"/><p:tgtEl><p:spTgt spid="52"/></p:tgtEl></p:cBhvr></p:animEffect></p:childTnLst></p:cTn></p:par><p:par><p:cTn id="57" presetID="10" presetClass="entr" presetSubtype="0" fill="hold" grpId="0" nodeType="withEffect"><p:stCondLst><p:cond delay="0"/></p:stCondLst><p:childTnLst><p:set><p:cBhvr><p:cTn id="58" dur="1" fill="hold"><p:stCondLst><p:cond delay="0"/></p:stCondLst></p:cTn><p:tgtEl><p:spTgt spid="111"/></p:tgtEl><p:attrNameLst><p:attrName>style.visibility</p:attrName></p:attrNameLst></p:cBhvr><p:to><p:strVal val="visible"/></p:to></p:set><p:animEffect transition="in" filter="fade"><p:cBhvr><p:cTn id="59" dur="500"/><p:tgtEl><p:spTgt spid="111"/></p:tgtEl></p:cBhvr></p:animEffect></p:childTnLst></p:cTn></p:par></p:childTnLst></p:cTn></p:par><p:par><p:cTn id="60" fill="hold"><p:stCondLst><p:cond delay="500"/></p:stCondLst><p:childTnLst><p:par><p:cTn id="61" presetID="10" presetClass="entr" presetSubtype="0" fill="hold" grpId="0" nodeType="afterEffect"><p:stCondLst><p:cond delay="0"/></p:stCondLst><p:childTnLst><p:set><p:cBhvr><p:cTn id="62" dur="1" fill="hold"><p:stCondLst><p:cond delay="0"/></p:stCondLst></p:cTn><p:tgtEl><p:spTgt spid="56"/></p:tgtEl><p:attrNameLst><p:attrName>style.visibility</p:attrName></p:attrNameLst></p:cBhvr><p:to><p:strVal val="visible"/></p:to></p:set><p:animEffect transition="in" filter="fade"><p:cBhvr><p:cTn id="63" dur="500"/><p:tgtEl><p:spTgt spid="56"/></p:tgtEl></p:cBhvr></p:animEffect></p:childTnLst></p:cTn></p:par></p:childTnLst></p:cTn></p:par></p:childTnLst></p:cTn></p:par><p:par><p:cTn id="64" fill="hold"><p:stCondLst><p:cond delay="indefinite"/></p:stCondLst><p:childTnLst><p:par><p:cTn id="65" fill="hold"><p:stCondLst><p:cond delay="0"/></p:stCondLst><p:childTnLst><p:par><p:cTn id="66" presetID="10" presetClass="entr" presetSubtype="0" fill="hold" grpId="0" nodeType="clickEffect"><p:stCondLst><p:cond delay="0"/></p:stCondLst><p:childTnLst><p:set><p:cBhvr><p:cTn id="67" dur="1" fill="hold"><p:stCondLst><p:cond delay="0"/></p:stCondLst></p:cTn><p:tgtEl><p:spTgt spid="53"/></p:tgtEl><p:attrNameLst><p:attrName>style.visibility</p:attrName></p:attrNameLst></p:cBhvr><p:to><p:strVal val="visible"/></p:to></p:set><p:animEffect transition="in" filter="fade"><p:cBhvr><p:cTn id="68" dur="500"/><p:tgtEl><p:spTgt spid="53"/></p:tgtEl></p:cBhvr></p:animEffect></p:childTnLst></p:cTn></p:par><p:par><p:cTn id="69" presetID="10" presetClass="entr" presetSubtype="0" fill="hold" grpId="0" nodeType="withEffect"><p:stCondLst><p:cond delay="0"/></p:stCondLst><p:childTnLst><p:set><p:cBhvr><p:cTn id="70" dur="1" fill="hold"><p:stCondLst><p:cond delay="0"/></p:stCondLst></p:cTn><p:tgtEl><p:spTgt spid="112"/></p:tgtEl><p:attrNameLst><p:attrName>style.visibility</p:attrName></p:attrNameLst></p:cBhvr><p:to><p:strVal val="visible"/></p:to></p:set><p:animEffect transition="in" filter="fade"><p:cBhvr><p:cTn id="71" dur="500"/><p:tgtEl><p:spTgt spid="112"/></p:tgtEl></p:cBhvr></p:animEffect></p:childTnLst></p:cTn></p:par></p:childTnLst></p:cTn></p:par><p:par><p:cTn id="72" fill="hold"><p:stCondLst><p:cond delay="500"/></p:stCondLst><p:childTnLst><p:par><p:cTn id="73" presetID="10" presetClass="entr" presetSubtype="0" fill="hold" grpId="0" nodeType="afterEffect"><p:stCondLst><p:cond delay="0"/></p:stCondLst><p:childTnLst><p:set><p:cBhvr><p:cTn id="74" dur="1" fill="hold"><p:stCondLst><p:cond delay="0"/></p:stCondLst></p:cTn><p:tgtEl><p:spTgt spid="57"/></p:tgtEl><p:attrNameLst><p:attrName>style.visibility</p:attrName></p:attrNameLst></p:cBhvr><p:to><p:strVal val="visible"/></p:to></p:set><p:animEffect transition="in" filter="fade"><p:cBhvr><p:cTn id="75" dur="500"/><p:tgtEl><p:spTgt spid="57"/></p:tgtEl></p:cBhvr></p:animEffect></p:childTnLst></p:cTn></p:par></p:childTnLst></p:cTn></p:par></p:childTnLst></p:cTn></p:par><p:par><p:cTn id="76" fill="hold"><p:stCondLst><p:cond delay="indefinite"/></p:stCondLst><p:childTnLst><p:par><p:cTn id="77" fill="hold"><p:stCondLst><p:cond delay="0"/></p:stCondLst><p:childTnLst><p:par><p:cTn id="78" presetID="10" presetClass="entr" presetSubtype="0" fill="hold" grpId="0" nodeType="clickEffect"><p:stCondLst><p:cond delay="0"/></p:stCondLst><p:childTnLst><p:set><p:cBhvr><p:cTn id="79" dur="1" fill="hold"><p:stCondLst><p:cond delay="0"/></p:stCondLst></p:cTn><p:tgtEl><p:spTgt spid="54"/></p:tgtEl><p:attrNameLst><p:attrName>style.visibility</p:attrName></p:attrNameLst></p:cBhvr><p:to><p:strVal val="visible"/></p:to></p:set><p:animEffect transition="in" filter="fade"><p:cBhvr><p:cTn id="80" dur="500"/><p:tgtEl><p:spTgt spid="54"/></p:tgtEl></p:cBhvr></p:animEffect></p:childTnLst></p:cTn></p:par></p:childTnLst></p:cTn></p:par></p:childTnLst></p:cTn></p:par><p:par><p:cTn id="81" fill="hold"><p:stCondLst><p:cond delay="indefinite"/></p:stCondLst><p:childTnLst><p:par><p:cTn id="82" fill="hold"><p:stCondLst><p:cond delay="0"/></p:stCondLst><p:childTnLst><p:par><p:cTn id="83" presetID="10" presetClass="entr" presetSubtype="0" fill="hold" grpId="0" nodeType="clickEffect"><p:stCondLst><p:cond delay="0"/></p:stCondLst><p:childTnLst><p:set><p:cBhvr><p:cTn id="84" dur="1" fill="hold"><p:stCondLst><p:cond delay="0"/></p:stCondLst></p:cTn><p:tgtEl><p:spTgt spid="104"/></p:tgtEl><p:attrNameLst><p:attrName>style.visibility</p:attrName></p:attrNameLst></p:cBhvr><p:to><p:strVal val="visible"/></p:to></p:set><p:animEffect transition="in" filter="fade"><p:cBhvr><p:cTn id="85" dur="500"/><p:tgtEl><p:spTgt spid="104"/></p:tgtEl></p:cBhvr></p:animEffect></p:childTnLst></p:cTn></p:par></p:childTnLst></p:cTn></p:par></p:childTnLst></p:cTn></p:par><p:par><p:cTn id="86" fill="hold"><p:stCondLst><p:cond delay="indefinite"/></p:stCondLst><p:childTnLst><p:par><p:cTn id="87" fill="hold"><p:stCondLst><p:cond delay="0"/></p:stCondLst><p:childTnLst><p:par><p:cTn id="88" presetID="10" presetClass="entr" presetSubtype="0" fill="hold" grpId="0" nodeType="clickEffect"><p:stCondLst><p:cond delay="0"/></p:stCondLst><p:childTnLst><p:set><p:cBhvr><p:cTn id="89" dur="1" fill="hold"><p:stCondLst><p:cond delay="0"/></p:stCondLst></p:cTn><p:tgtEl><p:spTgt spid="106"/></p:tgtEl><p:attrNameLst><p:attrName>style.visibility</p:attrName></p:attrNameLst></p:cBhvr><p:to><p:strVal val="visible"/></p:to></p:set><p:animEffect transition="in" filter="fade"><p:cBhvr><p:cTn id="90" dur="500"/><p:tgtEl><p:spTgt spid="106"/></p:tgtEl></p:cBhvr></p:animEffect></p:childTnLst></p:cTn></p:par></p:childTnLst></p:cTn></p:par></p:childTnLst></p:cTn></p:par></p:childTnLst></p:cTn><p:prevCondLst><p:cond evt="onPrev" delay="0"><p:tgtEl><p:sldTgt/></p:tgtEl></p:cond></p:prevCondLst><p:nextCondLst><p:cond evt="onNext" delay="0"><p:tgtEl><p:sldTgt/></p:tgtEl></p:cond></p:nextCondLst></p:seq></p:childTnLst></p:cTn></p:par></p:tnLst><p:bldLst><p:bldP spid="15" grpId="0"/><p:bldP spid="19" grpId="0"/><p:bldP spid="35" grpId="0"/><p:bldP spid="36" grpId="0"/><p:bldP spid="41" grpId="0" animBg="1"/><p:bldP spid="48" grpId="0"/><p:bldP spid="52" grpId="0" animBg="1"/><p:bldP spid="53" grpId="0" animBg="1"/><p:bldP spid="56" grpId="0"/><p:bldP spid="57" grpId="0"/><p:bldP spid="54" grpId="0" animBg="1"/><p:bldP spid="104" grpId="0"/><p:bldP spid="106" grpId="0"/><p:bldP spid="111" grpId="0"/><p:bldP spid="112" grpId="0"/></p:bldLst></p:timing></p:sld>