<?xml version="1.0" encoding="UTF-8" standalone="yes"?>
<p:sld xmlns:a="http://schemas.openxmlformats.org/drawingml/2006/main" xmlns:r="http://schemas.openxmlformats.org/officeDocument/2006/relationships" xmlns:p="http://schemas.openxmlformats.org/presentationml/2006/main"><p:cSld><p:spTree><p:nvGrpSpPr><p:cNvPr id="1" name=""/><p:cNvGrpSpPr/><p:nvPr/></p:nvGrpSpPr><p:grpSpPr><a:xfrm><a:off x="0" y="0"/><a:ext cx="0" cy="0"/><a:chOff x="0" y="0"/><a:chExt cx="0" cy="0"/></a:xfrm></p:grpSpPr><p:sp><p:nvSpPr><p:cNvPr id="4" name="文本占位符 3"><a:extLst><a:ext uri="{FF2B5EF4-FFF2-40B4-BE49-F238E27FC236}"><a16:creationId xmlns:a16="http://schemas.microsoft.com/office/drawing/2014/main" id="{56C6757F-31DF-40A2-A6C7-5F4165760DEC}"/></a:ext></a:extLst></p:cNvPr><p:cNvSpPr><a:spLocks noGrp="1"/></p:cNvSpPr><p:nvPr><p:ph type="body" sz="quarter" idx="10"/></p:nvPr></p:nvSpPr><p:spPr><a:xfrm><a:off x="4624070" y="2750714"/><a:ext cx="7374642" cy="3415912"/></a:xfrm></p:spPr><p:txBody><a:bodyPr/><a:lstStyle/><a:p><a:pPr marL="0" indent="0"><a:buNone/></a:pPr><a:r><a:rPr lang="en-US" altLang="zh-CN"/><a:t>1️⃣</a:t></a:r><a:r><a:rPr lang="en-US" altLang="zh-CN" err="1"/><a:t>DispatcherServlet</a:t></a:r><a:r><a:rPr lang="en-US" altLang="zh-CN"/><a:t> </a:t></a:r><a:r><a:rPr lang="zh-CN" altLang="en-US"/><a:t>初始化时机</a:t></a:r><a:endParaRPr lang="en-US" altLang="zh-CN"/></a:p><a:p><a:pPr marL="0" indent="0"><a:buNone/></a:pPr><a:r><a:rPr lang="en-US" altLang="zh-CN"/><a:t>2️⃣</a:t></a:r><a:r><a:rPr lang="en-US" altLang="zh-CN" err="1"/><a:t>DispatcherServlet</a:t></a:r><a:r><a:rPr lang="en-US" altLang="zh-CN"/><a:t> </a:t></a:r><a:r><a:rPr lang="zh-CN" altLang="en-US"/><a:t>初始化都做了什么</a:t></a:r></a:p><a:p><a:pPr marL="0" indent="0"><a:buNone/></a:pPr><a:r><a:rPr lang="en-US" altLang="zh-CN"/><a:t>3️⃣</a:t></a:r><a:r><a:rPr lang="en-US" altLang="zh-CN" err="1"/><a:t>RequestMappingHandlerMapping</a:t></a:r><a:r><a:rPr lang="zh-CN" altLang="en-US"/><a:t>基本用途</a:t></a:r></a:p><a:p><a:pPr marL="0" indent="0"><a:buNone/></a:pPr><a:r><a:rPr lang="en-US" altLang="zh-CN"/><a:t>4️⃣</a:t></a:r><a:r><a:rPr lang="en-US" altLang="zh-CN" err="1"/><a:t>RequestMappingHandlerAdapter</a:t></a:r><a:r><a:rPr lang="zh-CN" altLang="en-US"/><a:t>基本用途</a:t></a:r></a:p><a:p><a:pPr marL="0" indent="0"><a:buNone/></a:pPr><a:r><a:rPr lang="en-US" altLang="zh-CN"/><a:t>5️⃣</a:t></a:r><a:r><a:rPr lang="zh-CN" altLang="en-US"/><a:t>自定义参数和返回值处理器</a:t></a:r></a:p></p:txBody></p:sp><p:sp><p:nvSpPr><p:cNvPr id="5" name="标题 1"><a:extLst><a:ext uri="{FF2B5EF4-FFF2-40B4-BE49-F238E27FC236}"><a16:creationId xmlns:a16="http://schemas.microsoft.com/office/drawing/2014/main" id="{BD098B61-ABE9-43C6-975A-F0D63E65D882}"/></a:ext></a:extLst></p:cNvPr><p:cNvSpPr txBox="1"><a:spLocks/></p:cNvSpPr><p:nvPr/></p:nvSpPr><p:spPr><a:xfrm><a:off x="4624070" y="1958976"/><a:ext cx="7034530" cy="1142999"/></a:xfrm><a:prstGeom prst="rect"><a:avLst/></a:prstGeom></p:spPr><p:txBody><a:bodyPr/><a:lstStyle><a:lvl1pPr algn="l" rtl="0" eaLnBrk="0" fontAlgn="base" hangingPunct="0"><a:spcBef><a:spcPct val="0"/></a:spcBef><a:spcAft><a:spcPct val="0"/></a:spcAft><a:defRPr sz="3200" b="1" kern="1200"><a:solidFill><a:schemeClr val="tx1"/></a:solidFill><a:latin typeface="黑体" panose="02010609060101010101" pitchFamily="49" charset="-122"/><a:ea typeface="黑体" panose="02010609060101010101" pitchFamily="49" charset="-122"/><a:cs typeface="+mj-cs"/></a:defRPr></a:lvl1pPr><a:lvl2pPr algn="l" rtl="0" eaLnBrk="0" fontAlgn="base" hangingPunct="0"><a:spcBef><a:spcPct val="0"/></a:spcBef><a:spcAft><a:spcPct val="0"/></a:spcAft><a:defRPr sz="3200" b="1"><a:solidFill><a:schemeClr val="tx1"/></a:solidFill><a:latin typeface="黑体" panose="02010609060101010101" pitchFamily="49" charset="-122"/><a:ea typeface="黑体" panose="02010609060101010101" pitchFamily="49" charset="-122"/></a:defRPr></a:lvl2pPr><a:lvl3pPr algn="l" rtl="0" eaLnBrk="0" fontAlgn="base" hangingPunct="0"><a:spcBef><a:spcPct val="0"/></a:spcBef><a:spcAft><a:spcPct val="0"/></a:spcAft><a:defRPr sz="3200" b="1"><a:solidFill><a:schemeClr val="tx1"/></a:solidFill><a:latin typeface="黑体" panose="02010609060101010101" pitchFamily="49" charset="-122"/><a:ea typeface="黑体" panose="02010609060101010101" pitchFamily="49" charset="-122"/></a:defRPr></a:lvl3pPr><a:lvl4pPr algn="l" rtl="0" eaLnBrk="0" fontAlgn="base" hangingPunct="0"><a:spcBef><a:spcPct val="0"/></a:spcBef><a:spcAft><a:spcPct val="0"/></a:spcAft><a:defRPr sz="3200" b="1"><a:solidFill><a:schemeClr val="tx1"/></a:solidFill><a:latin typeface="黑体" panose="02010609060101010101" pitchFamily="49" charset="-122"/><a:ea typeface="黑体" panose="02010609060101010101" pitchFamily="49" charset="-122"/></a:defRPr></a:lvl4pPr><a:lvl5pPr algn="l" rtl="0" eaLnBrk="0" fontAlgn="base" hangingPunct="0"><a:spcBef><a:spcPct val="0"/></a:spcBef><a:spcAft><a:spcPct val="0"/></a:spcAft><a:defRPr sz="3200" b="1"><a:solidFill><a:schemeClr val="tx1"/></a:solidFill><a:latin typeface="黑体" panose="02010609060101010101" pitchFamily="49" charset="-122"/><a:ea typeface="黑体" panose="02010609060101010101" pitchFamily="49" charset="-122"/></a:defRPr></a:lvl5pPr><a:lvl6pPr marL="609600" algn="l" rtl="0" fontAlgn="base"><a:spcBef><a:spcPct val="0"/></a:spcBef><a:spcAft><a:spcPct val="0"/></a:spcAft><a:defRPr sz="3200" b="1"><a:solidFill><a:schemeClr val="tx1"/></a:solidFill><a:latin typeface="黑体" panose="02010609060101010101" pitchFamily="49" charset="-122"/><a:ea typeface="黑体" panose="02010609060101010101" pitchFamily="49" charset="-122"/></a:defRPr></a:lvl6pPr><a:lvl7pPr marL="1219200" algn="l" rtl="0" fontAlgn="base"><a:spcBef><a:spcPct val="0"/></a:spcBef><a:spcAft><a:spcPct val="0"/></a:spcAft><a:defRPr sz="3200" b="1"><a:solidFill><a:schemeClr val="tx1"/></a:solidFill><a:latin typeface="黑体" panose="02010609060101010101" pitchFamily="49" charset="-122"/><a:ea typeface="黑体" panose="02010609060101010101" pitchFamily="49" charset="-122"/></a:defRPr></a:lvl7pPr><a:lvl8pPr marL="1828800" algn="l" rtl="0" fontAlgn="base"><a:spcBef><a:spcPct val="0"/></a:spcBef><a:spcAft><a:spcPct val="0"/></a:spcAft><a:defRPr sz="3200" b="1"><a:solidFill><a:schemeClr val="tx1"/></a:solidFill><a:latin typeface="黑体" panose="02010609060101010101" pitchFamily="49" charset="-122"/><a:ea typeface="黑体" panose="02010609060101010101" pitchFamily="49" charset="-122"/></a:defRPr></a:lvl8pPr><a:lvl9pPr marL="2438400" algn="l" rtl="0" fontAlgn="base"><a:spcBef><a:spcPct val="0"/></a:spcBef><a:spcAft><a:spcPct val="0"/></a:spcAft><a:defRPr sz="3200" b="1"><a:solidFill><a:schemeClr val="tx1"/></a:solidFill><a:latin typeface="黑体" panose="02010609060101010101" pitchFamily="49" charset="-122"/><a:ea typeface="黑体" panose="02010609060101010101" pitchFamily="49" charset="-122"/></a:defRPr></a:lvl9pPr></a:lstStyle><a:p><a:r><a:rPr kumimoji="1" lang="en-US" altLang="zh-CN"/><a:t>20. </a:t></a:r><a:r><a:rPr kumimoji="1" lang="en-US" altLang="zh-CN" err="1"/><a:t>RequestMappingHandlerMapping</a:t></a:r><a:r><a:rPr kumimoji="1" lang="en-US" altLang="zh-CN"/><a:t> </a:t></a:r><a:r><a:rPr kumimoji="1" lang="zh-CN" altLang="en-US"/><a:t>与 </a:t></a:r><a:r><a:rPr kumimoji="1" lang="en-US" altLang="zh-CN" err="1"/><a:t>RequestMappingHandlerAdapter</a:t></a:r><a:endParaRPr kumimoji="1" lang="zh-CN" altLang="en-US"/></a:p></p:txBody></p:sp></p:spTree><p:extLst><p:ext uri="{BB962C8B-B14F-4D97-AF65-F5344CB8AC3E}"><p14:creationId xmlns:p14="http://schemas.microsoft.com/office/powerpoint/2010/main" val="2794655983"/></p:ext></p:extLst></p:cSld><p:clrMapOvr><a:masterClrMapping/></p:clrMapOvr></p:sld>