<?xml version="1.0" encoding="UTF-8" standalone="yes"?>
<p:sld xmlns:a="http://schemas.openxmlformats.org/drawingml/2006/main" xmlns:r="http://schemas.openxmlformats.org/officeDocument/2006/relationships" xmlns:p="http://schemas.openxmlformats.org/presentationml/2006/main"><p:cSld><p:spTree><p:nvGrpSpPr><p:cNvPr id="1" name=""/><p:cNvGrpSpPr/><p:nvPr/></p:nvGrpSpPr><p:grpSpPr><a:xfrm><a:off x="0" y="0"/><a:ext cx="0" cy="0"/><a:chOff x="0" y="0"/><a:chExt cx="0" cy="0"/></a:xfrm></p:grpSpPr><p:sp><p:nvSpPr><p:cNvPr id="2" name="标题 1"><a:extLst><a:ext uri="{FF2B5EF4-FFF2-40B4-BE49-F238E27FC236}"><a16:creationId xmlns:a16="http://schemas.microsoft.com/office/drawing/2014/main" id="{7F3B9D28-C7C6-4650-AC5D-427A8544CA74}"/></a:ext></a:extLst></p:cNvPr><p:cNvSpPr><a:spLocks noGrp="1"/></p:cNvSpPr><p:nvPr><p:ph type="title"/></p:nvPr></p:nvSpPr><p:spPr/><p:txBody><a:bodyPr/><a:lstStyle/><a:p><a:r><a:rPr lang="zh-CN" altLang="en-US"/><a:t>讲哪些内容</a:t></a:r></a:p></p:txBody></p:sp><p:sp><p:nvSpPr><p:cNvPr id="7" name="矩形: 圆角 6"><a:extLst><a:ext uri="{FF2B5EF4-FFF2-40B4-BE49-F238E27FC236}"><a16:creationId xmlns:a16="http://schemas.microsoft.com/office/drawing/2014/main" id="{1EED83CD-EA0D-4C97-9705-8D9549094AEF}"/></a:ext></a:extLst></p:cNvPr><p:cNvSpPr/><p:nvPr/></p:nvSpPr><p:spPr><a:xfrm><a:off x="1874939" y="1506323"/><a:ext cx="1937090" cy="705726"/></a:xfrm><a:prstGeom prst="roundRect"><a:avLst/></a:prstGeom><a:ln/></p:spPr><p:style><a:lnRef idx="3"><a:schemeClr val="lt1"/></a:lnRef><a:fillRef idx="1"><a:schemeClr val="accent3"/></a:fillRef><a:effectRef idx="1"><a:schemeClr val="accent3"/></a:effectRef><a:fontRef idx="minor"><a:schemeClr val="lt1"/></a:fontRef></p:style><p:txBody><a:bodyPr rtlCol="0" anchor="ctr"/><a:lstStyle/><a:p><a:pPr algn="ctr"/><a:r><a:rPr lang="en-US" altLang="zh-CN"/><a:t>RequestMapping</a:t></a:r></a:p><a:p><a:pPr algn="ctr"/><a:r><a:rPr lang="en-US" altLang="zh-CN"/><a:t>HandlerMapping</a:t></a:r><a:endParaRPr lang="zh-CN" altLang="en-US"/></a:p></p:txBody></p:sp><p:sp><p:nvSpPr><p:cNvPr id="14" name="矩形: 圆角 13"><a:extLst><a:ext uri="{FF2B5EF4-FFF2-40B4-BE49-F238E27FC236}"><a16:creationId xmlns:a16="http://schemas.microsoft.com/office/drawing/2014/main" id="{9E176DC8-B7FF-48D2-A7DF-AE04BAE26EFC}"/></a:ext></a:extLst></p:cNvPr><p:cNvSpPr/><p:nvPr/></p:nvSpPr><p:spPr><a:xfrm><a:off x="5928597" y="1506323"/><a:ext cx="1937090" cy="705726"/></a:xfrm><a:prstGeom prst="roundRect"><a:avLst/></a:prstGeom><a:ln/></p:spPr><p:style><a:lnRef idx="3"><a:schemeClr val="lt1"/></a:lnRef><a:fillRef idx="1"><a:schemeClr val="accent3"/></a:fillRef><a:effectRef idx="1"><a:schemeClr val="accent3"/></a:effectRef><a:fontRef idx="minor"><a:schemeClr val="lt1"/></a:fontRef></p:style><p:txBody><a:bodyPr rtlCol="0" anchor="ctr"/><a:lstStyle/><a:p><a:pPr algn="ctr"/><a:r><a:rPr lang="en-US" altLang="zh-CN"/><a:t>RouterFunction</a:t></a:r></a:p><a:p><a:pPr algn="ctr"/><a:r><a:rPr lang="en-US" altLang="zh-CN"/><a:t>Mapping </a:t></a:r><a:endParaRPr lang="zh-CN" altLang="en-US"/></a:p></p:txBody></p:sp><p:sp><p:nvSpPr><p:cNvPr id="15" name="矩形: 圆角 14"><a:extLst><a:ext uri="{FF2B5EF4-FFF2-40B4-BE49-F238E27FC236}"><a16:creationId xmlns:a16="http://schemas.microsoft.com/office/drawing/2014/main" id="{560128EC-7C94-44A9-836D-2B9C55B4DAA3}"/></a:ext></a:extLst></p:cNvPr><p:cNvSpPr/><p:nvPr/></p:nvSpPr><p:spPr><a:xfrm><a:off x="7952420" y="1494013"/><a:ext cx="1937090" cy="705726"/></a:xfrm><a:prstGeom prst="roundRect"><a:avLst/></a:prstGeom><a:ln/></p:spPr><p:style><a:lnRef idx="3"><a:schemeClr val="lt1"/></a:lnRef><a:fillRef idx="1"><a:schemeClr val="accent3"/></a:fillRef><a:effectRef idx="1"><a:schemeClr val="accent3"/></a:effectRef><a:fontRef idx="minor"><a:schemeClr val="lt1"/></a:fontRef></p:style><p:txBody><a:bodyPr rtlCol="0" anchor="ctr"/><a:lstStyle/><a:p><a:pPr algn="ctr"/><a:r><a:rPr lang="en-US" altLang="zh-CN"/><a:t>SimpleUrl</a:t></a:r></a:p><a:p><a:pPr algn="ctr"/><a:r><a:rPr lang="en-US" altLang="zh-CN"/><a:t>HandlerMapping</a:t></a:r><a:endParaRPr lang="zh-CN" altLang="en-US"/></a:p></p:txBody></p:sp><p:sp><p:nvSpPr><p:cNvPr id="16" name="矩形: 圆角 15"><a:extLst><a:ext uri="{FF2B5EF4-FFF2-40B4-BE49-F238E27FC236}"><a16:creationId xmlns:a16="http://schemas.microsoft.com/office/drawing/2014/main" id="{AF2F1562-544D-4A71-A077-EB1021FD4435}"/></a:ext></a:extLst></p:cNvPr><p:cNvSpPr/><p:nvPr/></p:nvSpPr><p:spPr><a:xfrm><a:off x="3904774" y="1506323"/><a:ext cx="1937090" cy="705726"/></a:xfrm><a:prstGeom prst="roundRect"><a:avLst/></a:prstGeom><a:ln/></p:spPr><p:style><a:lnRef idx="3"><a:schemeClr val="lt1"/></a:lnRef><a:fillRef idx="1"><a:schemeClr val="accent3"/></a:fillRef><a:effectRef idx="1"><a:schemeClr val="accent3"/></a:effectRef><a:fontRef idx="minor"><a:schemeClr val="lt1"/></a:fontRef></p:style><p:txBody><a:bodyPr rtlCol="0" anchor="ctr"/><a:lstStyle/><a:p><a:pPr algn="ctr"/><a:r><a:rPr lang="en-US" altLang="zh-CN"/><a:t>BeanNameUrl</a:t></a:r></a:p><a:p><a:pPr algn="ctr"/><a:r><a:rPr lang="en-US" altLang="zh-CN"/><a:t>HandlerMapping </a:t></a:r><a:endParaRPr lang="zh-CN" altLang="en-US"/></a:p></p:txBody></p:sp><p:sp><p:nvSpPr><p:cNvPr id="17" name="矩形: 圆角 16"><a:extLst><a:ext uri="{FF2B5EF4-FFF2-40B4-BE49-F238E27FC236}"><a16:creationId xmlns:a16="http://schemas.microsoft.com/office/drawing/2014/main" id="{DB738D7E-AA75-4D27-850F-DFFDB66544D0}"/></a:ext></a:extLst></p:cNvPr><p:cNvSpPr/><p:nvPr/></p:nvSpPr><p:spPr><a:xfrm><a:off x="4838542" y="867468"/><a:ext cx="2180110" cy="449856"/></a:xfrm><a:prstGeom prst="roundRect"><a:avLst/></a:prstGeom><a:solidFill><a:schemeClr val="accent5"><a:lumMod val="60000"/><a:lumOff val="40000"/></a:schemeClr></a:solidFill><a:ln w="38100"><a:solidFill><a:schemeClr val="bg1"/></a:solidFill><a:prstDash val="solid"/></a:ln></p:spPr><p:style><a:lnRef idx="1"><a:schemeClr val="accent2"/></a:lnRef><a:fillRef idx="3"><a:schemeClr val="accent2"/></a:fillRef><a:effectRef idx="2"><a:schemeClr val="accent2"/></a:effectRef><a:fontRef idx="minor"><a:schemeClr val="lt1"/></a:fontRef></p:style><p:txBody><a:bodyPr rtlCol="0" anchor="ctr"/><a:lstStyle/><a:p><a:pPr algn="ctr"/><a:r><a:rPr lang="en-US" altLang="zh-CN"/><a:t>DispatcherServlet</a:t></a:r><a:endParaRPr lang="zh-CN" altLang="en-US"/></a:p></p:txBody></p:sp><p:sp><p:nvSpPr><p:cNvPr id="11" name="矩形: 圆角 10"><a:extLst><a:ext uri="{FF2B5EF4-FFF2-40B4-BE49-F238E27FC236}"><a16:creationId xmlns:a16="http://schemas.microsoft.com/office/drawing/2014/main" id="{31C63829-BB58-4A4E-A08C-96CA898304DF}"/></a:ext></a:extLst></p:cNvPr><p:cNvSpPr/><p:nvPr/></p:nvSpPr><p:spPr><a:xfrm><a:off x="4667032" y="2329266"/><a:ext cx="1174832" cy="357120"/></a:xfrm><a:prstGeom prst="roundRect"><a:avLst/></a:prstGeom><a:ln><a:headEnd type="none" w="med" len="med"/><a:tailEnd type="none" w="med" len="med"/></a:ln></p:spPr><p:style><a:lnRef idx="2"><a:schemeClr val="accent1"/></a:lnRef><a:fillRef idx="1"><a:schemeClr val="lt1"/></a:fillRef><a:effectRef idx="0"><a:schemeClr val="accent1"/></a:effectRef><a:fontRef idx="minor"><a:schemeClr val="dk1"/></a:fontRef></p:style><p:txBody><a:bodyPr rtlCol="0" anchor="ctr"/><a:lstStyle/><a:p><a:pPr algn="ctr"/><a:r><a:rPr lang="en-US" altLang="zh-CN" sz="1600"/><a:t>Controller</a:t></a:r><a:endParaRPr lang="zh-CN" altLang="en-US" sz="1600"/></a:p></p:txBody></p:sp><p:sp><p:nvSpPr><p:cNvPr id="12" name="矩形: 圆角 11"><a:extLst><a:ext uri="{FF2B5EF4-FFF2-40B4-BE49-F238E27FC236}"><a16:creationId xmlns:a16="http://schemas.microsoft.com/office/drawing/2014/main" id="{D3433714-F824-493A-B4F6-D05CA2FC4349}"/></a:ext></a:extLst></p:cNvPr><p:cNvSpPr/><p:nvPr/></p:nvSpPr><p:spPr><a:xfrm><a:off x="3904774" y="2296177"/><a:ext cx="726547" cy="395289"/></a:xfrm><a:prstGeom prst="roundRect"><a:avLst/></a:prstGeom><a:ln/></p:spPr><p:style><a:lnRef idx="3"><a:schemeClr val="lt1"/></a:lnRef><a:fillRef idx="1"><a:schemeClr val="accent1"/></a:fillRef><a:effectRef idx="1"><a:schemeClr val="accent1"/></a:effectRef><a:fontRef idx="minor"><a:schemeClr val="lt1"/></a:fontRef></p:style><p:txBody><a:bodyPr rtlCol="0" anchor="ctr"/><a:lstStyle/><a:p><a:pPr algn="ctr"/><a:r><a:rPr lang="en-US" altLang="zh-CN" sz="1600"/><a:t>/c1</a:t></a:r><a:endParaRPr lang="zh-CN" altLang="en-US" sz="1600"/></a:p></p:txBody></p:sp><p:sp><p:nvSpPr><p:cNvPr id="20" name="矩形: 圆角 19"><a:extLst><a:ext uri="{FF2B5EF4-FFF2-40B4-BE49-F238E27FC236}"><a16:creationId xmlns:a16="http://schemas.microsoft.com/office/drawing/2014/main" id="{8B8DF628-C57F-4CD1-ADF4-B5527C3512EF}"/></a:ext></a:extLst></p:cNvPr><p:cNvSpPr/><p:nvPr/></p:nvSpPr><p:spPr><a:xfrm><a:off x="2220427" y="2316011"/><a:ext cx="1591602" cy="355620"/></a:xfrm><a:prstGeom prst="roundRect"><a:avLst/></a:prstGeom><a:ln><a:headEnd type="none" w="med" len="med"/><a:tailEnd type="none" w="med" len="med"/></a:ln></p:spPr><p:style><a:lnRef idx="2"><a:schemeClr val="accent1"/></a:lnRef><a:fillRef idx="1"><a:schemeClr val="lt1"/></a:fillRef><a:effectRef idx="0"><a:schemeClr val="accent1"/></a:effectRef><a:fontRef idx="minor"><a:schemeClr val="dk1"/></a:fontRef></p:style><p:txBody><a:bodyPr rtlCol="0" anchor="ctr"/><a:lstStyle/><a:p><a:pPr algn="ctr"/><a:r><a:rPr lang="en-US" altLang="zh-CN" sz="1600"/><a:t>HandlerMethod</a:t></a:r><a:endParaRPr lang="zh-CN" altLang="en-US" sz="1600"/></a:p></p:txBody></p:sp><p:sp><p:nvSpPr><p:cNvPr id="22" name="矩形: 圆角 21"><a:extLst><a:ext uri="{FF2B5EF4-FFF2-40B4-BE49-F238E27FC236}"><a16:creationId xmlns:a16="http://schemas.microsoft.com/office/drawing/2014/main" id="{4AC44BF2-11B7-4CBE-A495-C7F1E4F0445D}"/></a:ext></a:extLst></p:cNvPr><p:cNvSpPr/><p:nvPr/></p:nvSpPr><p:spPr><a:xfrm><a:off x="2220427" y="2822687"/><a:ext cx="1591602" cy="355620"/></a:xfrm><a:prstGeom prst="roundRect"><a:avLst/></a:prstGeom><a:ln><a:headEnd type="none" w="med" len="med"/><a:tailEnd type="none" w="med" len="med"/></a:ln></p:spPr><p:style><a:lnRef idx="2"><a:schemeClr val="accent1"/></a:lnRef><a:fillRef idx="1"><a:schemeClr val="lt1"/></a:fillRef><a:effectRef idx="0"><a:schemeClr val="accent1"/></a:effectRef><a:fontRef idx="minor"><a:schemeClr val="dk1"/></a:fontRef></p:style><p:txBody><a:bodyPr rtlCol="0" anchor="ctr"/><a:lstStyle/><a:p><a:pPr algn="ctr"/><a:r><a:rPr lang="en-US" altLang="zh-CN" sz="1600"/><a:t>HandlerMethod</a:t></a:r><a:endParaRPr lang="zh-CN" altLang="en-US" sz="1600"/></a:p></p:txBody></p:sp><p:sp><p:nvSpPr><p:cNvPr id="30" name="矩形: 圆角 29"><a:extLst><a:ext uri="{FF2B5EF4-FFF2-40B4-BE49-F238E27FC236}"><a16:creationId xmlns:a16="http://schemas.microsoft.com/office/drawing/2014/main" id="{CB86FC52-524D-4154-A3C4-CA2147AB030C}"/></a:ext></a:extLst></p:cNvPr><p:cNvSpPr/><p:nvPr/></p:nvSpPr><p:spPr><a:xfrm><a:off x="9026845" y="2306468"/><a:ext cx="2754184" cy="381461"/></a:xfrm><a:prstGeom prst="roundRect"><a:avLst/></a:prstGeom><a:ln><a:headEnd type="none" w="med" len="med"/><a:tailEnd type="none" w="med" len="med"/></a:ln></p:spPr><p:style><a:lnRef idx="2"><a:schemeClr val="accent1"/></a:lnRef><a:fillRef idx="1"><a:schemeClr val="lt1"/></a:fillRef><a:effectRef idx="0"><a:schemeClr val="accent1"/></a:effectRef><a:fontRef idx="minor"><a:schemeClr val="dk1"/></a:fontRef></p:style><p:txBody><a:bodyPr rtlCol="0" anchor="ctr"/><a:lstStyle/><a:p><a:pPr algn="ctr"/><a:r><a:rPr lang="en-US" altLang="zh-CN" sz="1600"><a:solidFill><a:schemeClr val="tx1"><a:lumMod val="65000"/><a:lumOff val="35000"/></a:schemeClr></a:solidFill></a:rPr><a:t>ResourceHttpRequestHandler</a:t></a:r><a:endParaRPr lang="zh-CN" altLang="en-US" sz="1600"/></a:p></p:txBody></p:sp><p:sp><p:nvSpPr><p:cNvPr id="27" name="矩形: 圆角 26"><a:extLst><a:ext uri="{FF2B5EF4-FFF2-40B4-BE49-F238E27FC236}"><a16:creationId xmlns:a16="http://schemas.microsoft.com/office/drawing/2014/main" id="{94AC4414-40E0-40D2-B35F-DDA326F0A0B0}"/></a:ext></a:extLst></p:cNvPr><p:cNvSpPr/><p:nvPr/></p:nvSpPr><p:spPr><a:xfrm><a:off x="7952420" y="2291097"/><a:ext cx="1173236" cy="395289"/></a:xfrm><a:prstGeom prst="roundRect"><a:avLst/></a:prstGeom><a:ln/></p:spPr><p:style><a:lnRef idx="3"><a:schemeClr val="lt1"/></a:lnRef><a:fillRef idx="1"><a:schemeClr val="accent1"/></a:fillRef><a:effectRef idx="1"><a:schemeClr val="accent1"/></a:effectRef><a:fontRef idx="minor"><a:schemeClr val="lt1"/></a:fontRef></p:style><p:txBody><a:bodyPr rtlCol="0" anchor="ctr"/><a:lstStyle/><a:p><a:pPr algn="ctr"/><a:r><a:rPr lang="en-US" altLang="zh-CN" sz="1600"/><a:t>/images/**</a:t></a:r><a:endParaRPr lang="zh-CN" altLang="en-US" sz="1600"/></a:p></p:txBody></p:sp><p:sp><p:nvSpPr><p:cNvPr id="26" name="矩形: 圆角 25"><a:extLst><a:ext uri="{FF2B5EF4-FFF2-40B4-BE49-F238E27FC236}"><a16:creationId xmlns:a16="http://schemas.microsoft.com/office/drawing/2014/main" id="{6422A3F2-E045-45D2-BC11-2067CB1DB51A}"/></a:ext></a:extLst></p:cNvPr><p:cNvSpPr/><p:nvPr/></p:nvSpPr><p:spPr><a:xfrm><a:off x="6252764" y="2812477"/><a:ext cx="1612923" cy="376204"/></a:xfrm><a:prstGeom prst="roundRect"><a:avLst/></a:prstGeom><a:ln><a:headEnd type="none" w="med" len="med"/><a:tailEnd type="none" w="med" len="med"/></a:ln></p:spPr><p:style><a:lnRef idx="2"><a:schemeClr val="accent1"/></a:lnRef><a:fillRef idx="1"><a:schemeClr val="lt1"/></a:fillRef><a:effectRef idx="0"><a:schemeClr val="accent1"/></a:effectRef><a:fontRef idx="minor"><a:schemeClr val="dk1"/></a:fontRef></p:style><p:txBody><a:bodyPr rtlCol="0" anchor="ctr"/><a:lstStyle/><a:p><a:pPr algn="ctr"/><a:r><a:rPr lang="en-US" altLang="zh-CN" sz="1600"><a:solidFill><a:schemeClr val="tx1"><a:lumMod val="65000"/><a:lumOff val="35000"/></a:schemeClr></a:solidFill></a:rPr><a:t>RouterFunction</a:t></a:r><a:endParaRPr lang="zh-CN" altLang="en-US" sz="1600"/></a:p></p:txBody></p:sp><p:sp><p:nvSpPr><p:cNvPr id="31" name="矩形: 圆角 30"><a:extLst><a:ext uri="{FF2B5EF4-FFF2-40B4-BE49-F238E27FC236}"><a16:creationId xmlns:a16="http://schemas.microsoft.com/office/drawing/2014/main" id="{F2A4EA57-9DF0-4083-946F-8AEE5FC226FB}"/></a:ext></a:extLst></p:cNvPr><p:cNvSpPr/><p:nvPr/></p:nvSpPr><p:spPr><a:xfrm><a:off x="5928597" y="2802852"/><a:ext cx="914365" cy="395289"/></a:xfrm><a:prstGeom prst="roundRect"><a:avLst/></a:prstGeom><a:ln/></p:spPr><p:style><a:lnRef idx="3"><a:schemeClr val="lt1"/></a:lnRef><a:fillRef idx="1"><a:schemeClr val="accent1"/></a:fillRef><a:effectRef idx="1"><a:schemeClr val="accent1"/></a:effectRef><a:fontRef idx="minor"><a:schemeClr val="lt1"/></a:fontRef></p:style><p:txBody><a:bodyPr rtlCol="0" anchor="ctr"/><a:lstStyle/><a:p><a:pPr algn="ctr"/><a:r><a:rPr lang="en-US" altLang="zh-CN" sz="1600"/><a:t>GET /r2</a:t></a:r><a:endParaRPr lang="zh-CN" altLang="en-US" sz="1600"/></a:p></p:txBody></p:sp><p:sp><p:nvSpPr><p:cNvPr id="32" name="矩形: 圆角 31"><a:extLst><a:ext uri="{FF2B5EF4-FFF2-40B4-BE49-F238E27FC236}"><a16:creationId xmlns:a16="http://schemas.microsoft.com/office/drawing/2014/main" id="{C58A2E4C-1C58-41CE-854A-11A8A26E5C6F}"/></a:ext></a:extLst></p:cNvPr><p:cNvSpPr/><p:nvPr/></p:nvSpPr><p:spPr><a:xfrm><a:off x="6339156" y="2329265"/><a:ext cx="1526532" cy="372491"/></a:xfrm><a:prstGeom prst="roundRect"><a:avLst/></a:prstGeom><a:ln><a:headEnd type="none" w="med" len="med"/><a:tailEnd type="none" w="med" len="med"/></a:ln></p:spPr><p:style><a:lnRef idx="2"><a:schemeClr val="accent1"/></a:lnRef><a:fillRef idx="1"><a:schemeClr val="lt1"/></a:fillRef><a:effectRef idx="0"><a:schemeClr val="accent1"/></a:effectRef><a:fontRef idx="minor"><a:schemeClr val="dk1"/></a:fontRef></p:style><p:txBody><a:bodyPr rtlCol="0" anchor="ctr"/><a:lstStyle/><a:p><a:pPr algn="ctr"/><a:r><a:rPr lang="en-US" altLang="zh-CN" sz="1600"><a:solidFill><a:schemeClr val="tx1"><a:lumMod val="65000"/><a:lumOff val="35000"/></a:schemeClr></a:solidFill></a:rPr><a:t>RouterFunction</a:t></a:r><a:endParaRPr lang="zh-CN" altLang="en-US" sz="1600"/></a:p></p:txBody></p:sp><p:sp><p:nvSpPr><p:cNvPr id="33" name="矩形: 圆角 32"><a:extLst><a:ext uri="{FF2B5EF4-FFF2-40B4-BE49-F238E27FC236}"><a16:creationId xmlns:a16="http://schemas.microsoft.com/office/drawing/2014/main" id="{0ABA0564-FFAB-435E-8503-2C225D967ED6}"/></a:ext></a:extLst></p:cNvPr><p:cNvSpPr/><p:nvPr/></p:nvSpPr><p:spPr><a:xfrm><a:off x="5928597" y="2306468"/><a:ext cx="914365" cy="395289"/></a:xfrm><a:prstGeom prst="roundRect"><a:avLst/></a:prstGeom><a:ln/></p:spPr><p:style><a:lnRef idx="3"><a:schemeClr val="lt1"/></a:lnRef><a:fillRef idx="1"><a:schemeClr val="accent1"/></a:fillRef><a:effectRef idx="1"><a:schemeClr val="accent1"/></a:effectRef><a:fontRef idx="minor"><a:schemeClr val="lt1"/></a:fontRef></p:style><p:txBody><a:bodyPr rtlCol="0" anchor="ctr"/><a:lstStyle/><a:p><a:pPr algn="ctr"/><a:r><a:rPr lang="en-US" altLang="zh-CN" sz="1600"/><a:t>GET /r1</a:t></a:r><a:endParaRPr lang="zh-CN" altLang="en-US" sz="1600"/></a:p></p:txBody></p:sp><p:sp><p:nvSpPr><p:cNvPr id="24" name="箭头: 右 23"><a:extLst><a:ext uri="{FF2B5EF4-FFF2-40B4-BE49-F238E27FC236}"><a16:creationId xmlns:a16="http://schemas.microsoft.com/office/drawing/2014/main" id="{2D14E068-D549-479F-A746-2987F24EACBA}"/></a:ext></a:extLst></p:cNvPr><p:cNvSpPr/><p:nvPr/></p:nvSpPr><p:spPr><a:xfrm><a:off x="410875" y="4040203"/><a:ext cx="2033941" cy="674972"/></a:xfrm><a:prstGeom prst="rightArrow"><a:avLst/></a:prstGeom><a:ln/></p:spPr><p:style><a:lnRef idx="2"><a:schemeClr val="accent2"/></a:lnRef><a:fillRef idx="1"><a:schemeClr val="lt1"/></a:fillRef><a:effectRef idx="0"><a:schemeClr val="accent2"/></a:effectRef><a:fontRef idx="minor"><a:schemeClr val="dk1"/></a:fontRef></p:style><p:txBody><a:bodyPr rtlCol="0" anchor="ctr"/><a:lstStyle/><a:p><a:pPr algn="ctr"/><a:r><a:rPr lang="en-US" altLang="zh-CN"/><a:t>request</a:t></a:r><a:r><a:rPr lang="zh-CN" altLang="en-US"/><a:t> </a:t></a:r><a:r><a:rPr lang="en-US" altLang="zh-CN"/><a:t>GET /c2</a:t></a:r><a:endParaRPr lang="zh-CN" altLang="en-US"/></a:p></p:txBody></p:sp><p:sp><p:nvSpPr><p:cNvPr id="29" name="矩形: 圆角 28"><a:extLst><a:ext uri="{FF2B5EF4-FFF2-40B4-BE49-F238E27FC236}"><a16:creationId xmlns:a16="http://schemas.microsoft.com/office/drawing/2014/main" id="{9B7C29F5-C189-40B3-9E66-12FAF2DE0872}"/></a:ext></a:extLst></p:cNvPr><p:cNvSpPr/><p:nvPr/></p:nvSpPr><p:spPr><a:xfrm><a:off x="4666663" y="2822687"/><a:ext cx="1174832" cy="357120"/></a:xfrm><a:prstGeom prst="roundRect"><a:avLst/></a:prstGeom><a:ln><a:headEnd type="none" w="med" len="med"/><a:tailEnd type="none" w="med" len="med"/></a:ln></p:spPr><p:style><a:lnRef idx="2"><a:schemeClr val="accent1"/></a:lnRef><a:fillRef idx="1"><a:schemeClr val="lt1"/></a:fillRef><a:effectRef idx="0"><a:schemeClr val="accent1"/></a:effectRef><a:fontRef idx="minor"><a:schemeClr val="dk1"/></a:fontRef></p:style><p:txBody><a:bodyPr rtlCol="0" anchor="ctr"/><a:lstStyle/><a:p><a:pPr algn="ctr"/><a:r><a:rPr lang="en-US" altLang="zh-CN" sz="1600"/><a:t>Controller</a:t></a:r><a:endParaRPr lang="zh-CN" altLang="en-US" sz="1600"/></a:p></p:txBody></p:sp><p:sp><p:nvSpPr><p:cNvPr id="34" name="矩形: 圆角 33"><a:extLst><a:ext uri="{FF2B5EF4-FFF2-40B4-BE49-F238E27FC236}"><a16:creationId xmlns:a16="http://schemas.microsoft.com/office/drawing/2014/main" id="{0097F316-9FB5-4C06-B750-952218F7BCB3}"/></a:ext></a:extLst></p:cNvPr><p:cNvSpPr/><p:nvPr/></p:nvSpPr><p:spPr><a:xfrm><a:off x="3904773" y="2803603"/><a:ext cx="726547" cy="395289"/></a:xfrm><a:prstGeom prst="roundRect"><a:avLst/></a:prstGeom><a:ln/></p:spPr><p:style><a:lnRef idx="3"><a:schemeClr val="lt1"/></a:lnRef><a:fillRef idx="1"><a:schemeClr val="accent1"/></a:fillRef><a:effectRef idx="1"><a:schemeClr val="accent1"/></a:effectRef><a:fontRef idx="minor"><a:schemeClr val="lt1"/></a:fontRef></p:style><p:txBody><a:bodyPr rtlCol="0" anchor="ctr"/><a:lstStyle/><a:p><a:pPr algn="ctr"/><a:r><a:rPr lang="en-US" altLang="zh-CN" sz="1600"/><a:t>/c2</a:t></a:r><a:endParaRPr lang="zh-CN" altLang="en-US" sz="1600"/></a:p></p:txBody></p:sp><p:sp><p:nvSpPr><p:cNvPr id="28" name="矩形: 圆角 27"><a:extLst><a:ext uri="{FF2B5EF4-FFF2-40B4-BE49-F238E27FC236}"><a16:creationId xmlns:a16="http://schemas.microsoft.com/office/drawing/2014/main" id="{B9655963-610D-45FF-8F80-D3A96ECE10EB}"/></a:ext></a:extLst></p:cNvPr><p:cNvSpPr/><p:nvPr/></p:nvSpPr><p:spPr><a:xfrm><a:off x="7952420" y="3334477"/><a:ext cx="1937090" cy="705726"/></a:xfrm><a:prstGeom prst="roundRect"><a:avLst/></a:prstGeom><a:ln/></p:spPr><p:style><a:lnRef idx="3"><a:schemeClr val="lt1"/></a:lnRef><a:fillRef idx="1"><a:schemeClr val="accent3"/></a:fillRef><a:effectRef idx="1"><a:schemeClr val="accent3"/></a:effectRef><a:fontRef idx="minor"><a:schemeClr val="lt1"/></a:fontRef></p:style><p:txBody><a:bodyPr rtlCol="0" anchor="ctr"/><a:lstStyle/><a:p><a:pPr algn="ctr"/><a:r><a:rPr lang="en-US" altLang="zh-CN"/><a:t>SimpleController</a:t></a:r></a:p><a:p><a:pPr algn="ctr"/><a:r><a:rPr lang="en-US" altLang="zh-CN"/><a:t>HandlerAdapter</a:t></a:r><a:endParaRPr lang="zh-CN" altLang="en-US"/></a:p></p:txBody></p:sp><p:sp><p:nvSpPr><p:cNvPr id="39" name="文本框 38"><a:extLst><a:ext uri="{FF2B5EF4-FFF2-40B4-BE49-F238E27FC236}"><a16:creationId xmlns:a16="http://schemas.microsoft.com/office/drawing/2014/main" id="{9B2AC7CF-0B8F-472C-8D16-A96E93810AFC}"/></a:ext></a:extLst></p:cNvPr><p:cNvSpPr txBox="1"/><p:nvPr/></p:nvSpPr><p:spPr><a:xfrm><a:off x="7985519" y="4923144"/><a:ext cx="1891440" cy="1323439"/></a:xfrm><a:prstGeom prst="rect"><a:avLst/></a:prstGeom><a:solidFill><a:srgbClr val="FFFFE4"/></a:solidFill><a:ln w="9525"><a:solidFill><a:schemeClr val="tx1"/></a:solidFill></a:ln><a:effectLst><a:outerShdw blurRad="50800" dist="38100" dir="5400000" algn="t" rotWithShape="0"><a:prstClr val="black"><a:alpha val="40000"/></a:prstClr></a:outerShdw></a:effectLst></p:spPr><p:txBody><a:bodyPr wrap="square" rtlCol="0"><a:spAutoFit/></a:bodyPr><a:lstStyle/><a:p><a:pPr fontAlgn="auto"><a:spcBef><a:spcPts val="0"/></a:spcBef><a:spcAft><a:spcPts val="0"/></a:spcAft></a:pPr><a:r><a:rPr lang="en-US" altLang="zh-CN" sz="1600"><a:solidFill><a:schemeClr val="tx1"><a:lumMod val="65000"/><a:lumOff val="35000"/></a:schemeClr></a:solidFill><a:latin typeface="+mn-lt"/><a:ea typeface="+mn-ea"/></a:rPr><a:t>&lt;html&gt;</a:t></a:r></a:p><a:p><a:pPr fontAlgn="auto"><a:spcBef><a:spcPts val="0"/></a:spcBef><a:spcAft><a:spcPts val="0"/></a:spcAft></a:pPr><a:r><a:rPr lang="en-US" altLang="zh-CN" sz="1600"><a:solidFill><a:schemeClr val="tx1"><a:lumMod val="65000"/><a:lumOff val="35000"/></a:schemeClr></a:solidFill></a:rPr><a:t>    &lt;body&gt;</a:t></a:r></a:p><a:p><a:pPr fontAlgn="auto"><a:spcBef><a:spcPts val="0"/></a:spcBef><a:spcAft><a:spcPts val="0"/></a:spcAft></a:pPr><a:r><a:rPr lang="en-US" altLang="zh-CN" sz="1600"><a:solidFill><a:schemeClr val="tx1"><a:lumMod val="65000"/><a:lumOff val="35000"/></a:schemeClr></a:solidFill></a:rPr><a:t>        hello, </a:t></a:r><a:r><a:rPr lang="zh-CN" altLang="en-US" sz="1600" b="1"><a:solidFill><a:schemeClr val="accent2"/></a:solidFill><a:ea typeface="Alibaba PuHuiTi B"/></a:rPr><a:t>张三</a:t></a:r><a:endParaRPr lang="en-US" altLang="zh-CN" sz="1600" b="1"><a:solidFill><a:schemeClr val="accent2"/></a:solidFill><a:ea typeface="Alibaba PuHuiTi B"/></a:endParaRPr></a:p><a:p><a:pPr fontAlgn="auto"><a:spcBef><a:spcPts val="0"/></a:spcBef><a:spcAft><a:spcPts val="0"/></a:spcAft></a:pPr><a:r><a:rPr lang="en-US" altLang="zh-CN" sz="1600"><a:solidFill><a:schemeClr val="tx1"><a:lumMod val="65000"/><a:lumOff val="35000"/></a:schemeClr></a:solidFill><a:latin typeface="+mn-lt"/><a:ea typeface="+mn-ea"/></a:rPr><a:t>    &lt;/body&gt;</a:t></a:r></a:p><a:p><a:pPr fontAlgn="auto"><a:spcBef><a:spcPts val="0"/></a:spcBef><a:spcAft><a:spcPts val="0"/></a:spcAft></a:pPr><a:r><a:rPr lang="en-US" altLang="zh-CN" sz="1600"><a:solidFill><a:schemeClr val="tx1"><a:lumMod val="65000"/><a:lumOff val="35000"/></a:schemeClr></a:solidFill></a:rPr><a:t>&lt;/html&gt;</a:t></a:r><a:endParaRPr lang="zh-CN" altLang="en-US" sz="1600" dirty="0"><a:solidFill><a:schemeClr val="tx1"><a:lumMod val="65000"/><a:lumOff val="35000"/></a:schemeClr></a:solidFill><a:latin typeface="+mn-lt"/><a:ea typeface="+mn-ea"/></a:endParaRPr></a:p></p:txBody></p:sp><p:sp><p:nvSpPr><p:cNvPr id="40" name="矩形: 圆角 39"><a:extLst><a:ext uri="{FF2B5EF4-FFF2-40B4-BE49-F238E27FC236}"><a16:creationId xmlns:a16="http://schemas.microsoft.com/office/drawing/2014/main" id="{83A2BBCF-4C8B-4086-A674-02B5BD411B85}"/></a:ext></a:extLst></p:cNvPr><p:cNvSpPr/><p:nvPr/></p:nvSpPr><p:spPr><a:xfrm><a:off x="7952421" y="4527855"/><a:ext cx="1937090" cy="395289"/></a:xfrm><a:prstGeom prst="roundRect"><a:avLst/></a:prstGeom><a:ln/></p:spPr><p:style><a:lnRef idx="3"><a:schemeClr val="lt1"/></a:lnRef><a:fillRef idx="1"><a:schemeClr val="accent3"/></a:fillRef><a:effectRef idx="1"><a:schemeClr val="accent3"/></a:effectRef><a:fontRef idx="minor"><a:schemeClr val="lt1"/></a:fontRef></p:style><p:txBody><a:bodyPr rtlCol="0" anchor="ctr"/><a:lstStyle/><a:p><a:pPr algn="ctr"/><a:r><a:rPr lang="en-US" altLang="zh-CN"/><a:t>ModelAndView</a:t></a:r><a:endParaRPr lang="zh-CN" altLang="en-US"/></a:p></p:txBody></p:sp><p:sp><p:nvSpPr><p:cNvPr id="4" name="箭头: 左 3"><a:extLst><a:ext uri="{FF2B5EF4-FFF2-40B4-BE49-F238E27FC236}"><a16:creationId xmlns:a16="http://schemas.microsoft.com/office/drawing/2014/main" id="{5535D06F-1379-4DAD-B6F2-0F15B578D752}"/></a:ext></a:extLst></p:cNvPr><p:cNvSpPr/><p:nvPr/></p:nvSpPr><p:spPr><a:xfrm><a:off x="410876" y="5261040"/><a:ext cx="7541544" cy="619089"/></a:xfrm><a:prstGeom prst="leftArrow"><a:avLst/></a:prstGeom><a:ln/></p:spPr><p:style><a:lnRef idx="2"><a:schemeClr val="accent2"/></a:lnRef><a:fillRef idx="1"><a:schemeClr val="lt1"/></a:fillRef><a:effectRef idx="0"><a:schemeClr val="accent2"/></a:effectRef><a:fontRef idx="minor"><a:schemeClr val="dk1"/></a:fontRef></p:style><p:txBody><a:bodyPr rtlCol="0" anchor="ctr"/><a:lstStyle/><a:p><a:pPr algn="ctr"/><a:r><a:rPr lang="en-US" altLang="zh-CN"><a:solidFill><a:schemeClr val="dk1"/></a:solidFill></a:rPr><a:t>response</a:t></a:r><a:endParaRPr lang="zh-CN" altLang="en-US"><a:solidFill><a:schemeClr val="dk1"/></a:solidFill></a:endParaRPr></a:p></p:txBody></p:sp><p:sp><p:nvSpPr><p:cNvPr id="38" name="矩形: 圆角 37"><a:extLst><a:ext uri="{FF2B5EF4-FFF2-40B4-BE49-F238E27FC236}"><a16:creationId xmlns:a16="http://schemas.microsoft.com/office/drawing/2014/main" id="{D2D8A8C8-CD5B-4708-90B2-CCFFD8FA0695}"/></a:ext></a:extLst></p:cNvPr><p:cNvSpPr/><p:nvPr/></p:nvSpPr><p:spPr><a:xfrm><a:off x="1273996" y="2296177"/><a:ext cx="1009333" cy="355621"/></a:xfrm><a:prstGeom prst="roundRect"><a:avLst/></a:prstGeom><a:ln/></p:spPr><p:style><a:lnRef idx="3"><a:schemeClr val="lt1"/></a:lnRef><a:fillRef idx="1"><a:schemeClr val="accent1"/></a:fillRef><a:effectRef idx="1"><a:schemeClr val="accent1"/></a:effectRef><a:fontRef idx="minor"><a:schemeClr val="lt1"/></a:fontRef></p:style><p:txBody><a:bodyPr rtlCol="0" anchor="ctr"/><a:lstStyle/><a:p><a:pPr algn="ctr"/><a:r><a:rPr lang="en-US" altLang="zh-CN" sz="1600"/><a:t>GET /t1</a:t></a:r><a:endParaRPr lang="zh-CN" altLang="en-US" sz="1600"/></a:p></p:txBody></p:sp><p:sp><p:nvSpPr><p:cNvPr id="41" name="矩形: 圆角 40"><a:extLst><a:ext uri="{FF2B5EF4-FFF2-40B4-BE49-F238E27FC236}"><a16:creationId xmlns:a16="http://schemas.microsoft.com/office/drawing/2014/main" id="{B1BC1396-BA3A-4470-B3A2-7157E7170601}"/></a:ext></a:extLst></p:cNvPr><p:cNvSpPr/><p:nvPr/></p:nvSpPr><p:spPr><a:xfrm><a:off x="1273996" y="2802852"/><a:ext cx="1009334" cy="395289"/></a:xfrm><a:prstGeom prst="roundRect"><a:avLst/></a:prstGeom><a:ln/></p:spPr><p:style><a:lnRef idx="3"><a:schemeClr val="lt1"/></a:lnRef><a:fillRef idx="1"><a:schemeClr val="accent1"/></a:fillRef><a:effectRef idx="1"><a:schemeClr val="accent1"/></a:effectRef><a:fontRef idx="minor"><a:schemeClr val="lt1"/></a:fontRef></p:style><p:txBody><a:bodyPr rtlCol="0" anchor="ctr"/><a:lstStyle/><a:p><a:pPr algn="ctr"/><a:r><a:rPr lang="en-US" altLang="zh-CN" sz="1600"/><a:t>POST /t2</a:t></a:r><a:endParaRPr lang="zh-CN" altLang="en-US" sz="1600"/></a:p></p:txBody></p:sp><p:sp><p:nvSpPr><p:cNvPr id="42" name="矩形: 圆角 41"><a:extLst><a:ext uri="{FF2B5EF4-FFF2-40B4-BE49-F238E27FC236}"><a16:creationId xmlns:a16="http://schemas.microsoft.com/office/drawing/2014/main" id="{7B1EA205-557F-48CC-83EA-4189DD4D9866}"/></a:ext></a:extLst></p:cNvPr><p:cNvSpPr/><p:nvPr/></p:nvSpPr><p:spPr><a:xfrm><a:off x="2553281" y="4040203"/><a:ext cx="2954140" cy="1238007"/></a:xfrm><a:prstGeom prst="roundRect"><a:avLst/></a:prstGeom><a:ln/></p:spPr><p:style><a:lnRef idx="3"><a:schemeClr val="lt1"/></a:lnRef><a:fillRef idx="1"><a:schemeClr val="accent3"/></a:fillRef><a:effectRef idx="1"><a:schemeClr val="accent3"/></a:effectRef><a:fontRef idx="minor"><a:schemeClr val="lt1"/></a:fontRef></p:style><p:txBody><a:bodyPr rtlCol="0" anchor="ctr"/><a:lstStyle/><a:p><a:pPr algn="ctr"/><a:endParaRPr lang="en-US" altLang="zh-CN"/></a:p><a:p><a:pPr algn="ctr"/><a:endParaRPr lang="en-US" altLang="zh-CN"/></a:p><a:p><a:pPr algn="ctr"/><a:r><a:rPr lang="en-US" altLang="zh-CN"/><a:t>HandlerInterceptor</a:t></a:r><a:endParaRPr lang="zh-CN" altLang="en-US"/></a:p></p:txBody></p:sp><p:grpSp><p:nvGrpSpPr><p:cNvPr id="43" name="组合 42"><a:extLst><a:ext uri="{FF2B5EF4-FFF2-40B4-BE49-F238E27FC236}"><a16:creationId xmlns:a16="http://schemas.microsoft.com/office/drawing/2014/main" id="{5F136254-8240-4690-BEA8-7EF856280FF8}"/></a:ext></a:extLst></p:cNvPr><p:cNvGrpSpPr/><p:nvPr/></p:nvGrpSpPr><p:grpSpPr><a:xfrm><a:off x="3093520" y="4318031"/><a:ext cx="1936722" cy="395289"/><a:chOff x="6516381" y="3869143"/><a:chExt cx="1936722" cy="395289"/></a:xfrm></p:grpSpPr><p:sp><p:nvSpPr><p:cNvPr id="44" name="矩形: 圆角 43"><a:extLst><a:ext uri="{FF2B5EF4-FFF2-40B4-BE49-F238E27FC236}"><a16:creationId xmlns:a16="http://schemas.microsoft.com/office/drawing/2014/main" id="{12502B7A-6F77-4060-966C-FC88E19867D9}"/></a:ext></a:extLst></p:cNvPr><p:cNvSpPr/><p:nvPr/></p:nvSpPr><p:spPr><a:xfrm><a:off x="7278271" y="3888227"/><a:ext cx="1174832" cy="357120"/></a:xfrm><a:prstGeom prst="roundRect"><a:avLst/></a:prstGeom><a:ln><a:headEnd type="none" w="med" len="med"/><a:tailEnd type="none" w="med" len="med"/></a:ln></p:spPr><p:style><a:lnRef idx="2"><a:schemeClr val="accent1"/></a:lnRef><a:fillRef idx="1"><a:schemeClr val="lt1"/></a:fillRef><a:effectRef idx="0"><a:schemeClr val="accent1"/></a:effectRef><a:fontRef idx="minor"><a:schemeClr val="dk1"/></a:fontRef></p:style><p:txBody><a:bodyPr rtlCol="0" anchor="ctr"/><a:lstStyle/><a:p><a:pPr algn="ctr"/><a:r><a:rPr lang="en-US" altLang="zh-CN" sz="1600"/><a:t>Controller</a:t></a:r><a:endParaRPr lang="zh-CN" altLang="en-US" sz="1600"/></a:p></p:txBody></p:sp><p:sp><p:nvSpPr><p:cNvPr id="45" name="矩形: 圆角 44"><a:extLst><a:ext uri="{FF2B5EF4-FFF2-40B4-BE49-F238E27FC236}"><a16:creationId xmlns:a16="http://schemas.microsoft.com/office/drawing/2014/main" id="{A9D7669B-4E3F-4639-B6E8-B13513F20722}"/></a:ext></a:extLst></p:cNvPr><p:cNvSpPr/><p:nvPr/></p:nvSpPr><p:spPr><a:xfrm><a:off x="6516381" y="3869143"/><a:ext cx="726547" cy="395289"/></a:xfrm><a:prstGeom prst="roundRect"><a:avLst/></a:prstGeom><a:ln/></p:spPr><p:style><a:lnRef idx="3"><a:schemeClr val="lt1"/></a:lnRef><a:fillRef idx="1"><a:schemeClr val="accent1"/></a:fillRef><a:effectRef idx="1"><a:schemeClr val="accent1"/></a:effectRef><a:fontRef idx="minor"><a:schemeClr val="lt1"/></a:fontRef></p:style><p:txBody><a:bodyPr rtlCol="0" anchor="ctr"/><a:lstStyle/><a:p><a:pPr algn="ctr"/><a:r><a:rPr lang="en-US" altLang="zh-CN" sz="1600"/><a:t>/c2</a:t></a:r><a:endParaRPr lang="zh-CN" altLang="en-US" sz="1600"/></a:p></p:txBody></p:sp></p:grpSp><p:sp><p:nvSpPr><p:cNvPr id="46" name="矩形: 圆角 45"><a:extLst><a:ext uri="{FF2B5EF4-FFF2-40B4-BE49-F238E27FC236}"><a16:creationId xmlns:a16="http://schemas.microsoft.com/office/drawing/2014/main" id="{93798752-C436-42BD-95E0-52DAE346875B}"/></a:ext></a:extLst></p:cNvPr><p:cNvSpPr/><p:nvPr/></p:nvSpPr><p:spPr><a:xfrm><a:off x="5029351" y="4810837"/><a:ext cx="1737209" cy="357120"/></a:xfrm><a:prstGeom prst="roundRect"><a:avLst/></a:prstGeom><a:ln><a:headEnd type="none" w="med" len="med"/><a:tailEnd type="none" w="med" len="med"/></a:ln></p:spPr><p:style><a:lnRef idx="2"><a:schemeClr val="accent1"/></a:lnRef><a:fillRef idx="1"><a:schemeClr val="lt1"/></a:fillRef><a:effectRef idx="0"><a:schemeClr val="accent1"/></a:effectRef><a:fontRef idx="minor"><a:schemeClr val="dk1"/></a:fontRef></p:style><p:txBody><a:bodyPr rtlCol="0" anchor="ctr"/><a:lstStyle/><a:p><a:pPr algn="ctr"/><a:r><a:rPr lang="en-US" altLang="zh-CN" sz="1600"/><a:t>afterCompletion()</a:t></a:r><a:endParaRPr lang="zh-CN" altLang="en-US" sz="1600"/></a:p></p:txBody></p:sp></p:spTree><p:extLst><p:ext uri="{BB962C8B-B14F-4D97-AF65-F5344CB8AC3E}"><p14:creationId xmlns:p14="http://schemas.microsoft.com/office/powerpoint/2010/main" val="928192678"/></p:ext></p:extLst></p:cSld><p:clrMapOvr><a:masterClrMapping/></p:clrMapOvr><mc:AlternateContent xmlns:mc="http://schemas.openxmlformats.org/markup-compatibility/2006" xmlns:p159="http://schemas.microsoft.com/office/powerpoint/2015/09/main"><mc:Choice Requires="p159"><p:transition><p159:morph option="byObject"/></p:transition></mc:Choice><mc:Fallback xmlns=""><p:transition><p:fade/></p:transition></mc:Fallback></mc:AlternateContent><p:timing><p:tnLst><p:par><p:cTn id="1" dur="indefinite" restart="never" nodeType="tmRoot"><p:childTnLst><p:seq concurrent="1" nextAc="seek"><p:cTn id="2" dur="indefinite" nodeType="mainSeq"><p:childTnLst><p:par><p:cTn id="3" fill="hold"><p:stCondLst><p:cond delay="indefinite"/><p:cond evt="onBegin" delay="0"><p:tn val="2"/></p:cond></p:stCondLst><p:childTnLst><p:par><p:cTn id="4" fill="hold"><p:stCondLst><p:cond delay="0"/></p:stCondLst><p:childTnLst><p:par><p:cTn id="5" presetID="22" presetClass="entr" presetSubtype="8" fill="hold" grpId="0" nodeType="afterEffect"><p:stCondLst><p:cond delay="0"/></p:stCondLst><p:childTnLst><p:set><p:cBhvr><p:cTn id="6" dur="1" fill="hold"><p:stCondLst><p:cond delay="0"/></p:stCondLst></p:cTn><p:tgtEl><p:spTgt spid="46"/></p:tgtEl><p:attrNameLst><p:attrName>style.visibility</p:attrName></p:attrNameLst></p:cBhvr><p:to><p:strVal val="visible"/></p:to></p:set><p:animEffect transition="in" filter="wipe(left)"><p:cBhvr><p:cTn id="7" dur="500"/><p:tgtEl><p:spTgt spid="46"/></p:tgtEl></p:cBhvr></p:animEffect></p:childTnLst></p:cTn></p:par></p:childTnLst></p:cTn></p:par></p:childTnLst></p:cTn></p:par></p:childTnLst></p:cTn><p:prevCondLst><p:cond evt="onPrev" delay="0"><p:tgtEl><p:sldTgt/></p:tgtEl></p:cond></p:prevCondLst><p:nextCondLst><p:cond evt="onNext" delay="0"><p:tgtEl><p:sldTgt/></p:tgtEl></p:cond></p:nextCondLst></p:seq></p:childTnLst></p:cTn></p:par></p:tnLst><p:bldLst><p:bldP spid="46" grpId="0" animBg="1"/></p:bldLst></p:timing></p:sld>