<?xml version="1.0" encoding="UTF-8" standalone="yes"?>
<p:sld xmlns:a="http://schemas.openxmlformats.org/drawingml/2006/main" xmlns:r="http://schemas.openxmlformats.org/officeDocument/2006/relationships" xmlns:p="http://schemas.openxmlformats.org/presentationml/2006/main"><p:cSld><p:spTree><p:nvGrpSpPr><p:cNvPr id="1" name=""/><p:cNvGrpSpPr/><p:nvPr/></p:nvGrpSpPr><p:grpSpPr><a:xfrm><a:off x="0" y="0"/><a:ext cx="0" cy="0"/><a:chOff x="0" y="0"/><a:chExt cx="0" cy="0"/></a:xfrm></p:grpSpPr><p:sp><p:nvSpPr><p:cNvPr id="5" name="标题 1"><a:extLst><a:ext uri="{FF2B5EF4-FFF2-40B4-BE49-F238E27FC236}"><a16:creationId xmlns:a16="http://schemas.microsoft.com/office/drawing/2014/main" id="{BD098B61-ABE9-43C6-975A-F0D63E65D882}"/></a:ext></a:extLst></p:cNvPr><p:cNvSpPr txBox="1"><a:spLocks/></p:cNvSpPr><p:nvPr/></p:nvSpPr><p:spPr><a:xfrm><a:off x="4624070" y="1958977"/><a:ext cx="7005955" cy="684212"/></a:xfrm><a:prstGeom prst="rect"><a:avLst/></a:prstGeom></p:spPr><p:txBody><a:bodyPr/><a:lstStyle><a:lvl1pPr algn="l" rtl="0" eaLnBrk="0" fontAlgn="base" hangingPunct="0"><a:spcBef><a:spcPct val="0"/></a:spcBef><a:spcAft><a:spcPct val="0"/></a:spcAft><a:defRPr sz="3200" b="1" kern="1200"><a:solidFill><a:schemeClr val="tx1"/></a:solidFill><a:latin typeface="黑体" panose="02010609060101010101" pitchFamily="49" charset="-122"/><a:ea typeface="黑体" panose="02010609060101010101" pitchFamily="49" charset="-122"/><a:cs typeface="+mj-cs"/></a:defRPr></a:lvl1pPr><a:lvl2pPr algn="l" rtl="0" eaLnBrk="0" fontAlgn="base" hangingPunct="0"><a:spcBef><a:spcPct val="0"/></a:spcBef><a:spcAft><a:spcPct val="0"/></a:spcAft><a:defRPr sz="3200" b="1"><a:solidFill><a:schemeClr val="tx1"/></a:solidFill><a:latin typeface="黑体" panose="02010609060101010101" pitchFamily="49" charset="-122"/><a:ea typeface="黑体" panose="02010609060101010101" pitchFamily="49" charset="-122"/></a:defRPr></a:lvl2pPr><a:lvl3pPr algn="l" rtl="0" eaLnBrk="0" fontAlgn="base" hangingPunct="0"><a:spcBef><a:spcPct val="0"/></a:spcBef><a:spcAft><a:spcPct val="0"/></a:spcAft><a:defRPr sz="3200" b="1"><a:solidFill><a:schemeClr val="tx1"/></a:solidFill><a:latin typeface="黑体" panose="02010609060101010101" pitchFamily="49" charset="-122"/><a:ea typeface="黑体" panose="02010609060101010101" pitchFamily="49" charset="-122"/></a:defRPr></a:lvl3pPr><a:lvl4pPr algn="l" rtl="0" eaLnBrk="0" fontAlgn="base" hangingPunct="0"><a:spcBef><a:spcPct val="0"/></a:spcBef><a:spcAft><a:spcPct val="0"/></a:spcAft><a:defRPr sz="3200" b="1"><a:solidFill><a:schemeClr val="tx1"/></a:solidFill><a:latin typeface="黑体" panose="02010609060101010101" pitchFamily="49" charset="-122"/><a:ea typeface="黑体" panose="02010609060101010101" pitchFamily="49" charset="-122"/></a:defRPr></a:lvl4pPr><a:lvl5pPr algn="l" rtl="0" eaLnBrk="0" fontAlgn="base" hangingPunct="0"><a:spcBef><a:spcPct val="0"/></a:spcBef><a:spcAft><a:spcPct val="0"/></a:spcAft><a:defRPr sz="3200" b="1"><a:solidFill><a:schemeClr val="tx1"/></a:solidFill><a:latin typeface="黑体" panose="02010609060101010101" pitchFamily="49" charset="-122"/><a:ea typeface="黑体" panose="02010609060101010101" pitchFamily="49" charset="-122"/></a:defRPr></a:lvl5pPr><a:lvl6pPr marL="609600" algn="l" rtl="0" fontAlgn="base"><a:spcBef><a:spcPct val="0"/></a:spcBef><a:spcAft><a:spcPct val="0"/></a:spcAft><a:defRPr sz="3200" b="1"><a:solidFill><a:schemeClr val="tx1"/></a:solidFill><a:latin typeface="黑体" panose="02010609060101010101" pitchFamily="49" charset="-122"/><a:ea typeface="黑体" panose="02010609060101010101" pitchFamily="49" charset="-122"/></a:defRPr></a:lvl6pPr><a:lvl7pPr marL="1219200" algn="l" rtl="0" fontAlgn="base"><a:spcBef><a:spcPct val="0"/></a:spcBef><a:spcAft><a:spcPct val="0"/></a:spcAft><a:defRPr sz="3200" b="1"><a:solidFill><a:schemeClr val="tx1"/></a:solidFill><a:latin typeface="黑体" panose="02010609060101010101" pitchFamily="49" charset="-122"/><a:ea typeface="黑体" panose="02010609060101010101" pitchFamily="49" charset="-122"/></a:defRPr></a:lvl7pPr><a:lvl8pPr marL="1828800" algn="l" rtl="0" fontAlgn="base"><a:spcBef><a:spcPct val="0"/></a:spcBef><a:spcAft><a:spcPct val="0"/></a:spcAft><a:defRPr sz="3200" b="1"><a:solidFill><a:schemeClr val="tx1"/></a:solidFill><a:latin typeface="黑体" panose="02010609060101010101" pitchFamily="49" charset="-122"/><a:ea typeface="黑体" panose="02010609060101010101" pitchFamily="49" charset="-122"/></a:defRPr></a:lvl8pPr><a:lvl9pPr marL="2438400" algn="l" rtl="0" fontAlgn="base"><a:spcBef><a:spcPct val="0"/></a:spcBef><a:spcAft><a:spcPct val="0"/></a:spcAft><a:defRPr sz="3200" b="1"><a:solidFill><a:schemeClr val="tx1"/></a:solidFill><a:latin typeface="黑体" panose="02010609060101010101" pitchFamily="49" charset="-122"/><a:ea typeface="黑体" panose="02010609060101010101" pitchFamily="49" charset="-122"/></a:defRPr></a:lvl9pPr></a:lstStyle><a:p><a:r><a:rPr kumimoji="1" lang="en-US" altLang="zh-CN"/><a:t>49.</a:t></a:r><a:r><a:rPr kumimoji="1" lang="zh-CN" altLang="en-US"/><a:t>事件</a:t></a:r><a:r><a:rPr kumimoji="1" lang="en-US" altLang="zh-CN"/><a:t>–</a:t></a:r><a:r><a:rPr kumimoji="1" lang="zh-CN" altLang="en-US"/><a:t>发布器</a:t></a:r></a:p></p:txBody></p:sp><p:sp><p:nvSpPr><p:cNvPr id="6" name="文本占位符 3"><a:extLst><a:ext uri="{FF2B5EF4-FFF2-40B4-BE49-F238E27FC236}"><a16:creationId xmlns:a16="http://schemas.microsoft.com/office/drawing/2014/main" id="{E16DF29B-AC6C-4A36-B422-41C016D73334}"/></a:ext></a:extLst></p:cNvPr><p:cNvSpPr txBox="1"><a:spLocks/></p:cNvSpPr><p:nvPr/></p:nvSpPr><p:spPr><a:xfrm><a:off x="4624070" y="2643189"/><a:ext cx="7005955" cy="1571624"/></a:xfrm><a:prstGeom prst="rect"><a:avLst/></a:prstGeom></p:spPr><p:txBody><a:bodyPr anchor="ctr"/><a:lstStyle><a:lvl1pPr marL="457200" marR="0" indent="-457200" algn="l" defTabSz="914400" rtl="0" eaLnBrk="0" fontAlgn="base" latinLnBrk="0" hangingPunct="0"><a:lnSpc><a:spcPct val="200000"/></a:lnSpc><a:spcBef><a:spcPct val="20000"/></a:spcBef><a:spcAft><a:spcPct val="0"/></a:spcAft><a:buClrTx/><a:buSzTx/><a:buFont typeface="+mj-lt"/><a:buAutoNum type="arabicPeriod"/><a:defRPr sz="1800" b="0" i="0" kern="1200"><a:solidFill><a:schemeClr val="tx1"><a:lumMod val="75000"/><a:lumOff val="25000"/></a:schemeClr></a:solidFill><a:latin typeface="Alibaba PuHuiTi R" pitchFamily="18" charset="-122"/><a:ea typeface="Alibaba PuHuiTi R" pitchFamily="18" charset="-122"/><a:cs typeface="Alibaba PuHuiTi R" pitchFamily="18" charset="-122"/></a:defRPr></a:lvl1pPr><a:lvl2pPr marL="609600" indent="0" algn="l" rtl="0" eaLnBrk="0" fontAlgn="base" hangingPunct="0"><a:spcBef><a:spcPct val="20000"/></a:spcBef><a:spcAft><a:spcPct val="0"/></a:spcAft><a:buFont typeface="Arial" panose="020B0604020202020204" pitchFamily="34" charset="0"/><a:buNone/><a:defRPr b="1" kern="1200"><a:solidFill><a:schemeClr val="tx1"/></a:solidFill><a:latin typeface="黑体" panose="02010609060101010101" pitchFamily="49" charset="-122"/><a:ea typeface="黑体" panose="02010609060101010101" pitchFamily="49" charset="-122"/><a:cs typeface="+mn-cs"/></a:defRPr></a:lvl2pPr><a:lvl3pPr marL="1524000" indent="-304800" algn="l" rtl="0" eaLnBrk="0" fontAlgn="base" hangingPunct="0"><a:spcBef><a:spcPct val="20000"/></a:spcBef><a:spcAft><a:spcPct val="0"/></a:spcAft><a:buFont typeface="Arial" panose="020B0604020202020204" pitchFamily="34" charset="0"/><a:buChar char="•"/><a:defRPr sz="1865" b="1" kern="1200"><a:solidFill><a:schemeClr val="tx1"/></a:solidFill><a:latin typeface="黑体" panose="02010609060101010101" pitchFamily="49" charset="-122"/><a:ea typeface="黑体" panose="02010609060101010101" pitchFamily="49" charset="-122"/><a:cs typeface="+mn-cs"/></a:defRPr></a:lvl3pPr><a:lvl4pPr marL="2133600" indent="-304800" algn="l" rtl="0" eaLnBrk="0" fontAlgn="base" hangingPunct="0"><a:spcBef><a:spcPct val="20000"/></a:spcBef><a:spcAft><a:spcPct val="0"/></a:spcAft><a:buFont typeface="Arial" panose="020B0604020202020204" pitchFamily="34" charset="0"/><a:buChar char="–"/><a:defRPr sz="2665" kern="1200"><a:solidFill><a:schemeClr val="tx1"/></a:solidFill><a:latin typeface="+mn-lt"/><a:ea typeface="+mn-ea"/><a:cs typeface="+mn-cs"/></a:defRPr></a:lvl4pPr><a:lvl5pPr marL="2743200" indent="-304800" algn="l" rtl="0" eaLnBrk="0" fontAlgn="base" hangingPunct="0"><a:spcBef><a:spcPct val="20000"/></a:spcBef><a:spcAft><a:spcPct val="0"/></a:spcAft><a:buFont typeface="Arial" panose="020B0604020202020204" pitchFamily="34" charset="0"/><a:buChar char="»"/><a:defRPr sz="2665" kern="1200"><a:solidFill><a:schemeClr val="tx1"/></a:solidFill><a:latin typeface="+mn-lt"/><a:ea typeface="+mn-ea"/><a:cs typeface="+mn-cs"/></a:defRPr></a:lvl5pPr><a:lvl6pPr marL="3352800" indent="-304800" algn="l" defTabSz="1219200" rtl="0" eaLnBrk="1" latinLnBrk="0" hangingPunct="1"><a:spcBef><a:spcPct val="20000"/></a:spcBef><a:buFont typeface="Arial" panose="020B0604020202020204" pitchFamily="34" charset="0"/><a:buChar char="•"/><a:defRPr sz="2665" kern="1200"><a:solidFill><a:schemeClr val="tx1"/></a:solidFill><a:latin typeface="+mn-lt"/><a:ea typeface="+mn-ea"/><a:cs typeface="+mn-cs"/></a:defRPr></a:lvl6pPr><a:lvl7pPr marL="3962400" indent="-304800" algn="l" defTabSz="1219200" rtl="0" eaLnBrk="1" latinLnBrk="0" hangingPunct="1"><a:spcBef><a:spcPct val="20000"/></a:spcBef><a:buFont typeface="Arial" panose="020B0604020202020204" pitchFamily="34" charset="0"/><a:buChar char="•"/><a:defRPr sz="2665" kern="1200"><a:solidFill><a:schemeClr val="tx1"/></a:solidFill><a:latin typeface="+mn-lt"/><a:ea typeface="+mn-ea"/><a:cs typeface="+mn-cs"/></a:defRPr></a:lvl7pPr><a:lvl8pPr marL="4572000" indent="-304800" algn="l" defTabSz="1219200" rtl="0" eaLnBrk="1" latinLnBrk="0" hangingPunct="1"><a:spcBef><a:spcPct val="20000"/></a:spcBef><a:buFont typeface="Arial" panose="020B0604020202020204" pitchFamily="34" charset="0"/><a:buChar char="•"/><a:defRPr sz="2665" kern="1200"><a:solidFill><a:schemeClr val="tx1"/></a:solidFill><a:latin typeface="+mn-lt"/><a:ea typeface="+mn-ea"/><a:cs typeface="+mn-cs"/></a:defRPr></a:lvl8pPr><a:lvl9pPr marL="5181600" indent="-304800" algn="l" defTabSz="1219200" rtl="0" eaLnBrk="1" latinLnBrk="0" hangingPunct="1"><a:spcBef><a:spcPct val="20000"/></a:spcBef><a:buFont typeface="Arial" panose="020B0604020202020204" pitchFamily="34" charset="0"/><a:buChar char="•"/><a:defRPr sz="2665" kern="1200"><a:solidFill><a:schemeClr val="tx1"/></a:solidFill><a:latin typeface="+mn-lt"/><a:ea typeface="+mn-ea"/><a:cs typeface="+mn-cs"/></a:defRPr></a:lvl9pPr></a:lstStyle><a:p><a:pPr marL="0" indent="0"><a:buFont typeface="+mj-lt"/><a:buNone/></a:pPr><a:r><a:rPr lang="en-US" altLang="zh-CN"/><a:t>1️⃣</a:t></a:r><a:r><a:rPr lang="zh-CN" altLang="en-US"/><a:t>实现事件发布器对象</a:t></a:r><a:endParaRPr lang="en-US" altLang="zh-CN"/></a:p><a:p><a:pPr marL="0" indent="0"><a:buFont typeface="+mj-lt"/><a:buNone/></a:pPr><a:endParaRPr lang="zh-CN" altLang="en-US"/></a:p></p:txBody></p:sp></p:spTree><p:extLst><p:ext uri="{BB962C8B-B14F-4D97-AF65-F5344CB8AC3E}"><p14:creationId xmlns:p14="http://schemas.microsoft.com/office/powerpoint/2010/main" val="1538338925"/></p:ext></p:extLst></p:cSld><p:clrMapOvr><a:masterClrMapping/></p:clrMapOvr></p:sld>