<?xml version="1.0" encoding="UTF-8" standalone="yes"?>
<p:sld xmlns:a="http://schemas.openxmlformats.org/drawingml/2006/main" xmlns:r="http://schemas.openxmlformats.org/officeDocument/2006/relationships" xmlns:p="http://schemas.openxmlformats.org/presentationml/2006/main"><p:cSld><p:spTree><p:nvGrpSpPr><p:cNvPr id="1" name=""/><p:cNvGrpSpPr/><p:nvPr/></p:nvGrpSpPr><p:grpSpPr><a:xfrm><a:off x="0" y="0"/><a:ext cx="0" cy="0"/><a:chOff x="0" y="0"/><a:chExt cx="0" cy="0"/></a:xfrm></p:grpSpPr><p:sp><p:nvSpPr><p:cNvPr id="2" name="标题 1"><a:extLst><a:ext uri="{FF2B5EF4-FFF2-40B4-BE49-F238E27FC236}"><a16:creationId xmlns:a16="http://schemas.microsoft.com/office/drawing/2014/main" id="{7F3B9D28-C7C6-4650-AC5D-427A8544CA74}"/></a:ext></a:extLst></p:cNvPr><p:cNvSpPr><a:spLocks noGrp="1"/></p:cNvSpPr><p:nvPr><p:ph type="title"/></p:nvPr></p:nvSpPr><p:spPr/><p:txBody><a:bodyPr/><a:lstStyle/><a:p><a:r><a:rPr lang="zh-CN" altLang="en-US"/><a:t>讲哪些内容</a:t></a:r></a:p></p:txBody></p:sp><p:sp><p:nvSpPr><p:cNvPr id="7" name="矩形: 圆角 6"><a:extLst><a:ext uri="{FF2B5EF4-FFF2-40B4-BE49-F238E27FC236}"><a16:creationId xmlns:a16="http://schemas.microsoft.com/office/drawing/2014/main" id="{1EED83CD-EA0D-4C97-9705-8D9549094AEF}"/></a:ext></a:extLst></p:cNvPr><p:cNvSpPr/><p:nvPr/></p:nvSpPr><p:spPr><a:xfrm><a:off x="1874939" y="1506323"/><a:ext cx="1937090" cy="705726"/></a:xfrm><a:prstGeom prst="roundRect"><a:avLst/></a:prstGeom><a:ln/></p:spPr><p:style><a:lnRef idx="3"><a:schemeClr val="lt1"/></a:lnRef><a:fillRef idx="1"><a:schemeClr val="accent3"/></a:fillRef><a:effectRef idx="1"><a:schemeClr val="accent3"/></a:effectRef><a:fontRef idx="minor"><a:schemeClr val="lt1"/></a:fontRef></p:style><p:txBody><a:bodyPr rtlCol="0" anchor="ctr"/><a:lstStyle/><a:p><a:pPr algn="ctr"/><a:r><a:rPr lang="en-US" altLang="zh-CN"/><a:t>RequestMapping</a:t></a:r></a:p><a:p><a:pPr algn="ctr"/><a:r><a:rPr lang="en-US" altLang="zh-CN"/><a:t>HandlerMapping</a:t></a:r><a:endParaRPr lang="zh-CN" altLang="en-US"/></a:p></p:txBody></p:sp><p:sp><p:nvSpPr><p:cNvPr id="14" name="矩形: 圆角 13"><a:extLst><a:ext uri="{FF2B5EF4-FFF2-40B4-BE49-F238E27FC236}"><a16:creationId xmlns:a16="http://schemas.microsoft.com/office/drawing/2014/main" id="{9E176DC8-B7FF-48D2-A7DF-AE04BAE26EFC}"/></a:ext></a:extLst></p:cNvPr><p:cNvSpPr/><p:nvPr/></p:nvSpPr><p:spPr><a:xfrm><a:off x="5928597" y="1506323"/><a:ext cx="1937090" cy="705726"/></a:xfrm><a:prstGeom prst="roundRect"><a:avLst/></a:prstGeom><a:ln/></p:spPr><p:style><a:lnRef idx="3"><a:schemeClr val="lt1"/></a:lnRef><a:fillRef idx="1"><a:schemeClr val="accent3"/></a:fillRef><a:effectRef idx="1"><a:schemeClr val="accent3"/></a:effectRef><a:fontRef idx="minor"><a:schemeClr val="lt1"/></a:fontRef></p:style><p:txBody><a:bodyPr rtlCol="0" anchor="ctr"/><a:lstStyle/><a:p><a:pPr algn="ctr"/><a:r><a:rPr lang="en-US" altLang="zh-CN"/><a:t>RouterFunction</a:t></a:r></a:p><a:p><a:pPr algn="ctr"/><a:r><a:rPr lang="en-US" altLang="zh-CN"/><a:t>Mapping </a:t></a:r><a:endParaRPr lang="zh-CN" altLang="en-US"/></a:p></p:txBody></p:sp><p:sp><p:nvSpPr><p:cNvPr id="15" name="矩形: 圆角 14"><a:extLst><a:ext uri="{FF2B5EF4-FFF2-40B4-BE49-F238E27FC236}"><a16:creationId xmlns:a16="http://schemas.microsoft.com/office/drawing/2014/main" id="{560128EC-7C94-44A9-836D-2B9C55B4DAA3}"/></a:ext></a:extLst></p:cNvPr><p:cNvSpPr/><p:nvPr/></p:nvSpPr><p:spPr><a:xfrm><a:off x="7952420" y="1494013"/><a:ext cx="1937090" cy="705726"/></a:xfrm><a:prstGeom prst="roundRect"><a:avLst/></a:prstGeom><a:ln/></p:spPr><p:style><a:lnRef idx="3"><a:schemeClr val="lt1"/></a:lnRef><a:fillRef idx="1"><a:schemeClr val="accent3"/></a:fillRef><a:effectRef idx="1"><a:schemeClr val="accent3"/></a:effectRef><a:fontRef idx="minor"><a:schemeClr val="lt1"/></a:fontRef></p:style><p:txBody><a:bodyPr rtlCol="0" anchor="ctr"/><a:lstStyle/><a:p><a:pPr algn="ctr"/><a:r><a:rPr lang="en-US" altLang="zh-CN"/><a:t>SimpleUrl</a:t></a:r></a:p><a:p><a:pPr algn="ctr"/><a:r><a:rPr lang="en-US" altLang="zh-CN"/><a:t>HandlerMapping</a:t></a:r><a:endParaRPr lang="zh-CN" altLang="en-US"/></a:p></p:txBody></p:sp><p:sp><p:nvSpPr><p:cNvPr id="16" name="矩形: 圆角 15"><a:extLst><a:ext uri="{FF2B5EF4-FFF2-40B4-BE49-F238E27FC236}"><a16:creationId xmlns:a16="http://schemas.microsoft.com/office/drawing/2014/main" id="{AF2F1562-544D-4A71-A077-EB1021FD4435}"/></a:ext></a:extLst></p:cNvPr><p:cNvSpPr/><p:nvPr/></p:nvSpPr><p:spPr><a:xfrm><a:off x="3904774" y="1506323"/><a:ext cx="1937090" cy="705726"/></a:xfrm><a:prstGeom prst="roundRect"><a:avLst/></a:prstGeom><a:ln/></p:spPr><p:style><a:lnRef idx="3"><a:schemeClr val="lt1"/></a:lnRef><a:fillRef idx="1"><a:schemeClr val="accent3"/></a:fillRef><a:effectRef idx="1"><a:schemeClr val="accent3"/></a:effectRef><a:fontRef idx="minor"><a:schemeClr val="lt1"/></a:fontRef></p:style><p:txBody><a:bodyPr rtlCol="0" anchor="ctr"/><a:lstStyle/><a:p><a:pPr algn="ctr"/><a:r><a:rPr lang="en-US" altLang="zh-CN"/><a:t>BeanNameUrl</a:t></a:r></a:p><a:p><a:pPr algn="ctr"/><a:r><a:rPr lang="en-US" altLang="zh-CN"/><a:t>HandlerMapping </a:t></a:r><a:endParaRPr lang="zh-CN" altLang="en-US"/></a:p></p:txBody></p:sp><p:sp><p:nvSpPr><p:cNvPr id="17" name="矩形: 圆角 16"><a:extLst><a:ext uri="{FF2B5EF4-FFF2-40B4-BE49-F238E27FC236}"><a16:creationId xmlns:a16="http://schemas.microsoft.com/office/drawing/2014/main" id="{DB738D7E-AA75-4D27-850F-DFFDB66544D0}"/></a:ext></a:extLst></p:cNvPr><p:cNvSpPr/><p:nvPr/></p:nvSpPr><p:spPr><a:xfrm><a:off x="4838542" y="867468"/><a:ext cx="2180110" cy="449856"/></a:xfrm><a:prstGeom prst="roundRect"><a:avLst/></a:prstGeom><a:solidFill><a:schemeClr val="accent5"><a:lumMod val="60000"/><a:lumOff val="40000"/></a:schemeClr></a:solidFill><a:ln w="38100"><a:solidFill><a:schemeClr val="bg1"/></a:solidFill><a:prstDash val="solid"/></a:ln></p:spPr><p:style><a:lnRef idx="1"><a:schemeClr val="accent2"/></a:lnRef><a:fillRef idx="3"><a:schemeClr val="accent2"/></a:fillRef><a:effectRef idx="2"><a:schemeClr val="accent2"/></a:effectRef><a:fontRef idx="minor"><a:schemeClr val="lt1"/></a:fontRef></p:style><p:txBody><a:bodyPr rtlCol="0" anchor="ctr"/><a:lstStyle/><a:p><a:pPr algn="ctr"/><a:r><a:rPr lang="en-US" altLang="zh-CN"/><a:t>DispatcherServlet</a:t></a:r><a:endParaRPr lang="zh-CN" altLang="en-US"/></a:p></p:txBody></p:sp><p:sp><p:nvSpPr><p:cNvPr id="11" name="矩形: 圆角 10"><a:extLst><a:ext uri="{FF2B5EF4-FFF2-40B4-BE49-F238E27FC236}"><a16:creationId xmlns:a16="http://schemas.microsoft.com/office/drawing/2014/main" id="{31C63829-BB58-4A4E-A08C-96CA898304DF}"/></a:ext></a:extLst></p:cNvPr><p:cNvSpPr/><p:nvPr/></p:nvSpPr><p:spPr><a:xfrm><a:off x="4667032" y="2329266"/><a:ext cx="1174832" cy="357120"/></a:xfrm><a:prstGeom prst="roundRect"><a:avLst/></a:prstGeom><a:ln><a:headEnd type="none" w="med" len="med"/><a:tailEnd type="none" w="med" len="med"/></a:ln></p:spPr><p:style><a:lnRef idx="2"><a:schemeClr val="accent1"/></a:lnRef><a:fillRef idx="1"><a:schemeClr val="lt1"/></a:fillRef><a:effectRef idx="0"><a:schemeClr val="accent1"/></a:effectRef><a:fontRef idx="minor"><a:schemeClr val="dk1"/></a:fontRef></p:style><p:txBody><a:bodyPr rtlCol="0" anchor="ctr"/><a:lstStyle/><a:p><a:pPr algn="ctr"/><a:r><a:rPr lang="en-US" altLang="zh-CN" sz="1600"/><a:t>Controller</a:t></a:r><a:endParaRPr lang="zh-CN" altLang="en-US" sz="1600"/></a:p></p:txBody></p:sp><p:sp><p:nvSpPr><p:cNvPr id="12" name="矩形: 圆角 11"><a:extLst><a:ext uri="{FF2B5EF4-FFF2-40B4-BE49-F238E27FC236}"><a16:creationId xmlns:a16="http://schemas.microsoft.com/office/drawing/2014/main" id="{D3433714-F824-493A-B4F6-D05CA2FC4349}"/></a:ext></a:extLst></p:cNvPr><p:cNvSpPr/><p:nvPr/></p:nvSpPr><p:spPr><a:xfrm><a:off x="3904774" y="2296177"/><a:ext cx="726547" cy="395289"/></a:xfrm><a:prstGeom prst="roundRect"><a:avLst/></a:prstGeom><a:ln/></p:spPr><p:style><a:lnRef idx="3"><a:schemeClr val="lt1"/></a:lnRef><a:fillRef idx="1"><a:schemeClr val="accent1"/></a:fillRef><a:effectRef idx="1"><a:schemeClr val="accent1"/></a:effectRef><a:fontRef idx="minor"><a:schemeClr val="lt1"/></a:fontRef></p:style><p:txBody><a:bodyPr rtlCol="0" anchor="ctr"/><a:lstStyle/><a:p><a:pPr algn="ctr"/><a:r><a:rPr lang="en-US" altLang="zh-CN" sz="1600"/><a:t>/c1</a:t></a:r><a:endParaRPr lang="zh-CN" altLang="en-US" sz="1600"/></a:p></p:txBody></p:sp><p:sp><p:nvSpPr><p:cNvPr id="13" name="矩形: 圆角 12"><a:extLst><a:ext uri="{FF2B5EF4-FFF2-40B4-BE49-F238E27FC236}"><a16:creationId xmlns:a16="http://schemas.microsoft.com/office/drawing/2014/main" id="{0241489F-3DD9-4E3F-974A-C5728BF206E4}"/></a:ext></a:extLst></p:cNvPr><p:cNvSpPr/><p:nvPr/></p:nvSpPr><p:spPr><a:xfrm><a:off x="4666663" y="2822687"/><a:ext cx="1174832" cy="357120"/></a:xfrm><a:prstGeom prst="roundRect"><a:avLst/></a:prstGeom><a:ln><a:headEnd type="none" w="med" len="med"/><a:tailEnd type="none" w="med" len="med"/></a:ln></p:spPr><p:style><a:lnRef idx="2"><a:schemeClr val="accent1"/></a:lnRef><a:fillRef idx="1"><a:schemeClr val="lt1"/></a:fillRef><a:effectRef idx="0"><a:schemeClr val="accent1"/></a:effectRef><a:fontRef idx="minor"><a:schemeClr val="dk1"/></a:fontRef></p:style><p:txBody><a:bodyPr rtlCol="0" anchor="ctr"/><a:lstStyle/><a:p><a:pPr algn="ctr"/><a:r><a:rPr lang="en-US" altLang="zh-CN" sz="1600"/><a:t>Controller</a:t></a:r><a:endParaRPr lang="zh-CN" altLang="en-US" sz="1600"/></a:p></p:txBody></p:sp><p:sp><p:nvSpPr><p:cNvPr id="18" name="矩形: 圆角 17"><a:extLst><a:ext uri="{FF2B5EF4-FFF2-40B4-BE49-F238E27FC236}"><a16:creationId xmlns:a16="http://schemas.microsoft.com/office/drawing/2014/main" id="{94EE2BF5-703E-4F6F-B7FC-A5CBD00AE06A}"/></a:ext></a:extLst></p:cNvPr><p:cNvSpPr/><p:nvPr/></p:nvSpPr><p:spPr><a:xfrm><a:off x="3904773" y="2803603"/><a:ext cx="726547" cy="395289"/></a:xfrm><a:prstGeom prst="roundRect"><a:avLst/></a:prstGeom><a:ln/></p:spPr><p:style><a:lnRef idx="3"><a:schemeClr val="lt1"/></a:lnRef><a:fillRef idx="1"><a:schemeClr val="accent1"/></a:fillRef><a:effectRef idx="1"><a:schemeClr val="accent1"/></a:effectRef><a:fontRef idx="minor"><a:schemeClr val="lt1"/></a:fontRef></p:style><p:txBody><a:bodyPr rtlCol="0" anchor="ctr"/><a:lstStyle/><a:p><a:pPr algn="ctr"/><a:r><a:rPr lang="en-US" altLang="zh-CN" sz="1600"/><a:t>/c2</a:t></a:r><a:endParaRPr lang="zh-CN" altLang="en-US" sz="1600"/></a:p></p:txBody></p:sp><p:sp><p:nvSpPr><p:cNvPr id="19" name="文本框 18"><a:extLst><a:ext uri="{FF2B5EF4-FFF2-40B4-BE49-F238E27FC236}"><a16:creationId xmlns:a16="http://schemas.microsoft.com/office/drawing/2014/main" id="{BB5C5D74-24B2-437B-9A88-7D92DC01E733}"/></a:ext></a:extLst></p:cNvPr><p:cNvSpPr txBox="1"/><p:nvPr/></p:nvSpPr><p:spPr><a:xfrm><a:off x="6169231" y="2345877"/><a:ext cx="5844999" cy="4278094"/></a:xfrm><a:prstGeom prst="rect"><a:avLst/></a:prstGeom><a:solidFill><a:srgbClr val="FFFFE4"/></a:solidFill><a:ln w="9525"><a:solidFill><a:schemeClr val="tx1"/></a:solidFill></a:ln><a:effectLst><a:outerShdw blurRad="50800" dist="38100" dir="5400000" algn="t" rotWithShape="0"><a:prstClr val="black"><a:alpha val="40000"/></a:prstClr></a:outerShdw></a:effectLst></p:spPr><p:txBody><a:bodyPr wrap="square" rtlCol="0"><a:spAutoFit/></a:bodyPr><a:lstStyle/><a:p><a:pPr fontAlgn="auto"><a:spcBef><a:spcPts val="0"/></a:spcBef><a:spcAft><a:spcPts val="0"/></a:spcAft></a:pPr><a:r><a:rPr lang="en-US" altLang="zh-CN" sz="1600" b="1"><a:solidFill><a:schemeClr val="accent3"><a:lumMod val="75000"/></a:schemeClr></a:solidFill><a:latin typeface="+mn-lt"/><a:ea typeface="+mn-ea"/></a:rPr><a:t>@Controller</a:t></a:r></a:p><a:p><a:pPr fontAlgn="auto"><a:spcBef><a:spcPts val="0"/></a:spcBef><a:spcAft><a:spcPts val="0"/></a:spcAft></a:pPr><a:r><a:rPr lang="en-US" altLang="zh-CN" sz="1600"><a:latin typeface="+mn-lt"/><a:ea typeface="+mn-ea"/></a:rPr><a:t>public class Controller1 {</a:t></a:r></a:p><a:p><a:pPr fontAlgn="auto"><a:spcBef><a:spcPts val="0"/></a:spcBef><a:spcAft><a:spcPts val="0"/></a:spcAft></a:pPr><a:endParaRPr lang="en-US" altLang="zh-CN" sz="1600"><a:latin typeface="+mn-lt"/><a:ea typeface="+mn-ea"/></a:endParaRPr></a:p><a:p><a:pPr fontAlgn="auto"><a:spcBef><a:spcPts val="0"/></a:spcBef><a:spcAft><a:spcPts val="0"/></a:spcAft></a:pPr><a:r><a:rPr lang="en-US" altLang="zh-CN" sz="1600"><a:latin typeface="+mn-lt"/><a:ea typeface="+mn-ea"/></a:rPr><a:t>    </a:t></a:r><a:r><a:rPr lang="en-US" altLang="zh-CN" sz="1600" b="1"><a:solidFill><a:schemeClr val="accent3"><a:lumMod val="75000"/></a:schemeClr></a:solidFill><a:latin typeface="+mn-lt"/><a:ea typeface="+mn-ea"/></a:rPr><a:t>@GetMapping("/t1")</a:t></a:r></a:p><a:p><a:pPr fontAlgn="auto"><a:spcBef><a:spcPts val="0"/></a:spcBef><a:spcAft><a:spcPts val="0"/></a:spcAft></a:pPr><a:r><a:rPr lang="en-US" altLang="zh-CN" sz="1600" b="1"><a:solidFill><a:schemeClr val="accent3"><a:lumMod val="75000"/></a:schemeClr></a:solidFill></a:rPr><a:t>    @ResponseBody</a:t></a:r><a:endParaRPr lang="en-US" altLang="zh-CN" sz="1600" b="1"><a:solidFill><a:schemeClr val="accent3"><a:lumMod val="75000"/></a:schemeClr></a:solidFill><a:latin typeface="+mn-lt"/><a:ea typeface="+mn-ea"/></a:endParaRPr></a:p><a:p><a:pPr fontAlgn="auto"><a:spcBef><a:spcPts val="0"/></a:spcBef><a:spcAft><a:spcPts val="0"/></a:spcAft></a:pPr><a:r><a:rPr lang="en-US" altLang="zh-CN" sz="1600"><a:latin typeface="+mn-lt"/><a:ea typeface="+mn-ea"/></a:rPr><a:t>    public User t1() throws Exception {</a:t></a:r></a:p><a:p><a:pPr fontAlgn="auto"><a:spcBef><a:spcPts val="0"/></a:spcBef><a:spcAft><a:spcPts val="0"/></a:spcAft></a:pPr><a:r><a:rPr lang="en-US" altLang="zh-CN" sz="1600"/><a:t>        </a:t></a:r><a:r><a:rPr lang="en-US" altLang="zh-CN" sz="1600"><a:latin typeface="+mn-lt"/><a:ea typeface="+mn-ea"/></a:rPr><a:t>log.debug("t1()");</a:t></a:r></a:p><a:p><a:pPr fontAlgn="auto"><a:spcBef><a:spcPts val="0"/></a:spcBef><a:spcAft><a:spcPts val="0"/></a:spcAft></a:pPr><a:r><a:rPr lang="en-US" altLang="zh-CN" sz="1600"><a:latin typeface="+mn-lt"/><a:ea typeface="+mn-ea"/></a:rPr><a:t>        return new User(</a:t></a:r><a:r><a:rPr lang="en-US" altLang="zh-CN" sz="1600"/><a:t>"</a:t></a:r><a:r><a:rPr lang="zh-CN" altLang="en-US" sz="1600"/><a:t>张三</a:t></a:r><a:r><a:rPr lang="en-US" altLang="zh-CN" sz="1600"/><a:t>", 18</a:t></a:r><a:r><a:rPr lang="en-US" altLang="zh-CN" sz="1600"><a:latin typeface="+mn-lt"/><a:ea typeface="+mn-ea"/></a:rPr><a:t>);</a:t></a:r></a:p><a:p><a:pPr fontAlgn="auto"><a:spcBef><a:spcPts val="0"/></a:spcBef><a:spcAft><a:spcPts val="0"/></a:spcAft></a:pPr><a:r><a:rPr lang="en-US" altLang="zh-CN" sz="1600"><a:latin typeface="+mn-lt"/><a:ea typeface="+mn-ea"/></a:rPr><a:t>    }</a:t></a:r></a:p><a:p><a:pPr fontAlgn="auto"><a:spcBef><a:spcPts val="0"/></a:spcBef><a:spcAft><a:spcPts val="0"/></a:spcAft></a:pPr><a:endParaRPr lang="en-US" altLang="zh-CN" sz="1600"><a:latin typeface="+mn-lt"/><a:ea typeface="+mn-ea"/></a:endParaRPr></a:p><a:p><a:pPr fontAlgn="auto"><a:spcBef><a:spcPts val="0"/></a:spcBef><a:spcAft><a:spcPts val="0"/></a:spcAft></a:pPr><a:r><a:rPr lang="en-US" altLang="zh-CN" sz="1600"><a:latin typeface="+mn-lt"/><a:ea typeface="+mn-ea"/></a:rPr><a:t>    </a:t></a:r><a:r><a:rPr lang="en-US" altLang="zh-CN" sz="1600" b="1"><a:solidFill><a:schemeClr val="accent3"><a:lumMod val="75000"/></a:schemeClr></a:solidFill><a:latin typeface="+mn-lt"/><a:ea typeface="+mn-ea"/></a:rPr><a:t>@PostMapping("/t2")</a:t></a:r></a:p><a:p><a:pPr fontAlgn="auto"><a:spcBef><a:spcPts val="0"/></a:spcBef><a:spcAft><a:spcPts val="0"/></a:spcAft></a:pPr><a:r><a:rPr lang="en-US" altLang="zh-CN" sz="1600" b="1"><a:solidFill><a:schemeClr val="accent3"><a:lumMod val="75000"/></a:schemeClr></a:solidFill></a:rPr><a:t>    @ResponseBody</a:t></a:r><a:endParaRPr lang="en-US" altLang="zh-CN" sz="1600" b="1"><a:solidFill><a:schemeClr val="accent3"><a:lumMod val="75000"/></a:schemeClr></a:solidFill><a:latin typeface="+mn-lt"/><a:ea typeface="+mn-ea"/></a:endParaRPr></a:p><a:p><a:pPr fontAlgn="auto"><a:spcBef><a:spcPts val="0"/></a:spcBef><a:spcAft><a:spcPts val="0"/></a:spcAft></a:pPr><a:r><a:rPr lang="en-US" altLang="zh-CN" sz="1600"><a:latin typeface="+mn-lt"/><a:ea typeface="+mn-ea"/></a:rPr><a:t>    public User t2(@RequestParam("name") String name) {</a:t></a:r></a:p><a:p><a:pPr fontAlgn="auto"><a:spcBef><a:spcPts val="0"/></a:spcBef><a:spcAft><a:spcPts val="0"/></a:spcAft></a:pPr><a:r><a:rPr lang="en-US" altLang="zh-CN" sz="1600"><a:latin typeface="+mn-lt"/><a:ea typeface="+mn-ea"/></a:rPr><a:t>        log.debug("t2({})", name);</a:t></a:r></a:p><a:p><a:r><a:rPr lang="en-US" altLang="zh-CN" sz="1600"><a:latin typeface="+mn-lt"/><a:ea typeface="+mn-ea"/></a:rPr><a:t>        return </a:t></a:r><a:r><a:rPr lang="en-US" altLang="zh-CN" sz="1600"/><a:t>new User("</a:t></a:r><a:r><a:rPr lang="zh-CN" altLang="en-US" sz="1600"/><a:t>李四</a:t></a:r><a:r><a:rPr lang="en-US" altLang="zh-CN" sz="1600"/><a:t>", 20);</a:t></a:r><a:endParaRPr lang="en-US" altLang="zh-CN" sz="1600"><a:latin typeface="+mn-lt"/><a:ea typeface="+mn-ea"/></a:endParaRPr></a:p><a:p><a:pPr fontAlgn="auto"><a:spcBef><a:spcPts val="0"/></a:spcBef><a:spcAft><a:spcPts val="0"/></a:spcAft></a:pPr><a:r><a:rPr lang="en-US" altLang="zh-CN" sz="1600"><a:latin typeface="+mn-lt"/><a:ea typeface="+mn-ea"/></a:rPr><a:t>    }</a:t></a:r></a:p><a:p><a:pPr fontAlgn="auto"><a:spcBef><a:spcPts val="0"/></a:spcBef><a:spcAft><a:spcPts val="0"/></a:spcAft></a:pPr><a:r><a:rPr lang="en-US" altLang="zh-CN" sz="1600"/><a:t>}</a:t></a:r><a:endParaRPr lang="zh-CN" altLang="en-US" sz="1600" dirty="0"><a:latin typeface="+mn-lt"/><a:ea typeface="+mn-ea"/></a:endParaRPr></a:p></p:txBody></p:sp><p:sp><p:nvSpPr><p:cNvPr id="20" name="矩形: 圆角 19"><a:extLst><a:ext uri="{FF2B5EF4-FFF2-40B4-BE49-F238E27FC236}"><a16:creationId xmlns:a16="http://schemas.microsoft.com/office/drawing/2014/main" id="{8B8DF628-C57F-4CD1-ADF4-B5527C3512EF}"/></a:ext></a:extLst></p:cNvPr><p:cNvSpPr/><p:nvPr/></p:nvSpPr><p:spPr><a:xfrm><a:off x="8830033" y="3506339"/><a:ext cx="1591602" cy="355620"/></a:xfrm><a:prstGeom prst="roundRect"><a:avLst/></a:prstGeom><a:ln><a:headEnd type="none" w="med" len="med"/><a:tailEnd type="none" w="med" len="med"/></a:ln></p:spPr><p:style><a:lnRef idx="2"><a:schemeClr val="accent1"/></a:lnRef><a:fillRef idx="1"><a:schemeClr val="lt1"/></a:fillRef><a:effectRef idx="0"><a:schemeClr val="accent1"/></a:effectRef><a:fontRef idx="minor"><a:schemeClr val="dk1"/></a:fontRef></p:style><p:txBody><a:bodyPr rtlCol="0" anchor="ctr"/><a:lstStyle/><a:p><a:pPr algn="ctr"/><a:r><a:rPr lang="en-US" altLang="zh-CN" sz="1600"/><a:t>HandlerMethod</a:t></a:r><a:endParaRPr lang="zh-CN" altLang="en-US" sz="1600"/></a:p></p:txBody></p:sp><p:sp><p:nvSpPr><p:cNvPr id="21" name="矩形: 圆角 20"><a:extLst><a:ext uri="{FF2B5EF4-FFF2-40B4-BE49-F238E27FC236}"><a16:creationId xmlns:a16="http://schemas.microsoft.com/office/drawing/2014/main" id="{D3DEC8BD-E5BE-49A0-B532-3F8DAE3F5AE5}"/></a:ext></a:extLst></p:cNvPr><p:cNvSpPr/><p:nvPr/></p:nvSpPr><p:spPr><a:xfrm><a:off x="8391227" y="3111050"/><a:ext cx="1009333" cy="355621"/></a:xfrm><a:prstGeom prst="roundRect"><a:avLst/></a:prstGeom><a:ln/></p:spPr><p:style><a:lnRef idx="3"><a:schemeClr val="lt1"/></a:lnRef><a:fillRef idx="1"><a:schemeClr val="accent1"/></a:fillRef><a:effectRef idx="1"><a:schemeClr val="accent1"/></a:effectRef><a:fontRef idx="minor"><a:schemeClr val="lt1"/></a:fontRef></p:style><p:txBody><a:bodyPr rtlCol="0" anchor="ctr"/><a:lstStyle/><a:p><a:pPr algn="ctr"/><a:r><a:rPr lang="en-US" altLang="zh-CN" sz="1600"/><a:t>GET /t1</a:t></a:r><a:endParaRPr lang="zh-CN" altLang="en-US" sz="1600"/></a:p></p:txBody></p:sp><p:sp><p:nvSpPr><p:cNvPr id="22" name="矩形: 圆角 21"><a:extLst><a:ext uri="{FF2B5EF4-FFF2-40B4-BE49-F238E27FC236}"><a16:creationId xmlns:a16="http://schemas.microsoft.com/office/drawing/2014/main" id="{4AC44BF2-11B7-4CBE-A495-C7F1E4F0445D}"/></a:ext></a:extLst></p:cNvPr><p:cNvSpPr/><p:nvPr/></p:nvSpPr><p:spPr><a:xfrm><a:off x="8830031" y="5228427"/><a:ext cx="1591602" cy="355620"/></a:xfrm><a:prstGeom prst="roundRect"><a:avLst/></a:prstGeom><a:ln><a:headEnd type="none" w="med" len="med"/><a:tailEnd type="none" w="med" len="med"/></a:ln></p:spPr><p:style><a:lnRef idx="2"><a:schemeClr val="accent1"/></a:lnRef><a:fillRef idx="1"><a:schemeClr val="lt1"/></a:fillRef><a:effectRef idx="0"><a:schemeClr val="accent1"/></a:effectRef><a:fontRef idx="minor"><a:schemeClr val="dk1"/></a:fontRef></p:style><p:txBody><a:bodyPr rtlCol="0" anchor="ctr"/><a:lstStyle/><a:p><a:pPr algn="ctr"/><a:r><a:rPr lang="en-US" altLang="zh-CN" sz="1600"/><a:t>HandlerMethod</a:t></a:r><a:endParaRPr lang="zh-CN" altLang="en-US" sz="1600"/></a:p></p:txBody></p:sp><p:sp><p:nvSpPr><p:cNvPr id="23" name="矩形: 圆角 22"><a:extLst><a:ext uri="{FF2B5EF4-FFF2-40B4-BE49-F238E27FC236}"><a16:creationId xmlns:a16="http://schemas.microsoft.com/office/drawing/2014/main" id="{239DCB0B-36EA-41C5-B38F-57756B367C70}"/></a:ext></a:extLst></p:cNvPr><p:cNvSpPr/><p:nvPr/></p:nvSpPr><p:spPr><a:xfrm><a:off x="8391226" y="4833138"/><a:ext cx="1009334" cy="395289"/></a:xfrm><a:prstGeom prst="roundRect"><a:avLst/></a:prstGeom><a:ln/></p:spPr><p:style><a:lnRef idx="3"><a:schemeClr val="lt1"/></a:lnRef><a:fillRef idx="1"><a:schemeClr val="accent1"/></a:fillRef><a:effectRef idx="1"><a:schemeClr val="accent1"/></a:effectRef><a:fontRef idx="minor"><a:schemeClr val="lt1"/></a:fontRef></p:style><p:txBody><a:bodyPr rtlCol="0" anchor="ctr"/><a:lstStyle/><a:p><a:pPr algn="ctr"/><a:r><a:rPr lang="en-US" altLang="zh-CN" sz="1600"/><a:t>POST /t2</a:t></a:r><a:endParaRPr lang="zh-CN" altLang="en-US" sz="1600"/></a:p></p:txBody></p:sp></p:spTree><p:extLst><p:ext uri="{BB962C8B-B14F-4D97-AF65-F5344CB8AC3E}"><p14:creationId xmlns:p14="http://schemas.microsoft.com/office/powerpoint/2010/main" val="4173689671"/></p:ext></p:extLst></p:cSld><p:clrMapOvr><a:masterClrMapping/></p:clrMapOvr><mc:AlternateContent xmlns:mc="http://schemas.openxmlformats.org/markup-compatibility/2006" xmlns:p159="http://schemas.microsoft.com/office/powerpoint/2015/09/main"><mc:Choice Requires="p159"><p:transition><p159:morph option="byObject"/></p:transition></mc:Choice><mc:Fallback xmlns=""><p:transition><p:fade/></p:transition></mc:Fallback></mc:AlternateContent><p:timing><p:tnLst><p:par><p:cTn id="1" dur="indefinite" restart="never" nodeType="tmRoot"><p:childTnLst><p:seq concurrent="1" nextAc="seek"><p:cTn id="2" dur="indefinite" nodeType="mainSeq"><p:childTnLst><p:par><p:cTn id="3" fill="hold"><p:stCondLst><p:cond delay="indefinite"/><p:cond evt="onBegin" delay="0"><p:tn val="2"/></p:cond></p:stCondLst><p:childTnLst><p:par><p:cTn id="4" fill="hold"><p:stCondLst><p:cond delay="0"/></p:stCondLst><p:childTnLst><p:par><p:cTn id="5" presetID="2" presetClass="entr" presetSubtype="2" fill="hold" grpId="0" nodeType="withEffect"><p:stCondLst><p:cond delay="0"/></p:stCondLst><p:childTnLst><p:set><p:cBhvr><p:cTn id="6" dur="1" fill="hold"><p:stCondLst><p:cond delay="0"/></p:stCondLst></p:cTn><p:tgtEl><p:spTgt spid="19"/></p:tgtEl><p:attrNameLst><p:attrName>style.visibility</p:attrName></p:attrNameLst></p:cBhvr><p:to><p:strVal val="visible"/></p:to></p:set><p:anim calcmode="lin" valueType="num"><p:cBhvr additive="base"><p:cTn id="7" dur="500" fill="hold"/><p:tgtEl><p:spTgt spid="19"/></p:tgtEl><p:attrNameLst><p:attrName>ppt_x</p:attrName></p:attrNameLst></p:cBhvr><p:tavLst><p:tav tm="0"><p:val><p:strVal val="1+#ppt_w/2"/></p:val></p:tav><p:tav tm="100000"><p:val><p:strVal val="#ppt_x"/></p:val></p:tav></p:tavLst></p:anim><p:anim calcmode="lin" valueType="num"><p:cBhvr additive="base"><p:cTn id="8" dur="500" fill="hold"/><p:tgtEl><p:spTgt spid="19"/></p:tgtEl><p:attrNameLst><p:attrName>ppt_y</p:attrName></p:attrNameLst></p:cBhvr><p:tavLst><p:tav tm="0"><p:val><p:strVal val="#ppt_y"/></p:val></p:tav><p:tav tm="100000"><p:val><p:strVal val="#ppt_y"/></p:val></p:tav></p:tavLst></p:anim></p:childTnLst></p:cTn></p:par></p:childTnLst></p:cTn></p:par></p:childTnLst></p:cTn></p:par><p:par><p:cTn id="9" fill="hold"><p:stCondLst><p:cond delay="indefinite"/></p:stCondLst><p:childTnLst><p:par><p:cTn id="10" fill="hold"><p:stCondLst><p:cond delay="0"/></p:stCondLst><p:childTnLst><p:par><p:cTn id="11" presetID="10" presetClass="entr" presetSubtype="0" fill="hold" grpId="0" nodeType="clickEffect"><p:stCondLst><p:cond delay="0"/></p:stCondLst><p:childTnLst><p:set><p:cBhvr><p:cTn id="12" dur="1" fill="hold"><p:stCondLst><p:cond delay="0"/></p:stCondLst></p:cTn><p:tgtEl><p:spTgt spid="21"/></p:tgtEl><p:attrNameLst><p:attrName>style.visibility</p:attrName></p:attrNameLst></p:cBhvr><p:to><p:strVal val="visible"/></p:to></p:set><p:animEffect transition="in" filter="fade"><p:cBhvr><p:cTn id="13" dur="500"/><p:tgtEl><p:spTgt spid="21"/></p:tgtEl></p:cBhvr></p:animEffect></p:childTnLst></p:cTn></p:par></p:childTnLst></p:cTn></p:par><p:par><p:cTn id="14" fill="hold"><p:stCondLst><p:cond delay="500"/></p:stCondLst><p:childTnLst><p:par><p:cTn id="15" presetID="10" presetClass="entr" presetSubtype="0" fill="hold" grpId="0" nodeType="afterEffect"><p:stCondLst><p:cond delay="0"/></p:stCondLst><p:childTnLst><p:set><p:cBhvr><p:cTn id="16" dur="1" fill="hold"><p:stCondLst><p:cond delay="0"/></p:stCondLst></p:cTn><p:tgtEl><p:spTgt spid="20"/></p:tgtEl><p:attrNameLst><p:attrName>style.visibility</p:attrName></p:attrNameLst></p:cBhvr><p:to><p:strVal val="visible"/></p:to></p:set><p:animEffect transition="in" filter="fade"><p:cBhvr><p:cTn id="17" dur="500"/><p:tgtEl><p:spTgt spid="20"/></p:tgtEl></p:cBhvr></p:animEffect></p:childTnLst></p:cTn></p:par></p:childTnLst></p:cTn></p:par></p:childTnLst></p:cTn></p:par><p:par><p:cTn id="18" fill="hold"><p:stCondLst><p:cond delay="indefinite"/></p:stCondLst><p:childTnLst><p:par><p:cTn id="19" fill="hold"><p:stCondLst><p:cond delay="0"/></p:stCondLst><p:childTnLst><p:par><p:cTn id="20" presetID="10" presetClass="entr" presetSubtype="0" fill="hold" grpId="0" nodeType="clickEffect"><p:stCondLst><p:cond delay="0"/></p:stCondLst><p:childTnLst><p:set><p:cBhvr><p:cTn id="21" dur="1" fill="hold"><p:stCondLst><p:cond delay="0"/></p:stCondLst></p:cTn><p:tgtEl><p:spTgt spid="23"/></p:tgtEl><p:attrNameLst><p:attrName>style.visibility</p:attrName></p:attrNameLst></p:cBhvr><p:to><p:strVal val="visible"/></p:to></p:set><p:animEffect transition="in" filter="fade"><p:cBhvr><p:cTn id="22" dur="500"/><p:tgtEl><p:spTgt spid="23"/></p:tgtEl></p:cBhvr></p:animEffect></p:childTnLst></p:cTn></p:par></p:childTnLst></p:cTn></p:par><p:par><p:cTn id="23" fill="hold"><p:stCondLst><p:cond delay="500"/></p:stCondLst><p:childTnLst><p:par><p:cTn id="24" presetID="10" presetClass="entr" presetSubtype="0" fill="hold" grpId="0" nodeType="afterEffect"><p:stCondLst><p:cond delay="0"/></p:stCondLst><p:childTnLst><p:set><p:cBhvr><p:cTn id="25" dur="1" fill="hold"><p:stCondLst><p:cond delay="0"/></p:stCondLst></p:cTn><p:tgtEl><p:spTgt spid="22"/></p:tgtEl><p:attrNameLst><p:attrName>style.visibility</p:attrName></p:attrNameLst></p:cBhvr><p:to><p:strVal val="visible"/></p:to></p:set><p:animEffect transition="in" filter="fade"><p:cBhvr><p:cTn id="26" dur="500"/><p:tgtEl><p:spTgt spid="22"/></p:tgtEl></p:cBhvr></p:animEffect></p:childTnLst></p:cTn></p:par></p:childTnLst></p:cTn></p:par></p:childTnLst></p:cTn></p:par></p:childTnLst></p:cTn><p:prevCondLst><p:cond evt="onPrev" delay="0"><p:tgtEl><p:sldTgt/></p:tgtEl></p:cond></p:prevCondLst><p:nextCondLst><p:cond evt="onNext" delay="0"><p:tgtEl><p:sldTgt/></p:tgtEl></p:cond></p:nextCondLst></p:seq></p:childTnLst></p:cTn></p:par></p:tnLst><p:bldLst><p:bldP spid="19" grpId="0" animBg="1"/><p:bldP spid="20" grpId="0" animBg="1"/><p:bldP spid="21" grpId="0" animBg="1"/><p:bldP spid="22" grpId="0" animBg="1"/><p:bldP spid="23" grpId="0" animBg="1"/></p:bldLst></p:timing></p:sld>