<?xml version="1.0" encoding="UTF-8" standalone="yes"?>
<p:handoutMaster xmlns:a="http://schemas.openxmlformats.org/drawingml/2006/main" xmlns:r="http://schemas.openxmlformats.org/officeDocument/2006/relationships" xmlns:p="http://schemas.openxmlformats.org/presentationml/2006/main"><p:cSld><p:bg><p:bgRef idx="1001"><a:schemeClr val="bg1"/></p:bgRef></p:bg><p:spTree><p:nvGrpSpPr><p:cNvPr id="1" name=""/><p:cNvGrpSpPr/><p:nvPr/></p:nvGrpSpPr><p:grpSpPr><a:xfrm><a:off x="0" y="0"/><a:ext cx="0" cy="0"/><a:chOff x="0" y="0"/><a:chExt cx="0" cy="0"/></a:xfrm></p:grpSpPr><p:sp><p:nvSpPr><p:cNvPr id="2" name="页眉占位符 1"/><p:cNvSpPr><a:spLocks noGrp="1"/></p:cNvSpPr><p:nvPr><p:ph type="hdr" sz="quarter"/></p:nvPr></p:nvSpPr><p:spPr><a:xfrm><a:off x="0" y="0"/><a:ext cx="2971800" cy="458788"/></a:xfrm><a:prstGeom prst="rect"><a:avLst/></a:prstGeom></p:spPr><p:txBody><a:bodyPr vert="horz" lIns="91440" tIns="45720" rIns="91440" bIns="45720" rtlCol="0"/><a:lstStyle><a:lvl1pPr algn="l"><a:defRPr sz="1200"/></a:lvl1pPr></a:lstStyle><a:p><a:endParaRPr kumimoji="1" lang="zh-CN" altLang="en-US"/></a:p></p:txBody></p:sp><p:sp><p:nvSpPr><p:cNvPr id="3" name="日期占位符 2"/><p:cNvSpPr><a:spLocks noGrp="1"/></p:cNvSpPr><p:nvPr><p:ph type="dt" sz="quarter" idx="1"/></p:nvPr></p:nvSpPr><p:spPr><a:xfrm><a:off x="3884613" y="0"/><a:ext cx="2971800" cy="458788"/></a:xfrm><a:prstGeom prst="rect"><a:avLst/></a:prstGeom></p:spPr><p:txBody><a:bodyPr vert="horz" lIns="91440" tIns="45720" rIns="91440" bIns="45720" rtlCol="0"/><a:lstStyle><a:lvl1pPr algn="r"><a:defRPr sz="1200"/></a:lvl1pPr></a:lstStyle><a:p><a:fld id="{593DFD10-C36A-A44C-AC52-E91D9A58CF7E}" type="datetimeFigureOut"><a:rPr kumimoji="1" lang="zh-CN" altLang="en-US" smtClean="0"/><a:t>Wed</a:t></a:fld><a:endParaRPr kumimoji="1" lang="zh-CN" altLang="en-US"/></a:p></p:txBody></p:sp><p:sp><p:nvSpPr><p:cNvPr id="4" name="页脚占位符 3"/><p:cNvSpPr><a:spLocks noGrp="1"/></p:cNvSpPr><p:nvPr><p:ph type="ftr" sz="quarter" idx="2"/></p:nvPr></p:nvSpPr><p:spPr><a:xfrm><a:off x="0" y="8685213"/><a:ext cx="2971800" cy="458787"/></a:xfrm><a:prstGeom prst="rect"><a:avLst/></a:prstGeom></p:spPr><p:txBody><a:bodyPr vert="horz" lIns="91440" tIns="45720" rIns="91440" bIns="45720" rtlCol="0" anchor="b"/><a:lstStyle><a:lvl1pPr algn="l"><a:defRPr sz="1200"/></a:lvl1pPr></a:lstStyle><a:p><a:endParaRPr kumimoji="1" lang="zh-CN" altLang="en-US"/></a:p></p:txBody></p:sp><p:sp><p:nvSpPr><p:cNvPr id="5" name="灯片编号占位符 4"/><p:cNvSpPr><a:spLocks noGrp="1"/></p:cNvSpPr><p:nvPr><p:ph type="sldNum" sz="quarter" idx="3"/></p:nvPr></p:nvSpPr><p:spPr><a:xfrm><a:off x="3884613" y="8685213"/><a:ext cx="2971800" cy="458787"/></a:xfrm><a:prstGeom prst="rect"><a:avLst/></a:prstGeom></p:spPr><p:txBody><a:bodyPr vert="horz" lIns="91440" tIns="45720" rIns="91440" bIns="45720" rtlCol="0" anchor="b"/><a:lstStyle><a:lvl1pPr algn="r"><a:defRPr sz="1200"/></a:lvl1pPr></a:lstStyle><a:p><a:fld id="{13F0B397-CD8F-1C4C-97BB-ADF18DDD1C00}" type="slidenum"><a:rPr kumimoji="1" lang="zh-CN" altLang="en-US" smtClean="0"/><a:t>‹#›</a:t></a:fld><a:endParaRPr kumimoji="1" lang="zh-CN" altLang="en-US"/></a:p></p:txBody></p:sp></p:spTree><p:extLst><p:ext uri="{BB962C8B-B14F-4D97-AF65-F5344CB8AC3E}"><p14:creationId xmlns:p14="http://schemas.microsoft.com/office/powerpoint/2010/main" val="1"/></p:ext></p:extLst></p:cSld><p:clrMap bg1="lt1" tx1="dk1" bg2="lt2" tx2="dk2" accent1="accent1" accent2="accent2" accent3="accent3" accent4="accent4" accent5="accent5" accent6="accent6" hlink="hlink" folHlink="folHlink"/></p:handoutMaster>