<?xml version="1.0" encoding="UTF-8" standalone="yes"?>
<p:presentation xmlns:a="http://schemas.openxmlformats.org/drawingml/2006/main" xmlns:r="http://schemas.openxmlformats.org/officeDocument/2006/relationships" xmlns:p="http://schemas.openxmlformats.org/presentationml/2006/main"><p:sldMasterIdLst><p:sldMasterId id="2147483648" r:id="rId1"/><p:sldMasterId id="2147483650" r:id="rId2"/><p:sldMasterId id="2147483652" r:id="rId3"/><p:sldMasterId id="2147483654" r:id="rId4"/><p:sldMasterId id="2147483656" r:id="rId5"/><p:sldMasterId id="2147483658" r:id="rId6"/><p:sldMasterId id="2147483676" r:id="rId7"/><p:sldMasterId id="2147483678" r:id="rId8"/><p:sldMasterId id="2147483680" r:id="rId9"/><p:sldMasterId id="2147483708" r:id="rId10"/><p:sldMasterId id="2147483723" r:id="rId11"/><p:sldMasterId id="2147483741" r:id="rId12"/><p:sldMasterId id="2147483755" r:id="rId13"/></p:sldMasterIdLst><p:notesMasterIdLst><p:notesMasterId r:id="rId108"/></p:notesMasterIdLst><p:handoutMasterIdLst><p:handoutMasterId r:id="rId109"/></p:handoutMasterIdLst><p:sldIdLst><p:sldId id="462" r:id="rId14"/><p:sldId id="508" r:id="rId15"/><p:sldId id="509" r:id="rId16"/><p:sldId id="510" r:id="rId17"/><p:sldId id="511" r:id="rId18"/><p:sldId id="512" r:id="rId19"/><p:sldId id="514" r:id="rId20"/><p:sldId id="515" r:id="rId21"/><p:sldId id="516" r:id="rId22"/><p:sldId id="517" r:id="rId23"/><p:sldId id="518" r:id="rId24"/><p:sldId id="519" r:id="rId25"/><p:sldId id="522" r:id="rId26"/><p:sldId id="523" r:id="rId27"/><p:sldId id="524" r:id="rId28"/><p:sldId id="525" r:id="rId29"/><p:sldId id="526" r:id="rId30"/><p:sldId id="527" r:id="rId31"/><p:sldId id="528" r:id="rId32"/><p:sldId id="529" r:id="rId33"/><p:sldId id="533" r:id="rId34"/><p:sldId id="530" r:id="rId35"/><p:sldId id="531" r:id="rId36"/><p:sldId id="532" r:id="rId37"/><p:sldId id="534" r:id="rId38"/><p:sldId id="535" r:id="rId39"/><p:sldId id="536" r:id="rId40"/><p:sldId id="537" r:id="rId41"/><p:sldId id="538" r:id="rId42"/><p:sldId id="540" r:id="rId43"/><p:sldId id="541" r:id="rId44"/><p:sldId id="542" r:id="rId45"/><p:sldId id="543" r:id="rId46"/><p:sldId id="551" r:id="rId47"/><p:sldId id="548" r:id="rId48"/><p:sldId id="549" r:id="rId49"/><p:sldId id="550" r:id="rId50"/><p:sldId id="552" r:id="rId51"/><p:sldId id="553" r:id="rId52"/><p:sldId id="557" r:id="rId53"/><p:sldId id="556" r:id="rId54"/><p:sldId id="558" r:id="rId55"/><p:sldId id="560" r:id="rId56"/><p:sldId id="561" r:id="rId57"/><p:sldId id="463" r:id="rId58"/><p:sldId id="464" r:id="rId59"/><p:sldId id="465" r:id="rId60"/><p:sldId id="466" r:id="rId61"/><p:sldId id="467" r:id="rId62"/><p:sldId id="468" r:id="rId63"/><p:sldId id="469" r:id="rId64"/><p:sldId id="470" r:id="rId65"/><p:sldId id="471" r:id="rId66"/><p:sldId id="472" r:id="rId67"/><p:sldId id="473" r:id="rId68"/><p:sldId id="474" r:id="rId69"/><p:sldId id="475" r:id="rId70"/><p:sldId id="476" r:id="rId71"/><p:sldId id="477" r:id="rId72"/><p:sldId id="478" r:id="rId73"/><p:sldId id="479" r:id="rId74"/><p:sldId id="480" r:id="rId75"/><p:sldId id="481" r:id="rId76"/><p:sldId id="482" r:id="rId77"/><p:sldId id="483" r:id="rId78"/><p:sldId id="484" r:id="rId79"/><p:sldId id="485" r:id="rId80"/><p:sldId id="486" r:id="rId81"/><p:sldId id="544" r:id="rId82"/><p:sldId id="487" r:id="rId83"/><p:sldId id="488" r:id="rId84"/><p:sldId id="489" r:id="rId85"/><p:sldId id="490" r:id="rId86"/><p:sldId id="491" r:id="rId87"/><p:sldId id="545" r:id="rId88"/><p:sldId id="495" r:id="rId89"/><p:sldId id="492" r:id="rId90"/><p:sldId id="493" r:id="rId91"/><p:sldId id="494" r:id="rId92"/><p:sldId id="496" r:id="rId93"/><p:sldId id="497" r:id="rId94"/><p:sldId id="498" r:id="rId95"/><p:sldId id="499" r:id="rId96"/><p:sldId id="500" r:id="rId97"/><p:sldId id="501" r:id="rId98"/><p:sldId id="546" r:id="rId99"/><p:sldId id="502" r:id="rId100"/><p:sldId id="503" r:id="rId101"/><p:sldId id="504" r:id="rId102"/><p:sldId id="505" r:id="rId103"/><p:sldId id="506" r:id="rId104"/><p:sldId id="507" r:id="rId105"/><p:sldId id="547" r:id="rId106"/><p:sldId id="264" r:id="rId107"/></p:sldIdLst><p:sldSz cx="12192000" cy="6858000"/><p:notesSz cx="6858000" cy="9144000"/><p:defaultTextStyle><a:defPPr><a:defRPr lang="zh-CN"/></a:defPPr><a:lvl1pPr marL="0" algn="l" defTabSz="914400" rtl="0" eaLnBrk="1" latinLnBrk="0" hangingPunct="1"><a:defRPr sz="1800" kern="1200"><a:solidFill><a:schemeClr val="tx1"/></a:solidFill><a:latin typeface="+mn-lt"/><a:ea typeface="+mn-ea"/><a:cs typeface="+mn-cs"/></a:defRPr></a:lvl1pPr><a:lvl2pPr marL="457200" algn="l" defTabSz="914400" rtl="0" eaLnBrk="1" latinLnBrk="0" hangingPunct="1"><a:defRPr sz="1800" kern="1200"><a:solidFill><a:schemeClr val="tx1"/></a:solidFill><a:latin typeface="+mn-lt"/><a:ea typeface="+mn-ea"/><a:cs typeface="+mn-cs"/></a:defRPr></a:lvl2pPr><a:lvl3pPr marL="914400" algn="l" defTabSz="914400" rtl="0" eaLnBrk="1" latinLnBrk="0" hangingPunct="1"><a:defRPr sz="1800" kern="1200"><a:solidFill><a:schemeClr val="tx1"/></a:solidFill><a:latin typeface="+mn-lt"/><a:ea typeface="+mn-ea"/><a:cs typeface="+mn-cs"/></a:defRPr></a:lvl3pPr><a:lvl4pPr marL="1371600" algn="l" defTabSz="914400" rtl="0" eaLnBrk="1" latinLnBrk="0" hangingPunct="1"><a:defRPr sz="1800" kern="1200"><a:solidFill><a:schemeClr val="tx1"/></a:solidFill><a:latin typeface="+mn-lt"/><a:ea typeface="+mn-ea"/><a:cs typeface="+mn-cs"/></a:defRPr></a:lvl4pPr><a:lvl5pPr marL="1828800" algn="l" defTabSz="914400" rtl="0" eaLnBrk="1" latinLnBrk="0" hangingPunct="1"><a:defRPr sz="1800" kern="1200"><a:solidFill><a:schemeClr val="tx1"/></a:solidFill><a:latin typeface="+mn-lt"/><a:ea typeface="+mn-ea"/><a:cs typeface="+mn-cs"/></a:defRPr></a:lvl5pPr><a:lvl6pPr marL="2286000" algn="l" defTabSz="914400" rtl="0" eaLnBrk="1" latinLnBrk="0" hangingPunct="1"><a:defRPr sz="1800" kern="1200"><a:solidFill><a:schemeClr val="tx1"/></a:solidFill><a:latin typeface="+mn-lt"/><a:ea typeface="+mn-ea"/><a:cs typeface="+mn-cs"/></a:defRPr></a:lvl6pPr><a:lvl7pPr marL="2743200" algn="l" defTabSz="914400" rtl="0" eaLnBrk="1" latinLnBrk="0" hangingPunct="1"><a:defRPr sz="1800" kern="1200"><a:solidFill><a:schemeClr val="tx1"/></a:solidFill><a:latin typeface="+mn-lt"/><a:ea typeface="+mn-ea"/><a:cs typeface="+mn-cs"/></a:defRPr></a:lvl7pPr><a:lvl8pPr marL="3200400" algn="l" defTabSz="914400" rtl="0" eaLnBrk="1" latinLnBrk="0" hangingPunct="1"><a:defRPr sz="1800" kern="1200"><a:solidFill><a:schemeClr val="tx1"/></a:solidFill><a:latin typeface="+mn-lt"/><a:ea typeface="+mn-ea"/><a:cs typeface="+mn-cs"/></a:defRPr></a:lvl8pPr><a:lvl9pPr marL="3657600" algn="l" defTabSz="914400" rtl="0" eaLnBrk="1" latinLnBrk="0" hangingPunct="1"><a:defRPr sz="1800" kern="1200"><a:solidFill><a:schemeClr val="tx1"/></a:solidFill><a:latin typeface="+mn-lt"/><a:ea typeface="+mn-ea"/><a:cs typeface="+mn-cs"/></a:defRPr></a:lvl9pPr></p:defaultTextStyle><p:extLst><p:ext uri="{521415D9-36F7-43E2-AB2F-B90AF26B5E84}"><p14:sectionLst xmlns:p14="http://schemas.microsoft.com/office/powerpoint/2010/main"><p14:section name="今日内容" id="{5D2503C1-5A49-48D8-B5EE-671ACA54F5B2}"><p14:sldIdLst><p14:sldId id="462"/><p14:sldId id="508"/><p14:sldId id="509"/><p14:sldId id="510"/><p14:sldId id="511"/><p14:sldId id="512"/><p14:sldId id="514"/><p14:sldId id="515"/><p14:sldId id="516"/><p14:sldId id="517"/><p14:sldId id="518"/><p14:sldId id="519"/><p14:sldId id="522"/><p14:sldId id="523"/><p14:sldId id="524"/><p14:sldId id="525"/><p14:sldId id="526"/><p14:sldId id="527"/><p14:sldId id="528"/><p14:sldId id="529"/><p14:sldId id="533"/><p14:sldId id="530"/><p14:sldId id="531"/><p14:sldId id="532"/><p14:sldId id="534"/><p14:sldId id="535"/><p14:sldId id="536"/><p14:sldId id="537"/><p14:sldId id="538"/><p14:sldId id="540"/><p14:sldId id="541"/><p14:sldId id="542"/><p14:sldId id="543"/><p14:sldId id="551"/><p14:sldId id="548"/><p14:sldId id="549"/><p14:sldId id="550"/><p14:sldId id="552"/><p14:sldId id="553"/><p14:sldId id="557"/><p14:sldId id="556"/><p14:sldId id="558"/><p14:sldId id="560"/><p14:sldId id="561"/></p14:sldIdLst></p14:section><p14:section name="容器与Bean" id="{3D11CF3D-7676-4843-B437-B8141DD2E76D}"><p14:sldIdLst><p14:sldId id="463"/><p14:sldId id="464"/><p14:sldId id="465"/><p14:sldId id="466"/><p14:sldId id="467"/><p14:sldId id="468"/><p14:sldId id="469"/><p14:sldId id="470"/></p14:sldIdLst></p14:section><p14:section name="AOP" id="{FE7DFF23-648E-4522-84C3-6A297A53D6E2}"><p14:sldIdLst><p14:sldId id="471"/><p14:sldId id="472"/><p14:sldId id="473"/><p14:sldId id="474"/><p14:sldId id="475"/><p14:sldId id="476"/><p14:sldId id="477"/><p14:sldId id="478"/><p14:sldId id="479"/><p14:sldId id="480"/><p14:sldId id="481"/></p14:sldIdLst></p14:section><p14:section name="WEB" id="{98F4D129-3DD4-4556-8E6A-19C7225D24D3}"><p14:sldIdLst><p14:sldId id="482"/><p14:sldId id="483"/><p14:sldId id="484"/><p14:sldId id="485"/><p14:sldId id="486"/><p14:sldId id="544"/><p14:sldId id="487"/><p14:sldId id="488"/><p14:sldId id="489"/><p14:sldId id="490"/><p14:sldId id="491"/><p14:sldId id="545"/><p14:sldId id="495"/><p14:sldId id="492"/><p14:sldId id="493"/><p14:sldId id="494"/><p14:sldId id="496"/></p14:sldIdLst></p14:section><p14:section name="Boot" id="{787D577E-F03F-4479-AE37-7265FBC70346}"><p14:sldIdLst><p14:sldId id="497"/><p14:sldId id="498"/><p14:sldId id="499"/><p14:sldId id="500"/><p14:sldId id="501"/><p14:sldId id="546"/></p14:sldIdLst></p14:section><p14:section name="其它" id="{B30FC41E-3648-4D99-A381-78BDC8205B0C}"><p14:sldIdLst><p14:sldId id="502"/><p14:sldId id="503"/><p14:sldId id="504"/><p14:sldId id="505"/><p14:sldId id="506"/><p14:sldId id="507"/><p14:sldId id="547"/><p14:sldId id="264"/></p14:sldIdLst></p14:section></p14:sectionLst></p:ext><p:ext uri="{EFAFB233-063F-42B5-8137-9DF3F51BA10A}"><p15:sldGuideLst xmlns:p15="http://schemas.microsoft.com/office/powerpoint/2012/main"/></p:ext><p:ext uri="{2D200454-40CA-4A62-9FC3-DE9A4176ACB9}"><p15:notesGuideLst xmlns:p15="http://schemas.microsoft.com/office/powerpoint/2012/main"/></p:ext></p:extLst></p:presentation>