<?xml version="1.0" encoding="UTF-8" standalone="yes"?>
<p:viewPr xmlns:a="http://schemas.openxmlformats.org/drawingml/2006/main" xmlns:r="http://schemas.openxmlformats.org/officeDocument/2006/relationships" xmlns:p="http://schemas.openxmlformats.org/presentationml/2006/main"><p:normalViewPr><p:restoredLeft sz="13323" autoAdjust="0"/><p:restoredTop sz="91405" autoAdjust="0"/></p:normalViewPr><p:slideViewPr><p:cSldViewPr snapToGrid="0"><p:cViewPr varScale="1"><p:scale><a:sx n="60" d="100"/><a:sy n="60" d="100"/></p:scale><p:origin x="972" y="52"/></p:cViewPr><p:guideLst/></p:cSldViewPr></p:slideViewPr><p:notesTextViewPr><p:cViewPr><p:scale><a:sx n="1" d="1"/><a:sy n="1" d="1"/></p:scale><p:origin x="0" y="0"/></p:cViewPr></p:notesTextViewPr><p:sorterViewPr><p:cViewPr><p:scale><a:sx n="100" d="100"/><a:sy n="100" d="100"/></p:scale><p:origin x="0" y="-188"/></p:cViewPr></p:sorterViewPr><p:notesViewPr><p:cSldViewPr snapToGrid="0"><p:cViewPr varScale="1"><p:scale><a:sx n="52" d="100"/><a:sy n="52" d="100"/></p:scale><p:origin x="2680" y="52"/></p:cViewPr><p:guideLst/></p:cSldViewPr></p:notesViewPr><p:gridSpacing cx="72008" cy="72008"/></p:viewPr>