<?xml version="1.0" encoding="UTF-8" standalone="yes"?>
<Properties xmlns="http://schemas.openxmlformats.org/officeDocument/2006/extended-properties" xmlns:vt="http://schemas.openxmlformats.org/officeDocument/2006/docPropsVTypes"><TotalTime>13916</TotalTime><Words>3952</Words><Application>Microsoft Office PowerPoint</Application><PresentationFormat>宽屏</PresentationFormat><Paragraphs>1325</Paragraphs><Slides>94</Slides><Notes>39</Notes><HiddenSlides>0</HiddenSlides><MMClips>0</MMClips><ScaleCrop>false</ScaleCrop><HeadingPairs><vt:vector size="6" baseType="variant"><vt:variant><vt:lpstr>已用的字体</vt:lpstr></vt:variant><vt:variant><vt:i4>13</vt:i4></vt:variant><vt:variant><vt:lpstr>主题</vt:lpstr></vt:variant><vt:variant><vt:i4>13</vt:i4></vt:variant><vt:variant><vt:lpstr>幻灯片标题</vt:lpstr></vt:variant><vt:variant><vt:i4>94</vt:i4></vt:variant></vt:vector></HeadingPairs><TitlesOfParts><vt:vector size="120" baseType="lpstr"><vt:lpstr>Alibaba PuHuiTi B</vt:lpstr><vt:lpstr>Alibaba PuHuiTi M</vt:lpstr><vt:lpstr>Alibaba PuHuiTi R</vt:lpstr><vt:lpstr>阿里巴巴普惠体</vt:lpstr><vt:lpstr>等线</vt:lpstr><vt:lpstr>黑体</vt:lpstr><vt:lpstr>Arial</vt:lpstr><vt:lpstr>Calibri</vt:lpstr><vt:lpstr>Consolas</vt:lpstr><vt:lpstr>Open Sans</vt:lpstr><vt:lpstr>Segoe UI</vt:lpstr><vt:lpstr>Verdana</vt:lpstr><vt:lpstr>Wingdings</vt:lpstr><vt:lpstr>封面2</vt:lpstr><vt:lpstr>目录</vt:lpstr><vt:lpstr>学习目标</vt:lpstr><vt:lpstr>章节页版式（一级+二级标题）</vt:lpstr><vt:lpstr>章节页版式（一级标题）</vt:lpstr><vt:lpstr>正文设计方案</vt:lpstr><vt:lpstr>5_结束页设计方案</vt:lpstr><vt:lpstr>1_章节页版式（一级标题）</vt:lpstr><vt:lpstr>1_正文设计方案</vt:lpstr><vt:lpstr>3_正文设计方案</vt:lpstr><vt:lpstr>4_正文设计方案</vt:lpstr><vt:lpstr>5_正文设计方案</vt:lpstr><vt:lpstr>6_正文设计方案</vt:lpstr><vt:lpstr>Spring高级50讲</vt:lpstr><vt:lpstr>源码该怎么读？</vt:lpstr><vt:lpstr>我的课程怎么讲？</vt:lpstr><vt:lpstr>面向人群、能收获什么？</vt:lpstr><vt:lpstr>讲哪些内容</vt:lpstr><vt:lpstr>讲哪些内容</vt:lpstr><vt:lpstr>讲哪些内容</vt:lpstr><vt:lpstr>讲哪些内容</vt:lpstr><vt:lpstr>讲哪些内容</vt:lpstr><vt:lpstr>讲哪些内容</vt:lpstr><vt:lpstr>讲哪些内容</vt:lpstr><vt:lpstr>讲哪些内容</vt:lpstr><vt:lpstr>讲哪些内容</vt:lpstr><vt:lpstr>讲哪些内容</vt:lpstr><vt:lpstr>讲哪些内容</vt:lpstr><vt:lpstr>讲哪些内容</vt:lpstr><vt:lpstr>讲哪些内容</vt:lpstr><vt:lpstr>讲哪些内容</vt:lpstr><vt:lpstr>讲哪些内容</vt:lpstr><vt:lpstr>讲哪些内容</vt:lpstr><vt:lpstr>讲哪些内容</vt:lpstr><vt:lpstr>讲哪些内容</vt:lpstr><vt:lpstr>讲哪些内容</vt:lpstr><vt:lpstr>讲哪些内容</vt:lpstr><vt:lpstr>讲哪些内容</vt:lpstr><vt:lpstr>讲哪些内容</vt:lpstr><vt:lpstr>讲哪些内容</vt:lpstr><vt:lpstr>讲哪些内容</vt:lpstr><vt:lpstr>讲哪些内容</vt:lpstr><vt:lpstr>讲哪些内容</vt:lpstr><vt:lpstr>讲哪些内容</vt:lpstr><vt:lpstr>讲哪些内容</vt:lpstr><vt:lpstr>讲哪些内容</vt:lpstr><vt:lpstr>讲哪些内容</vt:lpstr><vt:lpstr>讲哪些内容</vt:lpstr><vt:lpstr>讲哪些内容</vt:lpstr><vt:lpstr>讲哪些内容</vt:lpstr><vt:lpstr>讲哪些内容</vt:lpstr><vt:lpstr>讲哪些内容</vt:lpstr><vt:lpstr>讲哪些内容</vt:lpstr><vt:lpstr>讲哪些内容</vt:lpstr><vt:lpstr>PowerPoint 演示文稿</vt:lpstr><vt:lpstr>PowerPoint 演示文稿</vt:lpstr><vt:lpstr>PowerPoint 演示文稿</vt:lpstr><vt:lpstr>PowerPoint 演示文稿</vt:lpstr><vt:lpstr>PowerPoint 演示文稿</vt:lpstr><vt:lpstr>PowerPoint 演示文稿</vt:lpstr><vt:lpstr>PowerPoint 演示文稿</vt:lpstr><vt:lpstr>PowerPoint 演示文稿</vt:lpstr><vt:lpstr>PowerPoint 演示文稿</vt:lpstr><vt:lpstr>PowerPoint 演示文稿</vt:lpstr><vt:lpstr>PowerPoint 演示文稿</vt:lpstr><vt:lpstr>PowerPoint 演示文稿</vt:lpstr><vt:lpstr>PowerPoint 演示文稿</vt:lpstr><vt:lpstr>PowerPoint 演示文稿</vt:lpstr><vt:lpstr>PowerPoint 演示文稿</vt:lpstr><vt:lpstr>PowerPoint 演示文稿</vt:lpstr><vt:lpstr>PowerPoint 演示文稿</vt:lpstr><vt:lpstr>PowerPoint 演示文稿</vt:lpstr><vt:lpstr>PowerPoint 演示文稿</vt:lpstr><vt:lpstr>PowerPoint 演示文稿</vt:lpstr><vt:lpstr>PowerPoint 演示文稿</vt:lpstr><vt:lpstr>PowerPoint 演示文稿</vt:lpstr><vt:lpstr>PowerPoint 演示文稿</vt:lpstr><vt:lpstr>PowerPoint 演示文稿</vt:lpstr><vt:lpstr>PowerPoint 演示文稿</vt:lpstr><vt:lpstr>PowerPoint 演示文稿</vt:lpstr><vt:lpstr>PowerPoint 演示文稿</vt:lpstr><vt:lpstr>PowerPoint 演示文稿</vt:lpstr><vt:lpstr>PowerPoint 演示文稿</vt:lpstr><vt:lpstr>PowerPoint 演示文稿</vt:lpstr><vt:lpstr>PowerPoint 演示文稿</vt:lpstr><vt:lpstr>PowerPoint 演示文稿</vt:lpstr><vt:lpstr>PowerPoint 演示文稿</vt:lpstr><vt:lpstr>PowerPoint 演示文稿</vt:lpstr><vt:lpstr>PowerPoint 演示文稿</vt:lpstr><vt:lpstr>PowerPoint 演示文稿</vt:lpstr><vt:lpstr>PowerPoint 演示文稿</vt:lpstr><vt:lpstr>PowerPoint 演示文稿</vt:lpstr><vt:lpstr>PowerPoint 演示文稿</vt:lpstr><vt:lpstr>PowerPoint 演示文稿</vt:lpstr><vt:lpstr>PowerPoint 演示文稿</vt:lpstr><vt:lpstr>PowerPoint 演示文稿</vt:lpstr><vt:lpstr>PowerPoint 演示文稿</vt:lpstr><vt:lpstr>PowerPoint 演示文稿</vt:lpstr><vt:lpstr>PowerPoint 演示文稿</vt:lpstr><vt:lpstr>PowerPoint 演示文稿</vt:lpstr><vt:lpstr>PowerPoint 演示文稿</vt:lpstr><vt:lpstr>PowerPoint 演示文稿</vt:lpstr><vt:lpstr>PowerPoint 演示文稿</vt:lpstr><vt:lpstr>PowerPoint 演示文稿</vt:lpstr><vt:lpstr>PowerPoint 演示文稿</vt:lpstr><vt:lpstr>PowerPoint 演示文稿</vt:lpstr><vt:lpstr>PowerPoint 演示文稿</vt:lpstr></vt:vector></TitlesOfParts><LinksUpToDate>false</LinksUpToDate><SharedDoc>false</SharedDoc><HyperlinksChanged>false</HyperlinksChanged><AppVersion>16.0000</AppVersion></Properties>