<?xml version="1.0" encoding="UTF-8" standalone="yes"?>
<cp:coreProperties xmlns:cp="http://schemas.openxmlformats.org/package/2006/metadata/core-properties" xmlns:dc="http://purl.org/dc/elements/1.1/" xmlns:dcterms="http://purl.org/dc/terms/" xmlns:dcmitype="http://purl.org/dc/dcmitype/" xmlns:xsi="http://www.w3.org/2001/XMLSchema-instance"><dc:title>PowerPoint 演示文稿</dc:title><dc:creator>8802</dc:creator><cp:lastModifiedBy>满 一航</cp:lastModifiedBy><cp:revision>742</cp:revision><dcterms:created xsi:type="dcterms:W3CDTF">2020-03-31T02:23:00Z</dcterms:created><dcterms:modified xsi:type="dcterms:W3CDTF">2022-03-16T01:04:28Z</dcterms:modified></cp:coreProperties>