<?xml version="1.0" encoding="UTF-8" standalone="yes"?>
<p:sldMaster xmlns:a="http://schemas.openxmlformats.org/drawingml/2006/main" xmlns:r="http://schemas.openxmlformats.org/officeDocument/2006/relationships" xmlns:p="http://schemas.openxmlformats.org/presentationml/2006/main" preserve="1"><p:cSld><p:bg><p:bgPr><a:solidFill><a:schemeClr val="bg1"/></a:solidFill><a:effectLst/></p:bgPr></p:bg><p:spTree><p:nvGrpSpPr><p:cNvPr id="1" name=""/><p:cNvGrpSpPr/><p:nvPr/></p:nvGrpSpPr><p:grpSpPr><a:xfrm><a:off x="0" y="0"/><a:ext cx="0" cy="0"/><a:chOff x="0" y="0"/><a:chExt cx="0" cy="0"/></a:xfrm></p:grpSpPr><p:pic><p:nvPicPr><p:cNvPr id="4" name="图片 3"/><p:cNvPicPr><a:picLocks noChangeAspect="1"/></p:cNvPicPr><p:nvPr userDrawn="1"/></p:nvPicPr><p:blipFill><a:blip r:embed="rId3" cstate="print"><a:extLst><a:ext uri="{28A0092B-C50C-407E-A947-70E740481C1C}"><a14:useLocalDpi xmlns:a14="http://schemas.microsoft.com/office/drawing/2010/main" val="0"/></a:ext></a:extLst></a:blip><a:stretch><a:fillRect/></a:stretch></p:blipFill><p:spPr><a:xfrm><a:off x="4938713" y="2604635"/><a:ext cx="2314575" cy="955968"/></a:xfrm><a:prstGeom prst="rect"><a:avLst/></a:prstGeom></p:spPr></p:pic></p:spTree></p:cSld><p:clrMap bg1="lt1" tx1="dk1" bg2="lt2" tx2="dk2" accent1="accent1" accent2="accent2" accent3="accent3" accent4="accent4" accent5="accent5" accent6="accent6" hlink="hlink" folHlink="folHlink"/><p:sldLayoutIdLst><p:sldLayoutId id="2147483677" r:id="rId1"/></p:sldLayoutIdLst><p:txStyles><p:titleStyle><a:lvl1pPr algn="ctr" rtl="0" eaLnBrk="0" fontAlgn="base" hangingPunct="0"><a:spcBef><a:spcPct val="0"/></a:spcBef><a:spcAft><a:spcPct val="0"/></a:spcAft><a:defRPr sz="5865" kern="1200"><a:solidFill><a:schemeClr val="tx1"/></a:solidFill><a:latin typeface="+mj-lt"/><a:ea typeface="+mj-ea"/><a:cs typeface="+mj-cs"/></a:defRPr></a:lvl1pPr><a:lvl2pPr algn="ctr" rtl="0" eaLnBrk="0" fontAlgn="base" hangingPunct="0"><a:spcBef><a:spcPct val="0"/></a:spcBef><a:spcAft><a:spcPct val="0"/></a:spcAft><a:defRPr sz="5865"><a:solidFill><a:schemeClr val="tx1"/></a:solidFill><a:latin typeface="Calibri" panose="020F0502020204030204" pitchFamily="34" charset="0"/><a:ea typeface="黑体" panose="02010609060101010101" pitchFamily="49" charset="-122"/></a:defRPr></a:lvl2pPr><a:lvl3pPr algn="ctr" rtl="0" eaLnBrk="0" fontAlgn="base" hangingPunct="0"><a:spcBef><a:spcPct val="0"/></a:spcBef><a:spcAft><a:spcPct val="0"/></a:spcAft><a:defRPr sz="5865"><a:solidFill><a:schemeClr val="tx1"/></a:solidFill><a:latin typeface="Calibri" panose="020F0502020204030204" pitchFamily="34" charset="0"/><a:ea typeface="黑体" panose="02010609060101010101" pitchFamily="49" charset="-122"/></a:defRPr></a:lvl3pPr><a:lvl4pPr algn="ctr" rtl="0" eaLnBrk="0" fontAlgn="base" hangingPunct="0"><a:spcBef><a:spcPct val="0"/></a:spcBef><a:spcAft><a:spcPct val="0"/></a:spcAft><a:defRPr sz="5865"><a:solidFill><a:schemeClr val="tx1"/></a:solidFill><a:latin typeface="Calibri" panose="020F0502020204030204" pitchFamily="34" charset="0"/><a:ea typeface="黑体" panose="02010609060101010101" pitchFamily="49" charset="-122"/></a:defRPr></a:lvl4pPr><a:lvl5pPr algn="ctr" rtl="0" eaLnBrk="0" fontAlgn="base" hangingPunct="0"><a:spcBef><a:spcPct val="0"/></a:spcBef><a:spcAft><a:spcPct val="0"/></a:spcAft><a:defRPr sz="5865"><a:solidFill><a:schemeClr val="tx1"/></a:solidFill><a:latin typeface="Calibri" panose="020F0502020204030204" pitchFamily="34" charset="0"/><a:ea typeface="黑体" panose="02010609060101010101" pitchFamily="49" charset="-122"/></a:defRPr></a:lvl5pPr><a:lvl6pPr marL="609600" algn="ctr" rtl="0" fontAlgn="base"><a:spcBef><a:spcPct val="0"/></a:spcBef><a:spcAft><a:spcPct val="0"/></a:spcAft><a:defRPr sz="5865"><a:solidFill><a:schemeClr val="tx1"/></a:solidFill><a:latin typeface="Calibri" panose="020F0502020204030204" pitchFamily="34" charset="0"/><a:ea typeface="宋体" panose="02010600030101010101" pitchFamily="2" charset="-122"/></a:defRPr></a:lvl6pPr><a:lvl7pPr marL="1219200" algn="ctr" rtl="0" fontAlgn="base"><a:spcBef><a:spcPct val="0"/></a:spcBef><a:spcAft><a:spcPct val="0"/></a:spcAft><a:defRPr sz="5865"><a:solidFill><a:schemeClr val="tx1"/></a:solidFill><a:latin typeface="Calibri" panose="020F0502020204030204" pitchFamily="34" charset="0"/><a:ea typeface="宋体" panose="02010600030101010101" pitchFamily="2" charset="-122"/></a:defRPr></a:lvl7pPr><a:lvl8pPr marL="1828800" algn="ctr" rtl="0" fontAlgn="base"><a:spcBef><a:spcPct val="0"/></a:spcBef><a:spcAft><a:spcPct val="0"/></a:spcAft><a:defRPr sz="5865"><a:solidFill><a:schemeClr val="tx1"/></a:solidFill><a:latin typeface="Calibri" panose="020F0502020204030204" pitchFamily="34" charset="0"/><a:ea typeface="宋体" panose="02010600030101010101" pitchFamily="2" charset="-122"/></a:defRPr></a:lvl8pPr><a:lvl9pPr marL="2438400" algn="ctr" rtl="0" fontAlgn="base"><a:spcBef><a:spcPct val="0"/></a:spcBef><a:spcAft><a:spcPct val="0"/></a:spcAft><a:defRPr sz="5865"><a:solidFill><a:schemeClr val="tx1"/></a:solidFill><a:latin typeface="Calibri" panose="020F0502020204030204" pitchFamily="34" charset="0"/><a:ea typeface="宋体" panose="02010600030101010101" pitchFamily="2" charset="-122"/></a:defRPr></a:lvl9pPr></p:titleStyle><p:bodyStyle><a:lvl1pPr marL="457200" indent="-457200" algn="l" rtl="0" eaLnBrk="0" fontAlgn="base" hangingPunct="0"><a:spcBef><a:spcPct val="20000"/></a:spcBef><a:spcAft><a:spcPct val="0"/></a:spcAft><a:buFont typeface="Arial" panose="020B0604020202020204" pitchFamily="34" charset="0"/><a:buChar char="•"/><a:defRPr sz="4265" kern="1200"><a:solidFill><a:schemeClr val="tx1"/></a:solidFill><a:latin typeface="+mn-lt"/><a:ea typeface="+mn-ea"/><a:cs typeface="+mn-cs"/></a:defRPr></a:lvl1pPr><a:lvl2pPr marL="990600" indent="-381000" algn="l" rtl="0" eaLnBrk="0" fontAlgn="base" hangingPunct="0"><a:spcBef><a:spcPct val="20000"/></a:spcBef><a:spcAft><a:spcPct val="0"/></a:spcAft><a:buFont typeface="Arial" panose="020B0604020202020204" pitchFamily="34" charset="0"/><a:buChar char="–"/><a:defRPr sz="3735" kern="1200"><a:solidFill><a:schemeClr val="tx1"/></a:solidFill><a:latin typeface="+mn-lt"/><a:ea typeface="+mn-ea"/><a:cs typeface="+mn-cs"/></a:defRPr></a:lvl2pPr><a:lvl3pPr marL="1524000" indent="-304800" algn="l" rtl="0" eaLnBrk="0" fontAlgn="base" hangingPunct="0"><a:spcBef><a:spcPct val="20000"/></a:spcBef><a:spcAft><a:spcPct val="0"/></a:spcAft><a:buFont typeface="Arial" panose="020B0604020202020204" pitchFamily="34" charset="0"/><a:buChar char="•"/><a:defRPr sz="3200" kern="1200"><a:solidFill><a:schemeClr val="tx1"/></a:solidFill><a:latin typeface="+mn-lt"/><a:ea typeface="+mn-ea"/><a:cs typeface="+mn-cs"/></a:defRPr></a:lvl3pPr><a:lvl4pPr marL="2133600" indent="-304800" algn="l" rtl="0" eaLnBrk="0" fontAlgn="base" hangingPunct="0"><a:spcBef><a:spcPct val="20000"/></a:spcBef><a:spcAft><a:spcPct val="0"/></a:spcAft><a:buFont typeface="Arial" panose="020B0604020202020204" pitchFamily="34" charset="0"/><a:buChar char="–"/><a:defRPr sz="2665" kern="1200"><a:solidFill><a:schemeClr val="tx1"/></a:solidFill><a:latin typeface="+mn-lt"/><a:ea typeface="+mn-ea"/><a:cs typeface="+mn-cs"/></a:defRPr></a:lvl4pPr><a:lvl5pPr marL="2743200" indent="-304800" algn="l" rtl="0" eaLnBrk="0" fontAlgn="base" hangingPunct="0"><a:spcBef><a:spcPct val="20000"/></a:spcBef><a:spcAft><a:spcPct val="0"/></a:spcAft><a:buFont typeface="Arial" panose="020B0604020202020204" pitchFamily="34" charset="0"/><a:buChar char="»"/><a:defRPr sz="2665" kern="1200"><a:solidFill><a:schemeClr val="tx1"/></a:solidFill><a:latin typeface="+mn-lt"/><a:ea typeface="+mn-ea"/><a:cs typeface="+mn-cs"/></a:defRPr></a:lvl5pPr><a:lvl6pPr marL="3352800" indent="-304800" algn="l" defTabSz="1219200" rtl="0" eaLnBrk="1" latinLnBrk="0" hangingPunct="1"><a:spcBef><a:spcPct val="20000"/></a:spcBef><a:buFont typeface="Arial" panose="020B0604020202020204" pitchFamily="34" charset="0"/><a:buChar char="•"/><a:defRPr sz="2665" kern="1200"><a:solidFill><a:schemeClr val="tx1"/></a:solidFill><a:latin typeface="+mn-lt"/><a:ea typeface="+mn-ea"/><a:cs typeface="+mn-cs"/></a:defRPr></a:lvl6pPr><a:lvl7pPr marL="3962400" indent="-304800" algn="l" defTabSz="1219200" rtl="0" eaLnBrk="1" latinLnBrk="0" hangingPunct="1"><a:spcBef><a:spcPct val="20000"/></a:spcBef><a:buFont typeface="Arial" panose="020B0604020202020204" pitchFamily="34" charset="0"/><a:buChar char="•"/><a:defRPr sz="2665" kern="1200"><a:solidFill><a:schemeClr val="tx1"/></a:solidFill><a:latin typeface="+mn-lt"/><a:ea typeface="+mn-ea"/><a:cs typeface="+mn-cs"/></a:defRPr></a:lvl7pPr><a:lvl8pPr marL="4572000" indent="-304800" algn="l" defTabSz="1219200" rtl="0" eaLnBrk="1" latinLnBrk="0" hangingPunct="1"><a:spcBef><a:spcPct val="20000"/></a:spcBef><a:buFont typeface="Arial" panose="020B0604020202020204" pitchFamily="34" charset="0"/><a:buChar char="•"/><a:defRPr sz="2665" kern="1200"><a:solidFill><a:schemeClr val="tx1"/></a:solidFill><a:latin typeface="+mn-lt"/><a:ea typeface="+mn-ea"/><a:cs typeface="+mn-cs"/></a:defRPr></a:lvl8pPr><a:lvl9pPr marL="5181600" indent="-304800" algn="l" defTabSz="1219200" rtl="0" eaLnBrk="1" latinLnBrk="0" hangingPunct="1"><a:spcBef><a:spcPct val="20000"/></a:spcBef><a:buFont typeface="Arial" panose="020B0604020202020204" pitchFamily="34" charset="0"/><a:buChar char="•"/><a:defRPr sz="2665" kern="1200"><a:solidFill><a:schemeClr val="tx1"/></a:solidFill><a:latin typeface="+mn-lt"/><a:ea typeface="+mn-ea"/><a:cs typeface="+mn-cs"/></a:defRPr></a:lvl9pPr></p:bodyStyle><p:otherStyle><a:defPPr><a:defRPr lang="zh-CN"/></a:defPPr><a:lvl1pPr marL="0" algn="l" defTabSz="1219200" rtl="0" eaLnBrk="1" latinLnBrk="0" hangingPunct="1"><a:defRPr sz="2400" kern="1200"><a:solidFill><a:schemeClr val="tx1"/></a:solidFill><a:latin typeface="+mn-lt"/><a:ea typeface="+mn-ea"/><a:cs typeface="+mn-cs"/></a:defRPr></a:lvl1pPr><a:lvl2pPr marL="609600" algn="l" defTabSz="1219200" rtl="0" eaLnBrk="1" latinLnBrk="0" hangingPunct="1"><a:defRPr sz="2400" kern="1200"><a:solidFill><a:schemeClr val="tx1"/></a:solidFill><a:latin typeface="+mn-lt"/><a:ea typeface="+mn-ea"/><a:cs typeface="+mn-cs"/></a:defRPr></a:lvl2pPr><a:lvl3pPr marL="1219200" algn="l" defTabSz="1219200" rtl="0" eaLnBrk="1" latinLnBrk="0" hangingPunct="1"><a:defRPr sz="2400" kern="1200"><a:solidFill><a:schemeClr val="tx1"/></a:solidFill><a:latin typeface="+mn-lt"/><a:ea typeface="+mn-ea"/><a:cs typeface="+mn-cs"/></a:defRPr></a:lvl3pPr><a:lvl4pPr marL="1828800" algn="l" defTabSz="1219200" rtl="0" eaLnBrk="1" latinLnBrk="0" hangingPunct="1"><a:defRPr sz="2400" kern="1200"><a:solidFill><a:schemeClr val="tx1"/></a:solidFill><a:latin typeface="+mn-lt"/><a:ea typeface="+mn-ea"/><a:cs typeface="+mn-cs"/></a:defRPr></a:lvl4pPr><a:lvl5pPr marL="2438400" algn="l" defTabSz="1219200" rtl="0" eaLnBrk="1" latinLnBrk="0" hangingPunct="1"><a:defRPr sz="2400" kern="1200"><a:solidFill><a:schemeClr val="tx1"/></a:solidFill><a:latin typeface="+mn-lt"/><a:ea typeface="+mn-ea"/><a:cs typeface="+mn-cs"/></a:defRPr></a:lvl5pPr><a:lvl6pPr marL="3048000" algn="l" defTabSz="1219200" rtl="0" eaLnBrk="1" latinLnBrk="0" hangingPunct="1"><a:defRPr sz="2400" kern="1200"><a:solidFill><a:schemeClr val="tx1"/></a:solidFill><a:latin typeface="+mn-lt"/><a:ea typeface="+mn-ea"/><a:cs typeface="+mn-cs"/></a:defRPr></a:lvl6pPr><a:lvl7pPr marL="3657600" algn="l" defTabSz="1219200" rtl="0" eaLnBrk="1" latinLnBrk="0" hangingPunct="1"><a:defRPr sz="2400" kern="1200"><a:solidFill><a:schemeClr val="tx1"/></a:solidFill><a:latin typeface="+mn-lt"/><a:ea typeface="+mn-ea"/><a:cs typeface="+mn-cs"/></a:defRPr></a:lvl7pPr><a:lvl8pPr marL="4267200" algn="l" defTabSz="1219200" rtl="0" eaLnBrk="1" latinLnBrk="0" hangingPunct="1"><a:defRPr sz="2400" kern="1200"><a:solidFill><a:schemeClr val="tx1"/></a:solidFill><a:latin typeface="+mn-lt"/><a:ea typeface="+mn-ea"/><a:cs typeface="+mn-cs"/></a:defRPr></a:lvl8pPr><a:lvl9pPr marL="4876800" algn="l" defTabSz="1219200" rtl="0" eaLnBrk="1" latinLnBrk="0" hangingPunct="1"><a:defRPr sz="2400" kern="1200"><a:solidFill><a:schemeClr val="tx1"/></a:solidFill><a:latin typeface="+mn-lt"/><a:ea typeface="+mn-ea"/><a:cs typeface="+mn-cs"/></a:defRPr></a:lvl9pPr></p:otherStyle></p:txStyles></p:sldMaster>