<?xml version="1.0" encoding="UTF-8" standalone="yes"?>
<p:sldMaster xmlns:a="http://schemas.openxmlformats.org/drawingml/2006/main" xmlns:r="http://schemas.openxmlformats.org/officeDocument/2006/relationships" xmlns:p="http://schemas.openxmlformats.org/presentationml/2006/main" preserve="1"><p:cSld><p:bg><p:bgPr><a:solidFill><a:schemeClr val="bg1"/></a:solidFill><a:effectLst/></p:bgPr></p:bg><p:spTree><p:nvGrpSpPr><p:cNvPr id="1" name=""/><p:cNvGrpSpPr/><p:nvPr/></p:nvGrpSpPr><p:grpSpPr><a:xfrm><a:off x="0" y="0"/><a:ext cx="0" cy="0"/><a:chOff x="0" y="0"/><a:chExt cx="0" cy="0"/></a:xfrm></p:grpSpPr><p:sp><p:nvSpPr><p:cNvPr id="18" name="矩形 17"/><p:cNvSpPr/><p:nvPr userDrawn="1"/></p:nvSpPr><p:spPr bwMode="auto"><a:xfrm><a:off x="10890251" y="6786000"/><a:ext cx="1301749" cy="72000"/></a:xfrm><a:prstGeom prst="rect"><a:avLst/></a:prstGeom><a:solidFill><a:srgbClr val="49504F"/></a:solidFill><a:ln w="9525" cap="flat" cmpd="sng" algn="ctr"><a:noFill/><a:prstDash val="solid"/><a:round/><a:headEnd type="none" w="med" len="med"/><a:tailEnd type="none" w="med" len="med"/></a:ln><a:effectLst/></p:spPr><p:txBody><a:bodyPr/><a:lstStyle/><a:p><a:pPr><a:buFont typeface="Arial" panose="020B0604020202020204" pitchFamily="34" charset="0"/><a:buNone/><a:defRPr/></a:pPr><a:endParaRPr lang="zh-CN" altLang="en-US" sz="2400"><a:latin typeface="Segoe UI" panose="020B0502040204020203" pitchFamily="34" charset="0"/><a:ea typeface="微软雅黑" panose="020B0503020204020204" pitchFamily="34" charset="-122"/></a:endParaRPr></a:p></p:txBody></p:sp><p:sp><p:nvSpPr><p:cNvPr id="20" name="矩形 22"/><p:cNvSpPr><a:spLocks noChangeArrowheads="1"/></p:cNvSpPr><p:nvPr userDrawn="1"/></p:nvSpPr><p:spPr bwMode="auto"><a:xfrm><a:off x="1" y="6786000"/><a:ext cx="10818284" cy="72000"/></a:xfrm><a:prstGeom prst="rect"><a:avLst/></a:prstGeom><a:solidFill><a:srgbClr val="AD2B26"/></a:solidFill><a:ln><a:noFill/></a:ln></p:spPr><p:txBody><a:bodyPr/><a:lstStyle><a:lvl1pPr eaLnBrk="0" hangingPunct="0"><a:defRPr><a:solidFill><a:schemeClr val="tx1"/></a:solidFill><a:latin typeface="Calibri" panose="020F0502020204030204" pitchFamily="34" charset="0"/><a:ea typeface="宋体" panose="02010600030101010101" pitchFamily="2" charset="-122"/></a:defRPr></a:lvl1pPr><a:lvl2pPr marL="742950" indent="-285750" eaLnBrk="0" hangingPunct="0"><a:defRPr><a:solidFill><a:schemeClr val="tx1"/></a:solidFill><a:latin typeface="Calibri" panose="020F0502020204030204" pitchFamily="34" charset="0"/><a:ea typeface="宋体" panose="02010600030101010101" pitchFamily="2" charset="-122"/></a:defRPr></a:lvl2pPr><a:lvl3pPr marL="1143000" indent="-228600" eaLnBrk="0" hangingPunct="0"><a:defRPr><a:solidFill><a:schemeClr val="tx1"/></a:solidFill><a:latin typeface="Calibri" panose="020F0502020204030204" pitchFamily="34" charset="0"/><a:ea typeface="宋体" panose="02010600030101010101" pitchFamily="2" charset="-122"/></a:defRPr></a:lvl3pPr><a:lvl4pPr marL="1600200" indent="-228600" eaLnBrk="0" hangingPunct="0"><a:defRPr><a:solidFill><a:schemeClr val="tx1"/></a:solidFill><a:latin typeface="Calibri" panose="020F0502020204030204" pitchFamily="34" charset="0"/><a:ea typeface="宋体" panose="02010600030101010101" pitchFamily="2" charset="-122"/></a:defRPr></a:lvl4pPr><a:lvl5pPr marL="2057400" indent="-228600" eaLnBrk="0" hangingPunct="0"><a:defRPr><a:solidFill><a:schemeClr val="tx1"/></a:solidFill><a:latin typeface="Calibri" panose="020F0502020204030204" pitchFamily="34" charset="0"/><a:ea typeface="宋体" panose="02010600030101010101" pitchFamily="2" charset="-122"/></a:defRPr></a:lvl5pPr><a:lvl6pPr marL="2514600" indent="-228600" eaLnBrk="0" fontAlgn="base" hangingPunct="0"><a:spcBef><a:spcPct val="0"/></a:spcBef><a:spcAft><a:spcPct val="0"/></a:spcAft><a:defRPr><a:solidFill><a:schemeClr val="tx1"/></a:solidFill><a:latin typeface="Calibri" panose="020F0502020204030204" pitchFamily="34" charset="0"/><a:ea typeface="宋体" panose="02010600030101010101" pitchFamily="2" charset="-122"/></a:defRPr></a:lvl6pPr><a:lvl7pPr marL="2971800" indent="-228600" eaLnBrk="0" fontAlgn="base" hangingPunct="0"><a:spcBef><a:spcPct val="0"/></a:spcBef><a:spcAft><a:spcPct val="0"/></a:spcAft><a:defRPr><a:solidFill><a:schemeClr val="tx1"/></a:solidFill><a:latin typeface="Calibri" panose="020F0502020204030204" pitchFamily="34" charset="0"/><a:ea typeface="宋体" panose="02010600030101010101" pitchFamily="2" charset="-122"/></a:defRPr></a:lvl7pPr><a:lvl8pPr marL="3429000" indent="-228600" eaLnBrk="0" fontAlgn="base" hangingPunct="0"><a:spcBef><a:spcPct val="0"/></a:spcBef><a:spcAft><a:spcPct val="0"/></a:spcAft><a:defRPr><a:solidFill><a:schemeClr val="tx1"/></a:solidFill><a:latin typeface="Calibri" panose="020F0502020204030204" pitchFamily="34" charset="0"/><a:ea typeface="宋体" panose="02010600030101010101" pitchFamily="2" charset="-122"/></a:defRPr></a:lvl8pPr><a:lvl9pPr marL="3886200" indent="-228600" eaLnBrk="0" fontAlgn="base" hangingPunct="0"><a:spcBef><a:spcPct val="0"/></a:spcBef><a:spcAft><a:spcPct val="0"/></a:spcAft><a:defRPr><a:solidFill><a:schemeClr val="tx1"/></a:solidFill><a:latin typeface="Calibri" panose="020F0502020204030204" pitchFamily="34" charset="0"/><a:ea typeface="宋体" panose="02010600030101010101" pitchFamily="2" charset="-122"/></a:defRPr></a:lvl9pPr></a:lstStyle><a:p><a:pPr><a:buFont typeface="Arial" panose="020B0604020202020204" pitchFamily="34" charset="0"/><a:buNone/><a:defRPr/></a:pPr><a:endParaRPr lang="zh-CN" altLang="en-US" sz="2400"><a:latin typeface="Segoe UI" panose="020B0502040204020203" pitchFamily="34" charset="0"/><a:ea typeface="微软雅黑" panose="020B0503020204020204" pitchFamily="34" charset="-122"/></a:endParaRPr></a:p></p:txBody></p:sp><p:cxnSp><p:nvCxnSpPr><p:cNvPr id="11" name="直接连接符 22"/><p:cNvCxnSpPr/><p:nvPr userDrawn="1"/></p:nvCxnSpPr><p:spPr><a:xfrm flipH="1"><a:off x="323600" y="763880"/><a:ext cx="11544801" cy="0"/></a:xfrm><a:prstGeom prst="line"><a:avLst/></a:prstGeom><a:ln w="9525"><a:solidFill><a:srgbClr val="F2F2F2"/></a:solidFill></a:ln></p:spPr><p:style><a:lnRef idx="1"><a:schemeClr val="accent1"/></a:lnRef><a:fillRef idx="0"><a:schemeClr val="accent1"/></a:fillRef><a:effectRef idx="0"><a:schemeClr val="accent1"/></a:effectRef><a:fontRef idx="minor"><a:schemeClr val="tx1"/></a:fontRef></p:style></p:cxnSp><p:grpSp><p:nvGrpSpPr><p:cNvPr id="12" name="组合 11"/><p:cNvGrpSpPr/><p:nvPr userDrawn="1"/></p:nvGrpSpPr><p:grpSpPr><a:xfrm><a:off x="0" y="420997"/><a:ext cx="224590" cy="220464"/><a:chOff x="0" y="262878"/><a:chExt cx="224590" cy="506266"/></a:xfrm></p:grpSpPr><p:sp><p:nvSpPr><p:cNvPr id="13" name="矩形 12"/><p:cNvSpPr/><p:nvPr/></p:nvSpPr><p:spPr><a:xfrm><a:off x="0" y="262878"/><a:ext cx="224590" cy="506266"/></a:xfrm><a:prstGeom prst="rect"><a:avLst/></a:prstGeom><a:solidFill><a:srgbClr val="F2F2F2"/></a:solidFill><a:ln><a:noFill/></a:ln></p:spPr><p:style><a:lnRef idx="2"><a:schemeClr val="accent1"><a:shade val="50000"/></a:schemeClr></a:lnRef><a:fillRef idx="1"><a:schemeClr val="accent1"/></a:fillRef><a:effectRef idx="0"><a:schemeClr val="accent1"/></a:effectRef><a:fontRef idx="minor"><a:schemeClr val="lt1"/></a:fontRef></p:style><p:txBody><a:bodyPr rtlCol="0" anchor="ctr"/><a:lstStyle/><a:p><a:pPr algn="ctr"/><a:endParaRPr lang="zh-CN" altLang="en-US"/></a:p></p:txBody></p:sp><p:sp><p:nvSpPr><p:cNvPr id="14" name="矩形 13"/><p:cNvSpPr/><p:nvPr/></p:nvSpPr><p:spPr><a:xfrm><a:off x="142500" y="262878"/><a:ext cx="82090" cy="506266"/></a:xfrm><a:prstGeom prst="rect"><a:avLst/></a:prstGeom><a:solidFill><a:srgbClr val="AD2B26"/></a:solidFill><a:ln><a:noFill/></a:ln></p:spPr><p:style><a:lnRef idx="2"><a:schemeClr val="accent1"><a:shade val="50000"/></a:schemeClr></a:lnRef><a:fillRef idx="1"><a:schemeClr val="accent1"/></a:fillRef><a:effectRef idx="0"><a:schemeClr val="accent1"/></a:effectRef><a:fontRef idx="minor"><a:schemeClr val="lt1"/></a:fontRef></p:style><p:txBody><a:bodyPr rtlCol="0" anchor="ctr"/><a:lstStyle/><a:p><a:pPr algn="ctr"/><a:endParaRPr lang="zh-CN" altLang="en-US"/></a:p></p:txBody></p:sp></p:grpSp><p:pic><p:nvPicPr><p:cNvPr id="16" name="图片 15"/><p:cNvPicPr><a:picLocks noChangeAspect="1"/></p:cNvPicPr><p:nvPr userDrawn="1"/></p:nvPicPr><p:blipFill><a:blip r:embed="rId16" cstate="print"><a:extLst><a:ext uri="{28A0092B-C50C-407E-A947-70E740481C1C}"><a14:useLocalDpi xmlns:a14="http://schemas.microsoft.com/office/drawing/2010/main" val="0"/></a:ext></a:extLst></a:blip><a:stretch><a:fillRect/></a:stretch></p:blipFill><p:spPr><a:xfrm><a:off x="10634242" y="283220"/><a:ext cx="1225447" cy="358241"/></a:xfrm><a:prstGeom prst="rect"><a:avLst/></a:prstGeom></p:spPr></p:pic></p:spTree></p:cSld><p:clrMap bg1="lt1" tx1="dk1" bg2="lt2" tx2="dk2" accent1="accent1" accent2="accent2" accent3="accent3" accent4="accent4" accent5="accent5" accent6="accent6" hlink="hlink" folHlink="folHlink"/><p:sldLayoutIdLst><p:sldLayoutId id="2147483709" r:id="rId1"/><p:sldLayoutId id="2147483710" r:id="rId2"/><p:sldLayoutId id="2147483711" r:id="rId3"/><p:sldLayoutId id="2147483712" r:id="rId4"/><p:sldLayoutId id="2147483713" r:id="rId5"/><p:sldLayoutId id="2147483714" r:id="rId6"/><p:sldLayoutId id="2147483715" r:id="rId7"/><p:sldLayoutId id="2147483716" r:id="rId8"/><p:sldLayoutId id="2147483717" r:id="rId9"/><p:sldLayoutId id="2147483718" r:id="rId10"/><p:sldLayoutId id="2147483719" r:id="rId11"/><p:sldLayoutId id="2147483720" r:id="rId12"/><p:sldLayoutId id="2147483721" r:id="rId13"/><p:sldLayoutId id="2147483722" r:id="rId14"/></p:sldLayoutIdLst><p:txStyles><p:titleStyle><a:lvl1pPr algn="l" rtl="0" eaLnBrk="0" fontAlgn="base" hangingPunct="0"><a:spcBef><a:spcPct val="0"/></a:spcBef><a:spcAft><a:spcPct val="0"/></a:spcAft><a:defRPr sz="3200" b="1" kern="1200"><a:solidFill><a:schemeClr val="tx1"/></a:solidFill><a:latin typeface="黑体" panose="02010609060101010101" pitchFamily="49" charset="-122"/><a:ea typeface="黑体" panose="02010609060101010101" pitchFamily="49" charset="-122"/><a:cs typeface="+mj-cs"/></a:defRPr></a:lvl1pPr><a:lvl2pPr algn="l" rtl="0" eaLnBrk="0" fontAlgn="base" hangingPunct="0"><a:spcBef><a:spcPct val="0"/></a:spcBef><a:spcAft><a:spcPct val="0"/></a:spcAft><a:defRPr sz="3200" b="1"><a:solidFill><a:schemeClr val="tx1"/></a:solidFill><a:latin typeface="黑体" panose="02010609060101010101" pitchFamily="49" charset="-122"/><a:ea typeface="黑体" panose="02010609060101010101" pitchFamily="49" charset="-122"/></a:defRPr></a:lvl2pPr><a:lvl3pPr algn="l" rtl="0" eaLnBrk="0" fontAlgn="base" hangingPunct="0"><a:spcBef><a:spcPct val="0"/></a:spcBef><a:spcAft><a:spcPct val="0"/></a:spcAft><a:defRPr sz="3200" b="1"><a:solidFill><a:schemeClr val="tx1"/></a:solidFill><a:latin typeface="黑体" panose="02010609060101010101" pitchFamily="49" charset="-122"/><a:ea typeface="黑体" panose="02010609060101010101" pitchFamily="49" charset="-122"/></a:defRPr></a:lvl3pPr><a:lvl4pPr algn="l" rtl="0" eaLnBrk="0" fontAlgn="base" hangingPunct="0"><a:spcBef><a:spcPct val="0"/></a:spcBef><a:spcAft><a:spcPct val="0"/></a:spcAft><a:defRPr sz="3200" b="1"><a:solidFill><a:schemeClr val="tx1"/></a:solidFill><a:latin typeface="黑体" panose="02010609060101010101" pitchFamily="49" charset="-122"/><a:ea typeface="黑体" panose="02010609060101010101" pitchFamily="49" charset="-122"/></a:defRPr></a:lvl4pPr><a:lvl5pPr algn="l" rtl="0" eaLnBrk="0" fontAlgn="base" hangingPunct="0"><a:spcBef><a:spcPct val="0"/></a:spcBef><a:spcAft><a:spcPct val="0"/></a:spcAft><a:defRPr sz="3200" b="1"><a:solidFill><a:schemeClr val="tx1"/></a:solidFill><a:latin typeface="黑体" panose="02010609060101010101" pitchFamily="49" charset="-122"/><a:ea typeface="黑体" panose="02010609060101010101" pitchFamily="49" charset="-122"/></a:defRPr></a:lvl5pPr><a:lvl6pPr marL="609600" algn="l" rtl="0" fontAlgn="base"><a:spcBef><a:spcPct val="0"/></a:spcBef><a:spcAft><a:spcPct val="0"/></a:spcAft><a:defRPr sz="3200" b="1"><a:solidFill><a:schemeClr val="tx1"/></a:solidFill><a:latin typeface="黑体" panose="02010609060101010101" pitchFamily="49" charset="-122"/><a:ea typeface="黑体" panose="02010609060101010101" pitchFamily="49" charset="-122"/></a:defRPr></a:lvl6pPr><a:lvl7pPr marL="1219200" algn="l" rtl="0" fontAlgn="base"><a:spcBef><a:spcPct val="0"/></a:spcBef><a:spcAft><a:spcPct val="0"/></a:spcAft><a:defRPr sz="3200" b="1"><a:solidFill><a:schemeClr val="tx1"/></a:solidFill><a:latin typeface="黑体" panose="02010609060101010101" pitchFamily="49" charset="-122"/><a:ea typeface="黑体" panose="02010609060101010101" pitchFamily="49" charset="-122"/></a:defRPr></a:lvl7pPr><a:lvl8pPr marL="1828800" algn="l" rtl="0" fontAlgn="base"><a:spcBef><a:spcPct val="0"/></a:spcBef><a:spcAft><a:spcPct val="0"/></a:spcAft><a:defRPr sz="3200" b="1"><a:solidFill><a:schemeClr val="tx1"/></a:solidFill><a:latin typeface="黑体" panose="02010609060101010101" pitchFamily="49" charset="-122"/><a:ea typeface="黑体" panose="02010609060101010101" pitchFamily="49" charset="-122"/></a:defRPr></a:lvl8pPr><a:lvl9pPr marL="2438400" algn="l" rtl="0" fontAlgn="base"><a:spcBef><a:spcPct val="0"/></a:spcBef><a:spcAft><a:spcPct val="0"/></a:spcAft><a:defRPr sz="3200" b="1"><a:solidFill><a:schemeClr val="tx1"/></a:solidFill><a:latin typeface="黑体" panose="02010609060101010101" pitchFamily="49" charset="-122"/><a:ea typeface="黑体" panose="02010609060101010101" pitchFamily="49" charset="-122"/></a:defRPr></a:lvl9pPr></p:titleStyle><p:bodyStyle><a:lvl1pPr marL="457200" indent="-457200" algn="l" rtl="0" eaLnBrk="0" fontAlgn="base" hangingPunct="0"><a:spcBef><a:spcPct val="20000"/></a:spcBef><a:spcAft><a:spcPct val="0"/></a:spcAft><a:buFont typeface="Arial" panose="020B0604020202020204" pitchFamily="34" charset="0"/><a:buChar char="•"/><a:defRPr sz="4265" kern="1200"><a:solidFill><a:schemeClr val="tx1"/></a:solidFill><a:latin typeface="+mn-lt"/><a:ea typeface="+mn-ea"/><a:cs typeface="+mn-cs"/></a:defRPr></a:lvl1pPr><a:lvl2pPr marL="990600" indent="-381000" algn="l" rtl="0" eaLnBrk="0" fontAlgn="base" hangingPunct="0"><a:spcBef><a:spcPct val="20000"/></a:spcBef><a:spcAft><a:spcPct val="0"/></a:spcAft><a:buFont typeface="Arial" panose="020B0604020202020204" pitchFamily="34" charset="0"/><a:buChar char="–"/><a:defRPr b="1" kern="1200"><a:solidFill><a:schemeClr val="tx1"/></a:solidFill><a:latin typeface="黑体" panose="02010609060101010101" pitchFamily="49" charset="-122"/><a:ea typeface="黑体" panose="02010609060101010101" pitchFamily="49" charset="-122"/><a:cs typeface="+mn-cs"/></a:defRPr></a:lvl2pPr><a:lvl3pPr marL="1524000" indent="-304800" algn="l" rtl="0" eaLnBrk="0" fontAlgn="base" hangingPunct="0"><a:spcBef><a:spcPct val="20000"/></a:spcBef><a:spcAft><a:spcPct val="0"/></a:spcAft><a:buFont typeface="Arial" panose="020B0604020202020204" pitchFamily="34" charset="0"/><a:buChar char="•"/><a:defRPr sz="1865" b="1" kern="1200"><a:solidFill><a:schemeClr val="tx1"/></a:solidFill><a:latin typeface="黑体" panose="02010609060101010101" pitchFamily="49" charset="-122"/><a:ea typeface="黑体" panose="02010609060101010101" pitchFamily="49" charset="-122"/><a:cs typeface="+mn-cs"/></a:defRPr></a:lvl3pPr><a:lvl4pPr marL="2133600" indent="-304800" algn="l" rtl="0" eaLnBrk="0" fontAlgn="base" hangingPunct="0"><a:spcBef><a:spcPct val="20000"/></a:spcBef><a:spcAft><a:spcPct val="0"/></a:spcAft><a:buFont typeface="Arial" panose="020B0604020202020204" pitchFamily="34" charset="0"/><a:buChar char="–"/><a:defRPr sz="2665" kern="1200"><a:solidFill><a:schemeClr val="tx1"/></a:solidFill><a:latin typeface="+mn-lt"/><a:ea typeface="+mn-ea"/><a:cs typeface="+mn-cs"/></a:defRPr></a:lvl4pPr><a:lvl5pPr marL="2743200" indent="-304800" algn="l" rtl="0" eaLnBrk="0" fontAlgn="base" hangingPunct="0"><a:spcBef><a:spcPct val="20000"/></a:spcBef><a:spcAft><a:spcPct val="0"/></a:spcAft><a:buFont typeface="Arial" panose="020B0604020202020204" pitchFamily="34" charset="0"/><a:buChar char="»"/><a:defRPr sz="2665" kern="1200"><a:solidFill><a:schemeClr val="tx1"/></a:solidFill><a:latin typeface="+mn-lt"/><a:ea typeface="+mn-ea"/><a:cs typeface="+mn-cs"/></a:defRPr></a:lvl5pPr><a:lvl6pPr marL="3352800" indent="-304800" algn="l" defTabSz="1219200" rtl="0" eaLnBrk="1" latinLnBrk="0" hangingPunct="1"><a:spcBef><a:spcPct val="20000"/></a:spcBef><a:buFont typeface="Arial" panose="020B0604020202020204" pitchFamily="34" charset="0"/><a:buChar char="•"/><a:defRPr sz="2665" kern="1200"><a:solidFill><a:schemeClr val="tx1"/></a:solidFill><a:latin typeface="+mn-lt"/><a:ea typeface="+mn-ea"/><a:cs typeface="+mn-cs"/></a:defRPr></a:lvl6pPr><a:lvl7pPr marL="3962400" indent="-304800" algn="l" defTabSz="1219200" rtl="0" eaLnBrk="1" latinLnBrk="0" hangingPunct="1"><a:spcBef><a:spcPct val="20000"/></a:spcBef><a:buFont typeface="Arial" panose="020B0604020202020204" pitchFamily="34" charset="0"/><a:buChar char="•"/><a:defRPr sz="2665" kern="1200"><a:solidFill><a:schemeClr val="tx1"/></a:solidFill><a:latin typeface="+mn-lt"/><a:ea typeface="+mn-ea"/><a:cs typeface="+mn-cs"/></a:defRPr></a:lvl7pPr><a:lvl8pPr marL="4572000" indent="-304800" algn="l" defTabSz="1219200" rtl="0" eaLnBrk="1" latinLnBrk="0" hangingPunct="1"><a:spcBef><a:spcPct val="20000"/></a:spcBef><a:buFont typeface="Arial" panose="020B0604020202020204" pitchFamily="34" charset="0"/><a:buChar char="•"/><a:defRPr sz="2665" kern="1200"><a:solidFill><a:schemeClr val="tx1"/></a:solidFill><a:latin typeface="+mn-lt"/><a:ea typeface="+mn-ea"/><a:cs typeface="+mn-cs"/></a:defRPr></a:lvl8pPr><a:lvl9pPr marL="5181600" indent="-304800" algn="l" defTabSz="1219200" rtl="0" eaLnBrk="1" latinLnBrk="0" hangingPunct="1"><a:spcBef><a:spcPct val="20000"/></a:spcBef><a:buFont typeface="Arial" panose="020B0604020202020204" pitchFamily="34" charset="0"/><a:buChar char="•"/><a:defRPr sz="2665" kern="1200"><a:solidFill><a:schemeClr val="tx1"/></a:solidFill><a:latin typeface="+mn-lt"/><a:ea typeface="+mn-ea"/><a:cs typeface="+mn-cs"/></a:defRPr></a:lvl9pPr></p:bodyStyle><p:otherStyle><a:defPPr><a:defRPr lang="zh-CN"/></a:defPPr><a:lvl1pPr marL="0" algn="l" defTabSz="1219200" rtl="0" eaLnBrk="1" latinLnBrk="0" hangingPunct="1"><a:defRPr sz="2400" kern="1200"><a:solidFill><a:schemeClr val="tx1"/></a:solidFill><a:latin typeface="+mn-lt"/><a:ea typeface="+mn-ea"/><a:cs typeface="+mn-cs"/></a:defRPr></a:lvl1pPr><a:lvl2pPr marL="609600" algn="l" defTabSz="1219200" rtl="0" eaLnBrk="1" latinLnBrk="0" hangingPunct="1"><a:defRPr sz="2400" kern="1200"><a:solidFill><a:schemeClr val="tx1"/></a:solidFill><a:latin typeface="+mn-lt"/><a:ea typeface="+mn-ea"/><a:cs typeface="+mn-cs"/></a:defRPr></a:lvl2pPr><a:lvl3pPr marL="1219200" algn="l" defTabSz="1219200" rtl="0" eaLnBrk="1" latinLnBrk="0" hangingPunct="1"><a:defRPr sz="2400" kern="1200"><a:solidFill><a:schemeClr val="tx1"/></a:solidFill><a:latin typeface="+mn-lt"/><a:ea typeface="+mn-ea"/><a:cs typeface="+mn-cs"/></a:defRPr></a:lvl3pPr><a:lvl4pPr marL="1828800" algn="l" defTabSz="1219200" rtl="0" eaLnBrk="1" latinLnBrk="0" hangingPunct="1"><a:defRPr sz="2400" kern="1200"><a:solidFill><a:schemeClr val="tx1"/></a:solidFill><a:latin typeface="+mn-lt"/><a:ea typeface="+mn-ea"/><a:cs typeface="+mn-cs"/></a:defRPr></a:lvl4pPr><a:lvl5pPr marL="2438400" algn="l" defTabSz="1219200" rtl="0" eaLnBrk="1" latinLnBrk="0" hangingPunct="1"><a:defRPr sz="2400" kern="1200"><a:solidFill><a:schemeClr val="tx1"/></a:solidFill><a:latin typeface="+mn-lt"/><a:ea typeface="+mn-ea"/><a:cs typeface="+mn-cs"/></a:defRPr></a:lvl5pPr><a:lvl6pPr marL="3048000" algn="l" defTabSz="1219200" rtl="0" eaLnBrk="1" latinLnBrk="0" hangingPunct="1"><a:defRPr sz="2400" kern="1200"><a:solidFill><a:schemeClr val="tx1"/></a:solidFill><a:latin typeface="+mn-lt"/><a:ea typeface="+mn-ea"/><a:cs typeface="+mn-cs"/></a:defRPr></a:lvl6pPr><a:lvl7pPr marL="3657600" algn="l" defTabSz="1219200" rtl="0" eaLnBrk="1" latinLnBrk="0" hangingPunct="1"><a:defRPr sz="2400" kern="1200"><a:solidFill><a:schemeClr val="tx1"/></a:solidFill><a:latin typeface="+mn-lt"/><a:ea typeface="+mn-ea"/><a:cs typeface="+mn-cs"/></a:defRPr></a:lvl7pPr><a:lvl8pPr marL="4267200" algn="l" defTabSz="1219200" rtl="0" eaLnBrk="1" latinLnBrk="0" hangingPunct="1"><a:defRPr sz="2400" kern="1200"><a:solidFill><a:schemeClr val="tx1"/></a:solidFill><a:latin typeface="+mn-lt"/><a:ea typeface="+mn-ea"/><a:cs typeface="+mn-cs"/></a:defRPr></a:lvl8pPr><a:lvl9pPr marL="4876800" algn="l" defTabSz="1219200" rtl="0" eaLnBrk="1" latinLnBrk="0" hangingPunct="1"><a:defRPr sz="2400" kern="1200"><a:solidFill><a:schemeClr val="tx1"/></a:solidFill><a:latin typeface="+mn-lt"/><a:ea typeface="+mn-ea"/><a:cs typeface="+mn-cs"/></a:defRPr></a:lvl9pPr></p:otherStyle></p:txStyles></p:sldMaster>